{"type": "FeatureCollection", "features": [{"type": "Feature", "geometry": {"type": "MultiPolygon", "coordinates": [[[[9.24005589350187, 51.45942206716382], [9.240141545642903, 51.460758701779405], [9.241905101540004, 51.46063986232598], [9.241784469041356, 51.45928695090337], [9.240101712966212, 51.459389463196274], [9.24005589350187, 51.45942206716382]]]]}, "properties": {"jahr": 2026, "schlag_id": 293, "name_sl": "Höhe", "ha_calc": 1.8437, "betrieb_name": "Uwe Rüddenklau", "frucht_kurz": "WG", "inaktiv": 0}}, {"type": "Feature", "geometry": {"type": "MultiPolygon", "coordinates": [[[[9.229351080692254, 51.46205230493611], [9.230080870959675, 51.461892399951225], [9.23017591540943, 51.463038303604776], [9.232028151445045, 51.46284015136991], [9.232237760414504, 51.460335598168676], [9.229858622779238, 51.46053901524713], [9.229656114887128, 51.461221530314255], [9.229351080692254, 51.46205230493611]]]]}, "properties": {"jahr": 2026, "schlag_id": 60, "name_sl": "Kalkhecke", "ha_calc": 4.4291, "betrieb_name": "Uwe Rüddenklau", "frucht_kurz": "WR", "inaktiv": 0}}, {"type": "Feature", "geometry": {"type": "MultiPolygon", "coordinates": [[[[9.272184658003432, 51.47088699226423], [9.273785409907925, 51.47124395264962], [9.273986616701798, 51.470989198121764], [9.274278625366811, 51.47015882359791], [9.27431647104662, 51.469840334826664], [9.274302889888565, 51.46946258651455], [9.272571951827766, 51.46939245848033], [9.27129902686712, 51.46931064747011], [9.27092785990474, 51.46966118281992], [9.271540075702204, 51.46990347649681], [9.272526370209185, 51.470282647026686], [9.272184658003432, 51.47088699226423]]]]}, "properties": {"jahr": 2026, "schlag_id": 154, "name_sl": "Ziegenberg", "ha_calc": 2.9882, "betrieb_name": "Uwe Rüddenklau", "frucht_kurz": "WW", "inaktiv": 0}}, {"type": "Feature", "geometry": {"type": "MultiPolygon", "coordinates": [[[[9.25700200676325, 51.498882722275724], [9.258283524717834, 51.498863772732264], [9.259316914972535, 51.498832457195626], [9.259564171981665, 51.4983507235448], [9.259772812568482, 51.49839249393263], [9.25957517506307, 51.498809305766805], [9.260538001213234, 51.49874454156137], [9.261270888877458, 51.49712179940935], [9.260907682378201, 51.497078919064315], [9.260768852321755, 51.497442734690885], [9.260505142021747, 51.497413031285966], [9.260654178276004, 51.497054616091894], [9.259807949123726, 51.49703474175718], [9.25857755510416, 51.49694715217584], [9.257943168161407, 51.49687773909521], [9.25700200676325, 51.498882722275724]]]]}, "properties": {"jahr": 2026, "schlag_id": 74, "name_sl": "Banger", "ha_calc": 4.7233, "betrieb_name": "Joachim Wetekam", "frucht_kurz": "WW", "inaktiv": 0}}, {"type": "Feature", "geometry": {"type": "MultiPolygon", "coordinates": [[[[9.237788114414846, 51.45956861044762], [9.237949503116187, 51.460915303238025], [9.238790154221217, 51.46085458009131], [9.238606401261118, 51.459508504804425], [9.237788114414846, 51.45956861044762]]]]}, "properties": {"jahr": 2026, "schlag_id": 32, "name_sl": "Höhe I", "ha_calc": 0.8709, "betrieb_name": "Uwe Rüddenklau", "frucht_kurz": "SM", "inaktiv": 0}}, {"type": "Feature", "geometry": {"type": "MultiPolygon", "coordinates": [[[[9.248089881526605, 51.49790042899513], [9.248856464808737, 51.49792430904817], [9.249123766456949, 51.49634003296145], [9.24901249010672, 51.49631634678403], [9.248927989850088, 51.49628303430337], [9.24884408550087, 51.49624635802278], [9.248605261412413, 51.49618731730551], [9.248489973364155, 51.496185081044814], [9.248379038865016, 51.49625230861894], [9.248089881526605, 51.49790042899513]]]]}, "properties": {"jahr": 2026, "schlag_id": 233, "name_sl": "Kruckenberg (Apf", "ha_calc": 0.985, "betrieb_name": "Joachim Wetekam", "frucht_kurz": "WW", "inaktiv": 0}}, {"type": "Feature", "geometry": {"type": "MultiPolygon", "coordinates": [[[[9.230315633416666, 51.499715797053135], [9.230802081066098, 51.499797838124664], [9.231175810715673, 51.49989410034555], [9.231483933154234, 51.499948318847125], [9.23182960456799, 51.50000914041953], [9.231965077404476, 51.49992808728553], [9.23222847245198, 51.4997704814588], [9.232093175230563, 51.49980707939693], [9.231974652062556, 51.499837297742296], [9.231856601431707, 51.49985278472927], [9.231707650267253, 51.49986915002686], [9.231676894563865, 51.49986703836115], [9.231566254091875, 51.499873974906016], [9.23155967019159, 51.49987438777475], [9.231544157397801, 51.499873474119916], [9.231504744307138, 51.49987115296962], [9.231442497146903, 51.499865034765065], [9.23142970840929, 51.49986377776973], [9.23142711234524, 51.499863274302], [9.231335868110996, 51.499845573819364], [9.231233477111315, 51.49982340523082], [9.231179003247213, 51.499811611279725], [9.231037494005978, 51.49978371452528], [9.2307143463565, 51.49973412359006], [9.230540796659803, 51.49970749228853], [9.230315633416666, 51.499715797053135]]]]}, "properties": {"jahr": 2026, "schlag_id": 171, "name_sl": "zz70409808", "ha_calc": 0.1033, "betrieb_name": "Desenberg GbR", "frucht_kurz": "Br", "inaktiv": 0}}, {"type": "Feature", "geometry": {"type": "MultiPolygon", "coordinates": [[[[9.245702232474194, 51.46183856441325], [9.245762808138485, 51.461956867557426], [9.246604542093772, 51.46311120585984], [9.246769898793923, 51.463059411752745], [9.247054529170574, 51.46285277822608], [9.247536350710448, 51.462436346933636], [9.248120217444741, 51.46222252682343], [9.24853832928517, 51.46210560304489], [9.248015166979632, 51.46127566791599], [9.246681865131256, 51.46159096041424], [9.245702232474194, 51.46183856441325]]]]}, "properties": {"jahr": 2026, "schlag_id": 168, "name_sl": "Grundweg", "ha_calc": 2.0576, "betrieb_name": "Uwe Rüddenklau", "frucht_kurz": "WG", "inaktiv": 0}}, {"type": "Feature", "geometry": {"type": "MultiPolygon", "coordinates": [[[[9.221251269600469, 51.50120525771433], [9.221354611827476, 51.501196961646045], [9.222305587074468, 51.50103243430869], [9.222743973501101, 51.50094957666664], [9.22291117451905, 51.500896339188046], [9.223819043385843, 51.50058899755552], [9.224030619665518, 51.50050789078623], [9.224168122098865, 51.500450739145826], [9.224235855534886, 51.50043076466741], [9.22429514253885, 51.50041742130364], [9.224453324899402, 51.50041095531867], [9.225025954599674, 51.50037419693385], [9.225340038949918, 51.50035571739915], [9.225475430273573, 51.50033577833785], [9.225629628817531, 51.50027597775427], [9.225757788004533, 51.50021190691049], [9.22587974658397, 51.500173553493056], [9.225999916689819, 51.50015783551935], [9.226102628641343, 51.500152863870824], [9.22611841766551, 51.500109651603836], [9.225993233171524, 51.50010404692667], [9.225982187117848, 51.50010503247008], [9.22586201714464, 51.50012075042543], [9.225840851378338, 51.50012537371324], [9.225718892894589, 51.500163727090104], [9.225703748721541, 51.50016979946487], [9.225579620879262, 51.50023185495593], [9.225441818591117, 51.50028529668834], [9.22532599062349, 51.50030235466848], [9.225017842255205, 51.500320484917665], [9.225017110591871, 51.50032052988135], [9.224446076115747, 51.50035718590088], [9.224289493484244, 51.50036358653708], [9.224265820418637, 51.50036667002488], [9.224206533471865, 51.500380013373736], [9.224198927985581, 51.50038198541228], [9.22413119460561, 51.50040195986936], [9.224120209617599, 51.50040583502106], [9.223984027761704, 51.500462437783355], [9.223775785279278, 51.50054226658799], [9.222870920529212, 51.50084859102764], [9.222711550427407, 51.50089933515933], [9.222281511361365, 51.50098061509106], [9.221810913779919, 51.501062033783995], [9.22177990734484, 51.501072957759014], [9.221740158017237, 51.50107427518364], [9.221337465854825, 51.501143943496835], [9.22124024196144, 51.501151748489264], [9.221251269600469, 51.50120525771433]]]]}, "properties": {"jahr": 2026, "schlag_id": 130, "name_sl": "z - 190-00", "ha_calc": 0.2172, "betrieb_name": "Desenberg GbR", "frucht_kurz": "Br", "inaktiv": 0}}, {"type": "Feature", "geometry": {"type": "MultiPolygon", "coordinates": [[[[9.22124024196144, 51.501151748489264], [9.221337465854825, 51.501143943496835], [9.221740158017237, 51.50107427518364], [9.22177990734484, 51.501072957759014], [9.221810913779919, 51.501062033783995], [9.22218840412414, 51.50099672384911], [9.222281511361365, 51.50098061509106], [9.222711550427407, 51.50089933515933], [9.222870920529212, 51.50084859102764], [9.22321086618112, 51.50073351027801], [9.223898554212989, 51.50049520375472], [9.223984027761704, 51.500462437783355], [9.224120209617599, 51.50040583502106], [9.22413119460561, 51.50040195986936], [9.224198927985581, 51.50038198541228], [9.224206533471865, 51.500380013373736], [9.224265820418637, 51.50036667002488], [9.224289493484244, 51.50036358653708], [9.224392230609821, 51.500359387008686], [9.224802538106303, 51.50033430418242], [9.225017110591871, 51.50032052988135], [9.225017842255205, 51.500320484917665], [9.225303270505416, 51.50030369143466], [9.225441818591117, 51.50028529668834], [9.225604647662127, 51.500219343167196], [9.225703748721541, 51.50016979946487], [9.225718892894589, 51.500163727090104], [9.225840851378338, 51.50012537371324], [9.22586201714464, 51.50012075042543], [9.225982187117848, 51.50010503247008], [9.225993233171524, 51.50010404692667], [9.2260133740569, 51.50010494879742], [9.22611841766551, 51.500109651603836], [9.226132296863241, 51.50007166409789], [9.226148100519932, 51.50002841057869], [9.226176089259075, 51.499951807003704], [9.226177116096629, 51.49994899657307], [9.22605553146767, 51.49994269049058], [9.226049810193066, 51.49994227356724], [9.22603682961319, 51.499941052713744], [9.225339331742289, 51.49987545121692], [9.225275503889023, 51.499869447887264], [9.224858667748668, 51.49983148223618], [9.22485538398946, 51.499831142751496], [9.224718083644198, 51.49981524593919], [9.224717157747339, 51.49981513557313], [9.224509902894548, 51.49978967664325], [9.22449769101941, 51.4997875865479], [9.224421704776098, 51.49977075922322], [9.224417651128329, 51.49976978930934], [9.224375272625474, 51.49975888012621], [9.224302006178108, 51.49974002108068], [9.224128941777597, 51.49969547341396], [9.223675324415073, 51.49961137449251], [9.223675323393373, 51.49961137440446], [9.223630012866755, 51.499602973354236], [9.223625463126755, 51.49960204350886], [9.223509491754859, 51.4995761005725], [9.223327391783574, 51.499535364243044], [9.222901203163646, 51.499443308638696], [9.222729662991444, 51.49940670985365], [9.222559084297592, 51.49940409659849], [9.222454310690656, 51.4994024912243], [9.222447870466095, 51.49940224225899], [9.222252738899812, 51.49939011928136], [9.222242805888682, 51.49938913514322], [9.222090087150713, 51.49936825642019], [9.222080497984479, 51.499366578887134], [9.221976525207204, 51.49934428479713], [9.221974504620265, 51.499343833941204], [9.221940513136639, 51.49933595126629], [9.221821715503555, 51.499308402000196], [9.221820652893191, 51.49930815065985], [9.221523287036158, 51.49923639982783], [9.22135998736795, 51.499202308427044], [9.221323488928265, 51.49919468869497], [9.220907474470046, 51.49911390858383], [9.220900780952705, 51.49911241792047], [9.220755259276817, 51.49907573313349], [9.220742373555336, 51.49907853955628], [9.220458605215414, 51.49914034439035], [9.220446452087787, 51.49914238566352], [9.220359507514097, 51.49915282272827], [9.220294541935917, 51.49916062131842], [9.220285456231894, 51.499161402753344], [9.220194641861573, 51.4991661666133], [9.2199566231498, 51.4992009204202], [9.219954441601294, 51.49920122043145], [9.219869913598924, 51.4992121326613], [9.219860763900044, 51.49921299806329], [9.219839592365151, 51.499214281818475], [9.219727666683259, 51.499221068395435], [9.21972038374901, 51.499221317029175], [9.219554361453918, 51.49922260559959], [9.219548550084516, 51.499222528637915], [9.219471304358752, 51.499219882577286], [9.21926071667454, 51.4992126686547], [9.219260989337299, 51.499209568004694], [9.219236592023522, 51.499208371431166], [9.21922245690197, 51.499232649434376], [9.219089500789018, 51.49922183749679], [9.218952091450769, 51.49920619496158], [9.218736468163673, 51.49917882418651], [9.218607567966963, 51.49916311857827], [9.218283414480094, 51.49967758796908], [9.218241794037825, 51.49974300920632], [9.21808099061684, 51.49987741902915], [9.21747223924338, 51.500242405053896], [9.216685429034516, 51.500689976827935], [9.216594103925477, 51.50083970670935], [9.21658094887701, 51.5009837289395], [9.216707485110424, 51.501184917116106], [9.21843040832302, 51.50083571061317], [9.220810353026414, 51.50035652595648], [9.220813643687372, 51.50036252357205], [9.220825926395808, 51.50036004839706], [9.221141986422424, 51.50095837661128], [9.22124024196144, 51.501151748489264]]]]}, "properties": {"jahr": 2026, "schlag_id": 248, "name_sl": "41", "ha_calc": 8.0822, "betrieb_name": "Desenberg GbR", "frucht_kurz": "EE", "inaktiv": 0}}, {"type": "Feature", "geometry": {"type": "MultiPolygon", "coordinates": [[[[9.305722200493225, 51.49266098037442], [9.307104093862264, 51.49298264692619], [9.308025458615518, 51.4931858163088], [9.308848414190999, 51.49332381659702], [9.309450871253006, 51.49339201391047], [9.309898205597648, 51.493412303800895], [9.310451350090364, 51.49354712688885], [9.310516888801102, 51.49326528008773], [9.310422353438573, 51.49292528431407], [9.310321394552217, 51.49275721820058], [9.309226694741639, 51.492136177150506], [9.308453331576063, 51.49165578830405], [9.308219716660629, 51.49155602658874], [9.307976545208689, 51.49140905316358], [9.307769923473415, 51.49119078683589], [9.307075994340456, 51.49057198745654], [9.306257778123431, 51.491736224244875], [9.305722200493225, 51.49266098037442]]]]}, "properties": {"jahr": 2026, "schlag_id": 36, "name_sl": "Wahmberg II", "ha_calc": 5.1351, "betrieb_name": "Armin Pöppler", "frucht_kurz": "SM", "inaktiv": 0}}, {"type": "Feature", "geometry": {"type": "MultiPolygon", "coordinates": [[[[9.218585710782083, 51.474303846240836], [9.218583934424604, 51.47430708800309], [9.218535066765568, 51.47438397705806], [9.218338915414554, 51.474584573187535], [9.218266158862773, 51.47465897925368], [9.218510639327556, 51.47465670613693], [9.224076582803004, 51.47394004163699], [9.22876318502594, 51.473336377740175], [9.228217337384285, 51.47317355907203], [9.227719522003197, 51.473027978053906], [9.22683514377757, 51.47278071692683], [9.226658258027104, 51.4727290578602], [9.226526932111438, 51.47270567519531], [9.226415753565446, 51.47267437433431], [9.226284395217869, 51.47264468804663], [9.226216214153082, 51.47263378875931], [9.226100090248837, 51.472622983036004], [9.226019362012472, 51.472626290349595], [9.225865569386839, 51.47265180114849], [9.225787443462629, 51.472670861361394], [9.225691660416521, 51.47269153212864], [9.225724928175156, 51.47274011916364], [9.225773345971925, 51.47277517668724], [9.225813673233295, 51.472800206416515], [9.225829904180166, 51.472830304366305], [9.225851519571739, 51.47289271791961], [9.225788196429889, 51.47290756194702], [9.225079700090625, 51.47307363802971], [9.224897581741853, 51.4729124464841], [9.222271262240366, 51.47353009806189], [9.222287613498027, 51.473585304756604], [9.22229594823529, 51.473645547486996], [9.222319207176879, 51.473720664250024], [9.222306088956525, 51.47372373887987], [9.222003846101847, 51.47379457639598], [9.221881664326204, 51.473823211849336], [9.221621787584978, 51.47390794820172], [9.221492939513436, 51.47386801964876], [9.221396230113449, 51.47382300841237], [9.221412018252648, 51.4737627199476], [9.221427856553127, 51.47371247478012], [9.221524102305088, 51.473662076414094], [9.221605706799123, 51.47363724653577], [9.223234683119887, 51.47322696906257], [9.225563767361805, 51.472670128148856], [9.22569658862488, 51.47259590720785], [9.225723958949681, 51.47254427927676], [9.225747966495033, 51.47246633862743], [9.225731227923522, 51.47238859707335], [9.225449187647927, 51.47226360227811], [9.225152600287595, 51.47215616177382], [9.224748998051384, 51.4719835884263], [9.224170839616617, 51.47172977076942], [9.223391016175572, 51.47141515399821], [9.22279096799383, 51.47113418027745], [9.221897598141865, 51.47132625414823], [9.221665781700976, 51.47139130270034], [9.221488092959481, 51.471501528064124], [9.221029752241202, 51.471575996884596], [9.220556159293645, 51.47155649693332], [9.220142745215462, 51.47160146280041], [9.218930248544812, 51.471848468660305], [9.218772628107551, 51.47189295138473], [9.218685809542865, 51.47194749769891], [9.218713396601654, 51.47202562443318], [9.218778951588908, 51.47207648637477], [9.218943221734165, 51.47228352014233], [9.218992612850306, 51.47236840284327], [9.21899864349411, 51.4724907566865], [9.218978566197348, 51.472595319675435], [9.21897915753238, 51.472966656382], [9.218930728499748, 51.47308231352953], [9.21889312027457, 51.47318435487331], [9.21885575511614, 51.47333738031572], [9.2187276914566, 51.473871266292484], [9.218672951255142, 51.47404668495574], [9.218672579594244, 51.47404879808087], [9.218659015713117, 51.474188246110906], [9.218658997886251, 51.47418843040197], [9.218585710782083, 51.474303846240836]]]]}, "properties": {"jahr": 2026, "schlag_id": 332, "name_sl": "Stubbig", "ha_calc": 14.5526, "betrieb_name": "Desenberg GbR", "frucht_kurz": "WR", "inaktiv": 0}}, {"type": "Feature", "geometry": {"type": "MultiPolygon", "coordinates": [[[[9.346673012327289, 51.477839008714305], [9.348092350168908, 51.477850940548194], [9.348098321184615, 51.47527453531497], [9.346681579036696, 51.47524364937107], [9.346673012327289, 51.477839008714305]]]]}, "properties": {"jahr": 2026, "schlag_id": 327, "name_sl": "Katzenäcker", "ha_calc": 2.8323, "betrieb_name": "Joachim Wetekam", "frucht_kurz": "WR", "inaktiv": 0}}, {"type": "Feature", "geometry": {"type": "MultiPolygon", "coordinates": [[[[9.254156164206268, 51.4880629364038], [9.25479977113115, 51.4880140939685], [9.255263348119673, 51.48800021717483], [9.255679666105667, 51.488025242952034], [9.25635644272214, 51.48812921978072], [9.257016536236504, 51.48651148102623], [9.256661882477752, 51.4865335932114], [9.256268499723822, 51.48657988951778], [9.25618997225819, 51.48662357450782], [9.256025027486015, 51.48671063250106], [9.255827159387986, 51.486732849600884], [9.255587822185515, 51.486757181326276], [9.255257622820075, 51.48683565840015], [9.254962251368214, 51.486934198316135], [9.254588348194723, 51.4870721421914], [9.254156164206268, 51.4880629364038]]]]}, "properties": {"jahr": 2026, "schlag_id": 235, "name_sl": "Auf dem Breiten", "ha_calc": 2.2379, "betrieb_name": "Joachim Wetekam", "frucht_kurz": "WW", "inaktiv": 0}}, {"type": "Feature", "geometry": {"type": "MultiPolygon", "coordinates": [[[[9.257008212450499, 51.49497730136082], [9.257114015067508, 51.4949525721978], [9.257252977094318, 51.494953207793905], [9.259051019245314, 51.49507492375459], [9.259968245201472, 51.493571173906325], [9.25979996276341, 51.49352200858747], [9.259830395763487, 51.49349071574949], [9.259157140584918, 51.493304122112754], [9.25882711700456, 51.493232458668935], [9.25860418228749, 51.49317041023056], [9.258344533810094, 51.493103694732184], [9.258181281366767, 51.49333043015704], [9.258075710532482, 51.49349044353449], [9.25792059299669, 51.493613298722565], [9.257818157893555, 51.49368353298891], [9.257761358429354, 51.49376334871033], [9.257614743596493, 51.49400089419252], [9.257544118872339, 51.49408134847949], [9.25739558084628, 51.49407142313467], [9.257008212450499, 51.49497730136082]]]]}, "properties": {"jahr": 2026, "schlag_id": 331, "name_sl": "Banger III", "ha_calc": 2.7608, "betrieb_name": "Joachim Wetekam", "frucht_kurz": "WW", "inaktiv": 0}}, {"type": "Feature", "geometry": {"type": "MultiPolygon", "coordinates": [[[[9.260637954284393, 51.49700880990114], [9.26133345898592, 51.497064671086854], [9.26231455840213, 51.497134852151376], [9.263198017825758, 51.49544247571299], [9.26138097473928, 51.49529276722568], [9.260999325409735, 51.49617101107193], [9.260637954284393, 51.49700880990114]]]]}, "properties": {"jahr": 2026, "schlag_id": 114, "name_sl": "Banger II", "ha_calc": 2.3881, "betrieb_name": "Joachim Wetekam", "frucht_kurz": "WW", "inaktiv": 0}}, {"type": "Feature", "geometry": {"type": "MultiPolygon", "coordinates": [[[[9.245123266325743, 51.49674786507474], [9.248210201343822, 51.49682655355354], [9.248344125050592, 51.49615515783812], [9.248281077625595, 51.496050611893665], [9.248016428280996, 51.49586540609382], [9.24769022072902, 51.495646872569225], [9.245450313688037, 51.495340054395555], [9.245123266325743, 51.49674786507474]]]]}, "properties": {"jahr": 2026, "schlag_id": 179, "name_sl": "Krukenberg", "ha_calc": 2.8567, "betrieb_name": "Joachim Wetekam", "frucht_kurz": "WW", "inaktiv": 0}}, {"type": "Feature", "geometry": {"type": "MultiPolygon", "coordinates": [[[[9.307951097306157, 51.496792070589834], [9.308842913971747, 51.497174403523665], [9.312384886678315, 51.49627473895187], [9.311634558826777, 51.49598547921622], [9.31116660142627, 51.49578888732126], [9.310654853432064, 51.4956253825888], [9.310240212756392, 51.49550008655645], [9.309993182731544, 51.495423804493534], [9.309851463056157, 51.49529778397781], [9.309815463963362, 51.49518247444661], [9.309919988825728, 51.49501733370603], [9.3100772977716, 51.494846557581624], [9.309395312173525, 51.4942438607256], [9.309246620049402, 51.494387135845244], [9.309097852506813, 51.49451942003475], [9.308896262131178, 51.49465184344375], [9.308791920432173, 51.49484446013585], [9.308323839452509, 51.495928301119335], [9.307951097306157, 51.496792070589834]]]]}, "properties": {"jahr": 2026, "schlag_id": 42, "name_sl": "vor dem Lindenberg", "ha_calc": 4.4468, "betrieb_name": "Armin Pöppler", "frucht_kurz": "SM", "inaktiv": 0}}, {"type": "Feature", "geometry": {"type": "MultiPolygon", "coordinates": [[[[9.307969875845222, 51.49957272630597], [9.308128581643581, 51.49960528142238], [9.308278074373677, 51.499577410491305], [9.308513270644877, 51.4992030993092], [9.30867093398327, 51.499081783453164], [9.309223680686586, 51.49879456042598], [9.30923166530794, 51.498673639118074], [9.309090086603527, 51.498569599229945], [9.308612751359838, 51.49829059001116], [9.308320906930266, 51.498099017836694], [9.308320423916653, 51.498027578066306], [9.307603938360524, 51.49753487127305], [9.30747357948972, 51.49778800516953], [9.307334674117762, 51.49807962960205], [9.307186592410938, 51.49831632329193], [9.30705571096752, 51.49849252155805], [9.306907071698944, 51.498646784377215], [9.306696948027385, 51.49882318997464], [9.307969875845222, 51.49957272630597]]]]}, "properties": {"jahr": 2026, "schlag_id": 196, "name_sl": "alte Warte", "ha_calc": 1.9956, "betrieb_name": "Armin Pöppler", "frucht_kurz": "SM", "inaktiv": 0}}, {"type": "Feature", "geometry": {"type": "MultiPolygon", "coordinates": [[[[9.246049328374312, 51.48470959718028], [9.246608781586284, 51.48504660823864], [9.246687747734633, 51.485086617731355], [9.246947343532405, 51.485199140695435], [9.247258435228396, 51.48533069825563], [9.248442204758925, 51.48537258368185], [9.248598117452756, 51.48537810382765], [9.248717966763845, 51.4853823438643], [9.24970295240983, 51.485417186426766], [9.249704955406576, 51.485283257763015], [9.249699183258047, 51.48517577353976], [9.249698921987559, 51.48477844186208], [9.249698807714001, 51.4846065658542], [9.249700027582332, 51.48454877026282], [9.248894782978834, 51.48460544739174], [9.248268796575536, 51.484593763411574], [9.247639731010096, 51.484618994673], [9.247430500217327, 51.48460855394744], [9.24723300862883, 51.48462348602511], [9.247000771597026, 51.48466025368703], [9.246814937546159, 51.4846787867889], [9.246402418709653, 51.48468691833113], [9.246049328374312, 51.48470959718028]]]]}, "properties": {"jahr": 2026, "schlag_id": 16, "name_sl": "unterm Wald Wiese", "ha_calc": 1.8124, "betrieb_name": "Sebastian Ide-Knorr", "frucht_kurz": "GL", "inaktiv": 0}}, {"type": "Feature", "geometry": {"type": "MultiPolygon", "coordinates": [[[[9.266947285899528, 51.48913132310272], [9.267170295727672, 51.489444736017525], [9.267483718569101, 51.489844144146886], [9.267394972487521, 51.48987689414849], [9.26748654806273, 51.489996619252594], [9.26758708596682, 51.490126358306625], [9.267632599194384, 51.49025208716978], [9.267684728152195, 51.49040063105665], [9.267749400726652, 51.490527576954705], [9.267801243718674, 51.49069665865209], [9.26789090628062, 51.49098906277982], [9.26799722139786, 51.49139094979981], [9.268068051172449, 51.49165854411418], [9.268089363242213, 51.49175508060903], [9.26810458796166, 51.49182402061021], [9.268127479441992, 51.4919198999971], [9.269129656874394, 51.49145816987779], [9.269460649279244, 51.49129337229698], [9.269168358884832, 51.49117092831978], [9.268683907426718, 51.491005003150775], [9.269460241806396, 51.49054540727329], [9.269437211965501, 51.49050942828942], [9.269372686443212, 51.49036979314826], [9.269316941189201, 51.490268265985755], [9.269280161965701, 51.4901586946042], [9.269231450174498, 51.490126539067745], [9.268723299180957, 51.489872803911545], [9.268635174264505, 51.489822222891156], [9.26855609022174, 51.489766228657686], [9.268457468828894, 51.48974323352489], [9.267436847830513, 51.489215338474146], [9.26700870598771, 51.48898389563139], [9.266947285899528, 51.48913132310272]]]]}, "properties": {"jahr": 2026, "schlag_id": 228, "name_sl": "Insel Wiese", "ha_calc": 2.3666, "betrieb_name": "Sebastian Ide-Knorr", "frucht_kurz": "GL", "inaktiv": 0}}, {"type": "Feature", "geometry": {"type": "MultiPolygon", "coordinates": [[[[9.240055096906532, 51.48661240510938], [9.239963771746549, 51.486712172281514], [9.239436754694678, 51.48728787376727], [9.239311108596825, 51.48742402271999], [9.238997555622198, 51.48776379567431], [9.238518387301742, 51.488279435221564], [9.23839995467654, 51.488405708479185], [9.23803460204087, 51.48879526190401], [9.238183596570794, 51.488819496200996], [9.23849919483218, 51.488876377261796], [9.23866613079707, 51.488889968404514], [9.239262959924641, 51.48892892608039], [9.239669396928331, 51.488956406603904], [9.23978107260298, 51.48883512540001], [9.239976406948914, 51.488622981966984], [9.240258189134503, 51.48831695021988], [9.240539649722836, 51.48801616761476], [9.24066074182237, 51.487884997121746], [9.240832952235504, 51.48769845314681], [9.241045686741609, 51.487468017214276], [9.241384373185785, 51.48709553286843], [9.240580548191508, 51.48681238153155], [9.240055096906532, 51.48661240510938]]]]}, "properties": {"jahr": 2026, "schlag_id": 105, "name_sl": "Hulle", "ha_calc": 2.7904, "betrieb_name": "Sebastian Ide-Knorr", "frucht_kurz": "WW", "inaktiv": 0}}, {"type": "Feature", "geometry": {"type": "MultiPolygon", "coordinates": [[[[9.287804744910483, 51.49678850720055], [9.288266826510455, 51.49703811486038], [9.28867577319598, 51.49671037652453], [9.28888027089245, 51.49680763072537], [9.288892791022926, 51.49686329239555], [9.288919228523042, 51.49691215296785], [9.288962228337981, 51.49699766701757], [9.288936992081268, 51.497138391092335], [9.288836845044722, 51.4973119172774], [9.289623344999326, 51.49772992031417], [9.289964149692107, 51.497908471153586], [9.290571568152052, 51.49738508916761], [9.28966608617806, 51.49659335131015], [9.289512270553237, 51.49643221150465], [9.2893678227664, 51.49632775165196], [9.28926848181926, 51.496249032770876], [9.289164822363436, 51.49623185397541], [9.288930079471331, 51.496236477338435], [9.288705412712718, 51.49611554698285], [9.287804744910483, 51.49678850720055]]]]}, "properties": {"jahr": 2026, "schlag_id": 155, "name_sl": "Lace Weg Cra", "ha_calc": 1.615, "betrieb_name": "Armin Pöppler", "frucht_kurz": "ZR", "inaktiv": 0}}, {"type": "Feature", "geometry": {"type": "MultiPolygon", "coordinates": [[[[9.293688736437696, 51.498128718745555], [9.29672647139729, 51.50027054071386], [9.29672647139729, 51.50027054071386], [9.296827370084463, 51.50028601280607], [9.297181455712295, 51.50048433472645], [9.297281910656794, 51.50043165320262], [9.297138158767744, 51.50028522423496], [9.296960604263685, 51.50010742499876], [9.29674013177921, 51.499788182946766], [9.29655353333887, 51.49951079579064], [9.296290217455319, 51.49906059532127], [9.295906729689355, 51.498212257154876], [9.295345583564886, 51.497165145553325], [9.295303316347272, 51.497123311042394], [9.295227520665645, 51.497092046384275], [9.295177227824261, 51.49710790116909], [9.2950764384866, 51.497108155315935], [9.294615368011597, 51.49724562560348], [9.294573541662976, 51.49727194410649], [9.294481794382671, 51.497371785238435], [9.294356788415184, 51.49752413639453], [9.294181826015295, 51.49774476736811], [9.294073379869888, 51.497860378075494], [9.293948100836179, 51.49797078831251], [9.293814219218271, 51.498049764143545], [9.293688736437696, 51.498128718745555]]]]}, "properties": {"jahr": 2026, "schlag_id": 227, "name_sl": "Ostheimer Weg", "ha_calc": 3.0536, "betrieb_name": "Armin Pöppler", "frucht_kurz": "WR", "inaktiv": 0}}, {"type": "Feature", "geometry": {"type": "MultiPolygon", "coordinates": [[[[9.218266158865815, 51.47465897925498], [9.218195189553564, 51.47473155553837], [9.218043439373098, 51.47488680382639], [9.218034201105345, 51.47489624965232], [9.217756778209493, 51.475212880902156], [9.21775530412116, 51.475214766492], [9.217539193998459, 51.47554072347471], [9.217502023168482, 51.47559672875568], [9.217502017722198, 51.47559679348041], [9.217436290278751, 51.47595333565726], [9.217436334803352, 51.47595391980468], [9.21746147081966, 51.4762994136856], [9.217477632960112, 51.47630480979046], [9.21881292931526, 51.47603286121998], [9.219847771389498, 51.47586438632605], [9.221852312106641, 51.47559008685318], [9.222977705916515, 51.47544664500345], [9.22390216801501, 51.47533620057686], [9.224274551215887, 51.475291710173494], [9.22428028068024, 51.47529102563699], [9.224360508511856, 51.47528144026413], [9.226406414017216, 51.4750062954124], [9.227537024107527, 51.4748595138485], [9.229466884564092, 51.47459942936812], [9.23059750791088, 51.474459190395464], [9.231717633826852, 51.474325533461126], [9.231748611792652, 51.474277132875294], [9.231705937955997, 51.474184967306506], [9.230680964276289, 51.473890475271034], [9.230411492317737, 51.47380864030671], [9.229645452633127, 51.473595994969386], [9.228884662541466, 51.47337674505367], [9.228763185033307, 51.473336377518514], [9.22407658253258, 51.4739400414969], [9.224076582566763, 51.473940041667596], [9.223760414987924, 51.47398075871942], [9.223757901519322, 51.473981082408635], [9.223529458592012, 51.47401050142472], [9.218510639330374, 51.47465670613498], [9.218266158865815, 51.47465897925498]]]]}, "properties": {"jahr": 2026, "schlag_id": 302, "name_sl": "34 Morgen", "ha_calc": 13.5369, "betrieb_name": "Desenberg GbR", "frucht_kurz": "EE", "inaktiv": 0}}, {"type": "Feature", "geometry": {"type": "MultiPolygon", "coordinates": [[[[9.279859295110281, 51.50402384790406], [9.28206638798143, 51.5050313490664], [9.28206638798143, 51.5050313490664], [9.28189051293989, 51.50535087403089], [9.28277766854282, 51.50579530218657], [9.283312044164909, 51.50525552655544], [9.28337862375799, 51.50512529693033], [9.283465391204176, 51.50477823762844], [9.283374742514395, 51.50450097778167], [9.283217747756598, 51.50427937429761], [9.2827714988203, 51.504016847908844], [9.28256884373884, 51.50360111827121], [9.28234943195235, 51.50328341360535], [9.282010989997074, 51.50315155976179], [9.281471708322169, 51.50289532239355], [9.280810423246097, 51.50324462734204], [9.280412072127579, 51.50353693583947], [9.280079213894792, 51.50363485067843], [9.279702744690278, 51.503871608496425], [9.279859295110281, 51.50402384790406]]]]}, "properties": {"jahr": 2026, "schlag_id": 222, "name_sl": "Eselspfad 2", "ha_calc": 3.9946, "betrieb_name": "Joachim Wetekam", "frucht_kurz": "WW", "inaktiv": 0}}, {"type": "Feature", "geometry": {"type": "MultiPolygon", "coordinates": [[[[9.242072399764224, 51.49768606722821], [9.242142814946952, 51.49769750254005], [9.242346679281997, 51.497684662371945], [9.242918180998322, 51.49759033833642], [9.243532762827476, 51.49757236495859], [9.2440650924088, 51.49758958684723], [9.244169760069179, 51.49759297268674], [9.244744686480008, 51.49766266247165], [9.244494921278015, 51.497590157898586], [9.244400034737621, 51.49751895088391], [9.244776839970575, 51.49756069669021], [9.244922609141295, 51.49757684528866], [9.245014024846185, 51.49715330718859], [9.245013465872676, 51.49715326578627], [9.24503806221243, 51.497039305843096], [9.245047830169247, 51.49699667932337], [9.245047848792527, 51.49699659369441], [9.24510601329906, 51.496719636513866], [9.245107001349611, 51.496719678459044], [9.245109642880031, 51.496707743072626], [9.245131988178638, 51.49660675772036], [9.24514584669899, 51.496542544321734], [9.245265235925444, 51.49600516922151], [9.245265820922466, 51.49600229546667], [9.245265874233631, 51.49600230156516], [9.245266953950331, 51.49599743858472], [9.245311655074303, 51.49579502274273], [9.245400548049648, 51.49539370558407], [9.245413853560454, 51.49533362701246], [9.245414468143917, 51.49533411199668], [9.245490640191568, 51.49499262218699], [9.247557027725074, 51.4953217265353], [9.247565764230488, 51.495283894123524], [9.247595942911417, 51.49525828588395], [9.248088501086322, 51.49528828829339], [9.248182680183877, 51.49522910120822], [9.248196721509634, 51.49506763183352], [9.248161128416651, 51.49492489569923], [9.247980457638857, 51.49462723655243], [9.24773665117291, 51.494609125202636], [9.247432707681043, 51.494507316345675], [9.247268765419674, 51.49454181432715], [9.247239278708626, 51.49460707297588], [9.247304237513557, 51.49466281858294], [9.247488446071415, 51.49469657945663], [9.247717280624466, 51.49470540947073], [9.247673024588043, 51.494798641018], [9.247538855993968, 51.49482065739162], [9.247320574176387, 51.49492357124816], [9.247122084155093, 51.495007815057214], [9.246953015028424, 51.49501438108292], [9.246699108786592, 51.494968347515666], [9.246390208564991, 51.49486965174479], [9.246185569834424, 51.49473658439939], [9.24595594803807, 51.49458183687103], [9.245855439014397, 51.49438956261408], [9.245696101182167, 51.494355746089], [9.245442684671005, 51.494399742936494], [9.243865175597946, 51.49423539359839], [9.242412063743368, 51.4940800789371], [9.242408622889796, 51.49407935983858], [9.241985532083332, 51.4976708300182], [9.242072399764224, 51.49768606722821]]]]}, "properties": {"jahr": 2026, "schlag_id": 84, "name_sl": "Jungvieweide", "ha_calc": 8.9086, "betrieb_name": "Sebastian Ide-Knorr", "frucht_kurz": "GL", "inaktiv": 0}}, {"type": "Feature", "geometry": {"type": "MultiPolygon", "coordinates": [[[[9.239551503361932, 51.490905458244434], [9.239468845675184, 51.49093034564864], [9.239438898492457, 51.49095781945391], [9.239368164394612, 51.49100515248262], [9.239315522575113, 51.49115257602321], [9.239269932352558, 51.4912172931198], [9.23920769123374, 51.491264158633754], [9.239115387513186, 51.49130044380671], [9.2391043000561, 51.49142687686353], [9.23905563210697, 51.49194747868767], [9.239053997217173, 51.4919653685374], [9.239364117056654, 51.49198918335111], [9.239677118696918, 51.49201316839597], [9.239694259812369, 51.49201448273556], [9.239979316653367, 51.49203636831225], [9.23998997508735, 51.492037156412955], [9.240265238115205, 51.492058251425114], [9.24026615155357, 51.49204029058613], [9.240314309590083, 51.491097318392185], [9.240320052290443, 51.490984774446424], [9.240033908569696, 51.49094671154035], [9.240010290043548, 51.49094577176691], [9.239743825688661, 51.49092627565649], [9.239615780815592, 51.49091728020155], [9.239551503361932, 51.490905458244434]]]]}, "properties": {"jahr": 2026, "schlag_id": 46, "name_sl": "Bünge oben", "ha_calc": 0.9382, "betrieb_name": "Sebastian Ide-Knorr", "frucht_kurz": "GL", "inaktiv": 0}}, {"type": "Feature", "geometry": {"type": "MultiPolygon", "coordinates": [[[[9.255209735443685, 51.49062270379944], [9.255234910486488, 51.49066364278242], [9.25650728783013, 51.490279321823216], [9.25682427302393, 51.49019271863458], [9.256593665529639, 51.489801632491705], [9.256131412737034, 51.48992270868788], [9.255524912221105, 51.490089596421946], [9.254970977025614, 51.49023452796416], [9.255101892174617, 51.49044734992317], [9.255156817118856, 51.49053666296193], [9.255180065170212, 51.49057445272686], [9.255209735443685, 51.49062270379944]]]]}, "properties": {"jahr": 2026, "schlag_id": 148, "name_sl": "Floth Wiese 2", "ha_calc": 0.59, "betrieb_name": "Sebastian Ide-Knorr", "frucht_kurz": "GL", "inaktiv": 0}}, {"type": "Feature", "geometry": {"type": "MultiPolygon", "coordinates": [[[[9.235635583315366, 51.478912936825246], [9.238553214514855, 51.479236579319924], [9.238682460699389, 51.47873231245127], [9.235929979661437, 51.47843448595379], [9.235635583315366, 51.478912936825246]]]]}, "properties": {"jahr": 2026, "schlag_id": 191, "name_sl": "Achfeld V", "ha_calc": 1.1267, "betrieb_name": "Schmidt GbR", "frucht_kurz": "WW", "inaktiv": 0}}, {"type": "Feature", "geometry": {"type": "MultiPolygon", "coordinates": [[[[9.231191329942492, 51.487578807669735], [9.233002897853153, 51.48839666946759], [9.233592573853672, 51.48845559363588], [9.233685718424248, 51.488437046575925], [9.233766540023826, 51.48837833214522], [9.234135073892295, 51.48804990323401], [9.23179348725516, 51.486964769015806], [9.231191329942492, 51.487578807669735]]]]}, "properties": {"jahr": 2026, "schlag_id": 117, "name_sl": "Wackenmuhle IV", "ha_calc": 1.5247, "betrieb_name": "Schmidt GbR", "frucht_kurz": "SM", "inaktiv": 0}}, {"type": "Feature", "geometry": {"type": "MultiPolygon", "coordinates": [[[[9.244267697296996, 51.485532385028726], [9.244884063447314, 51.48510348958924], [9.24499607835188, 51.485025417925506], [9.245641567152397, 51.48464837498811], [9.24598112295064, 51.48447577037698], [9.24614818190061, 51.48439143819991], [9.246004050583503, 51.4842949443195], [9.245440251339492, 51.48445694375016], [9.245014862132058, 51.484607129930765], [9.24470747673691, 51.48481956217781], [9.244628139088913, 51.484943889150756], [9.2442942155303, 51.48522026462718], [9.244180421804915, 51.48537689622184], [9.244195015084514, 51.48550799932083], [9.244267697296996, 51.485532385028726]]]]}, "properties": {"jahr": 2026, "schlag_id": 44, "name_sl": "Waldwiese", "ha_calc": 0.4483, "betrieb_name": "Sebastian Ide-Knorr", "frucht_kurz": "GL", "inaktiv": 0}}, {"type": "Feature", "geometry": {"type": "MultiPolygon", "coordinates": [[[[9.234018848735072, 51.484499270387225], [9.236369608668037, 51.48554936151292], [9.236460324639129, 51.485449651022044], [9.236652032060345, 51.485245590832456], [9.236111246148665, 51.48501029630867], [9.23542614789731, 51.48470607906516], [9.23477817316933, 51.48442425552999], [9.234291758920655, 51.4842049294736], [9.234106216781939, 51.48440510898202], [9.234018848735072, 51.484499270387225]]]]}, "properties": {"jahr": 2026, "schlag_id": 77, "name_sl": "Sportplatz Wiese", "ha_calc": 0.7638, "betrieb_name": "Sebastian Ide-Knorr", "frucht_kurz": "GL", "inaktiv": 0}}, {"type": "Feature", "geometry": {"type": "MultiPolygon", "coordinates": [[[[9.238966193179134, 51.49290346017823], [9.239278908595702, 51.49289985610209], [9.239585542931852, 51.492917114913645], [9.239897849306676, 51.49294433719601], [9.23990438697766, 51.492879999175926], [9.239994114067178, 51.492061429773734], [9.23905079573456, 51.49200011507717], [9.239012167579766, 51.492412525643985], [9.238966193179134, 51.49290346017823]]]]}, "properties": {"jahr": 2026, "schlag_id": 82, "name_sl": "Bünge 1", "ha_calc": 0.6425, "betrieb_name": "Sebastian Ide-Knorr", "frucht_kurz": "WG", "inaktiv": 0}}, {"type": "Feature", "geometry": {"type": "MultiPolygon", "coordinates": [[[[9.247964019203295, 51.492250448093145], [9.247962388901396, 51.49226815643992], [9.248851938037275, 51.49225865635813], [9.248894867874979, 51.49224065786021], [9.248958043658055, 51.492253058349085], [9.249038322336357, 51.49224973079954], [9.249477221963103, 51.492248370510836], [9.250045154173028, 51.49224178661004], [9.250103641589027, 51.49222206564841], [9.25030964835583, 51.492137497797145], [9.250512023027907, 51.49203143056869], [9.250347828714247, 51.491933308781164], [9.250154118054292, 51.491903025975276], [9.249551992877429, 51.49177286490746], [9.249369317946654, 51.49169962900885], [9.248940395786697, 51.49148478660536], [9.248082246866035, 51.491300898415076], [9.248017746917776, 51.49137668662551], [9.247994868652793, 51.49166523025665], [9.248000485909841, 51.49225022158731], [9.247964019203295, 51.492250448093145]]]]}, "properties": {"jahr": 2026, "schlag_id": 7, "name_sl": "Bünge unten", "ha_calc": 1.1591, "betrieb_name": "Sebastian Ide-Knorr", "frucht_kurz": "GL", "inaktiv": 0}}, {"type": "Feature", "geometry": {"type": "MultiPolygon", "coordinates": [[[[9.238538905294734, 51.47932341585178], [9.235543429565771, 51.47898479105241], [9.235486364875024, 51.47906722859607], [9.235286724427818, 51.479364365634375], [9.235377233992587, 51.47944208379931], [9.236465082245674, 51.479566262879345], [9.237453268161575, 51.47967912946293], [9.237917908821274, 51.479732204024224], [9.238445923979956, 51.47979251782518], [9.238491884046889, 51.47955279971993], [9.238538905294734, 51.47932341585178]]]]}, "properties": {"jahr": 2026, "schlag_id": 178, "name_sl": "Küsterhecke 2", "ha_calc": 1.14, "betrieb_name": "Sebastian Ide-Knorr", "frucht_kurz": "SM", "inaktiv": 0}}, {"type": "Feature", "geometry": {"type": "MultiPolygon", "coordinates": [[[[9.241464148589534, 51.4804144092445], [9.241476667893204, 51.48033209678931], [9.241482269908603, 51.480218402963025], [9.241491786033828, 51.48002565917097], [9.241505148438286, 51.479754665472136], [9.240907557806251, 51.479690940430274], [9.239913347895135, 51.47958386780255], [9.239718467241238, 51.479562893484676], [9.238631525912359, 51.47944591528301], [9.238580384232263, 51.4797130579065], [9.238531184622905, 51.47994981659495], [9.238517480347245, 51.48001572773533], [9.238503386548938, 51.48010624927606], [9.238464072758859, 51.480301246713076], [9.241463792354658, 51.480618980519296], [9.241464148589534, 51.4804144092445]]]]}, "properties": {"jahr": 2026, "schlag_id": 146, "name_sl": "Küsterhecke 1", "ha_calc": 1.9736, "betrieb_name": "Sebastian Ide-Knorr", "frucht_kurz": "WG", "inaktiv": 0}}, {"type": "Feature", "geometry": {"type": "MultiPolygon", "coordinates": [[[[9.239866897003356, 51.48978125016609], [9.240032871702708, 51.48977116475237], [9.24019841838574, 51.489760839140196], [9.240291507153016, 51.48947563380646], [9.240395105566806, 51.48915779777202], [9.240252485418758, 51.489133301494384], [9.24009011280147, 51.489108596361895], [9.239866098992724, 51.489066935086484], [9.239623920181801, 51.489053113491515], [9.238805593351355, 51.488999096383715], [9.238443553458627, 51.4889680170184], [9.237769114149955, 51.48882634718519], [9.237392425300566, 51.4887550223198], [9.237023786593383, 51.48869180193907], [9.236672727806928, 51.489440184394276], [9.236653542449112, 51.48948108267453], [9.236604474481114, 51.48959496394904], [9.23701221103437, 51.48963526778677], [9.23741604490711, 51.489670282866165], [9.237511397280757, 51.48967806272195], [9.237842244093581, 51.48973149899092], [9.238077600352856, 51.48975061436923], [9.238201016393793, 51.48975611549083], [9.238360146090574, 51.48976307174355], [9.238531948871037, 51.48977063101581], [9.238775035979188, 51.489781280337674], [9.239353391500801, 51.4897820756465], [9.239866897003356, 51.48978125016609]]]]}, "properties": {"jahr": 2026, "schlag_id": 162, "name_sl": "am Königsstuhl", "ha_calc": 2.1788, "betrieb_name": "Sebastian Ide-Knorr", "frucht_kurz": "ZR", "inaktiv": 0}}, {"type": "Feature", "geometry": {"type": "MultiPolygon", "coordinates": [[[[9.236104102417436, 51.48224552302098], [9.23597643688494, 51.48238485712089], [9.235710002039704, 51.48266663557154], [9.23557929559415, 51.48280603294935], [9.235475545098167, 51.48291808426874], [9.235432130194342, 51.48296497379127], [9.235295691548448, 51.48311085291164], [9.234927116638318, 51.48352993673276], [9.235833071642462, 51.4839296482111], [9.235997999110424, 51.48400239303726], [9.237048274564579, 51.48446575874229], [9.237275015297879, 51.48456581134532], [9.237685941000585, 51.48412214412875], [9.237783645588502, 51.484018122563874], [9.237934079230929, 51.483851627343846], [9.23806404712367, 51.48370943901658], [9.238221933951287, 51.483540410724686], [9.238326166727557, 51.48342883155186], [9.2384626389816, 51.48328196198065], [9.236104102417436, 51.48224552302098]]]]}, "properties": {"jahr": 2026, "schlag_id": 197, "name_sl": "Pipperhulle", "ha_calc": 3.2866, "betrieb_name": "Sebastian Ide-Knorr", "frucht_kurz": "WW", "inaktiv": 0}}, {"type": "Feature", "geometry": {"type": "MultiPolygon", "coordinates": [[[[9.247258437041818, 51.48533069960184], [9.247521830536433, 51.48550586079408], [9.247709235750252, 51.485632107236235], [9.24791284144976, 51.485772250601876], [9.248030889373826, 51.48585127583131], [9.248125476274623, 51.48593115968262], [9.24816339395469, 51.48596775087304], [9.248471332975436, 51.48597807660537], [9.248536833607503, 51.48615257247074], [9.248361208244702, 51.48615419481363], [9.248469779084207, 51.486343074294815], [9.248496067193724, 51.48644879160614], [9.248528214173565, 51.48657808082926], [9.248594738626457, 51.48687077354096], [9.2486346491959, 51.48703187011663], [9.248695058081116, 51.487288419477046], [9.24872605685953, 51.48739970783146], [9.248740144845232, 51.48744601177879], [9.24917093051866, 51.48729900148407], [9.24969956150196, 51.48711132512509], [9.24967957350973, 51.48711071032032], [9.249698489271973, 51.4870389985954], [9.24970295240983, 51.485417186426766], [9.248718133392398, 51.4853925693168], [9.248627051463092, 51.485381591192244], [9.248598117414371, 51.485378103737716], [9.248442205181886, 51.48537258368097], [9.247258437041818, 51.48533069960184]]]]}, "properties": {"jahr": 2026, "schlag_id": 72, "name_sl": "Steinfeld H.Behälter", "ha_calc": 2.0572, "betrieb_name": "Sebastian Ide-Knorr", "frucht_kurz": "ZR", "inaktiv": 0}}, {"type": "Feature", "geometry": {"type": "MultiPolygon", "coordinates": [[[[9.236369608668037, 51.48554936151292], [9.234018848735072, 51.484499270387225], [9.233929834682945, 51.484595201980945], [9.233918534622195, 51.484609066075436], [9.23372797391858, 51.48481365788455], [9.234555185894019, 51.485181145952794], [9.234719375037605, 51.485253863005596], [9.235224698749688, 51.48547766836386], [9.235381825534711, 51.4855458428544], [9.236090144931493, 51.48585603399345], [9.23622983961974, 51.48570467845242], [9.236278397411043, 51.485652071192305], [9.236289838376386, 51.48563703883584], [9.236369608668037, 51.48554936151292]]]]}, "properties": {"jahr": 2026, "schlag_id": 107, "name_sl": "Stadtweg 2", "ha_calc": 0.7989, "betrieb_name": "Sebastian Ide-Knorr", "frucht_kurz": "WW", "inaktiv": 0}}, {"type": "Feature", "geometry": {"type": "MultiPolygon", "coordinates": [[[[9.250079702143246, 51.49229411097994], [9.248830088630916, 51.49230958919609], [9.248830065805892, 51.49230983728464], [9.24783500829563, 51.492322349034595], [9.247777040716747, 51.49288761018027], [9.24769726260187, 51.49363014546012], [9.248340294700142, 51.49346780200776], [9.248737121752225, 51.493320164782446], [9.248737085473232, 51.49332055842965], [9.248964495266524, 51.493235564602536], [9.249064090083538, 51.49319850928186], [9.249443527403944, 51.4929673329017], [9.249504102351969, 51.492910254898156], [9.24982527296702, 51.49260762264799], [9.250062860963405, 51.492371180365105], [9.250079702143246, 51.49229411097994]]]]}, "properties": {"jahr": 2026, "schlag_id": 174, "name_sl": "Bünge 4", "ha_calc": 1.5188, "betrieb_name": "Sebastian Ide-Knorr", "frucht_kurz": "WG", "inaktiv": 0}}, {"type": "Feature", "geometry": {"type": "MultiPolygon", "coordinates": [[[[9.244867179812363, 51.49098547458264], [9.244854399773892, 51.491117743102166], [9.244806744455344, 51.491654345187456], [9.244751085350906, 51.49228264304203], [9.245417387587887, 51.49227243858225], [9.245470857005781, 51.49164028020539], [9.245519998441322, 51.491060262040584], [9.24553799399465, 51.490862128683744], [9.244867179812363, 51.49098547458264]]]]}, "properties": {"jahr": 2026, "schlag_id": 13, "name_sl": "Bünge 5", "ha_calc": 0.6926, "betrieb_name": "Sebastian Ide-Knorr", "frucht_kurz": "WG", "inaktiv": 0}}, {"type": "Feature", "geometry": {"type": "MultiPolygon", "coordinates": [[[[9.26308187898519, 51.48827674945837], [9.26315332540503, 51.488282605491236], [9.263378368010775, 51.48830996506034], [9.263415678259992, 51.48831446316866], [9.26398411474573, 51.48832019091887], [9.264170283248635, 51.488322021453236], [9.2642154564237, 51.48831742256797], [9.264404909594745, 51.48831564631682], [9.264551406911306, 51.48832817002743], [9.265036273816566, 51.48839825877666], [9.265658624855293, 51.48849842513204], [9.265797881766323, 51.48840333772256], [9.26506373552688, 51.48811228896554], [9.264590815490147, 51.48794594421721], [9.263452322471622, 51.48759391729501], [9.26341470386924, 51.4876568130277], [9.263344405104489, 51.48763961339841], [9.26312097897615, 51.48818185719308], [9.263110995794706, 51.48820698034133], [9.26308236617055, 51.48827646189528], [9.263081989704473, 51.48827648073978], [9.26308187898519, 51.48827674945837]]]]}, "properties": {"jahr": 2026, "schlag_id": 274, "name_sl": "Kanahl Wiese", "ha_calc": 0.8391, "betrieb_name": "Sebastian Ide-Knorr", "frucht_kurz": "GL", "inaktiv": 0}}, {"type": "Feature", "geometry": {"type": "MultiPolygon", "coordinates": [[[[9.249981072269865, 51.487961071925724], [9.250068543258317, 51.487962331386875], [9.250021326680887, 51.48771368198804], [9.249821834086093, 51.48772186646676], [9.24965888733949, 51.48772858339278], [9.249565472396984, 51.48773246780832], [9.249421105084162, 51.48773843917514], [9.24869897134128, 51.48776828848331], [9.248647671874027, 51.48778646476822], [9.247908226321968, 51.488047792558675], [9.247119246493831, 51.488336002370495], [9.247094943641706, 51.48839329207831], [9.247204210642858, 51.4883927178309], [9.247329361555925, 51.48839205688496], [9.247373946823917, 51.48839181884987], [9.247777199754857, 51.48838970793691], [9.248096199918304, 51.48838220091727], [9.248232648111356, 51.48837517028446], [9.248516109589287, 51.48837178203126], [9.248593865140752, 51.48839411770172], [9.248635712038446, 51.48840100264557], [9.24868457997645, 51.4883980602512], [9.248695756641869, 51.488162961366264], [9.24894819652816, 51.488162390768615], [9.248953990821153, 51.487985870457], [9.249142907944764, 51.48798336858545], [9.249191504627118, 51.487951405678906], [9.249330951687222, 51.48795383261068], [9.249435623208337, 51.487959395237], [9.249587659365503, 51.48796081120682], [9.249981072269865, 51.487961071925724]]]]}, "properties": {"jahr": 2026, "schlag_id": 34, "name_sl": "Wiese Hof", "ha_calc": 0.6799, "betrieb_name": "Sebastian Ide-Knorr", "frucht_kurz": "GL", "inaktiv": 0}}, {"type": "Feature", "geometry": {"type": "MultiPolygon", "coordinates": [[[[9.245895060759901, 51.48467822911547], [9.245804531542898, 51.48468338024008], [9.245742790821852, 51.48471353067658], [9.245471505955273, 51.48486195594293], [9.24531819996094, 51.48494460967497], [9.245292697415245, 51.485234800127905], [9.245245761899012, 51.485769604222874], [9.245204397916106, 51.486304089389094], [9.245200365908035, 51.48635615951591], [9.24526531997366, 51.486357996493204], [9.245647559084375, 51.48637207357208], [9.245659997883447, 51.48637245350725], [9.246013000851457, 51.486383257931266], [9.246121618033325, 51.486386608523915], [9.246271663582768, 51.48639123525733], [9.246790734195773, 51.4864081717363], [9.24684114433212, 51.486409817405544], [9.247082877251351, 51.48641018370097], [9.247650673630643, 51.486447303317824], [9.247996948900726, 51.48646540535217], [9.248369323010996, 51.4864810591634], [9.24828964473378, 51.486389837508504], [9.248239984876555, 51.48620649355113], [9.248053573600803, 51.48602514836087], [9.247693945111422, 51.485785477657096], [9.247537232780916, 51.48566446903246], [9.247210590740783, 51.48540099843768], [9.246871754806891, 51.48525071308694], [9.246647201573317, 51.48514908141672], [9.246517339017164, 51.48509425841628], [9.24642961771906, 51.48503197428455], [9.246242851948068, 51.48488990668147], [9.246242693969437, 51.48489170404412], [9.24611873742451, 51.484831568099494], [9.245895060759901, 51.48467822911547]]]]}, "properties": {"jahr": 2026, "schlag_id": 317, "name_sl": "Grundberg Wiese", "ha_calc": 2.6434, "betrieb_name": "Sebastian Ide-Knorr", "frucht_kurz": "GL", "inaktiv": 0}}, {"type": "Feature", "geometry": {"type": "MultiPolygon", "coordinates": [[[[9.270914320726092, 51.455415483806576], [9.271797285280991, 51.45520571521823], [9.272361725832257, 51.45506940103268], [9.272412283236525, 51.455006812086225], [9.272379098198972, 51.454816903855864], [9.26957624917138, 51.455653130943766], [9.269479035307134, 51.45548177609803], [9.269523556816127, 51.45573427582855], [9.269600122633065, 51.455764298875614], [9.270914320726092, 51.455415483806576]]]]}, "properties": {"jahr": 2026, "schlag_id": 92, "name_sl": "_ber dem Oelsbruch", "ha_calc": 0.3883, "betrieb_name": "Martin Warburg", "frucht_kurz": "GL", "inaktiv": 0}}, {"type": "Feature", "geometry": {"type": "MultiPolygon", "coordinates": [[[[9.27068283197336, 51.44821124012928], [9.270670856838779, 51.44835478362377], [9.27037835575911, 51.44833994127612], [9.270259774311318, 51.44858666912064], [9.2703997954496, 51.44906496590907], [9.27177673087827, 51.448947477868195], [9.271948005217853, 51.44891136192668], [9.271703827589803, 51.44883861497653], [9.271897405954086, 51.448771291726814], [9.272219245947099, 51.448835016368115], [9.272441434953326, 51.44876863198649], [9.272595638101883, 51.44882818175106], [9.272637637417784, 51.44905035155193], [9.272674412126657, 51.449055174363544], [9.27307794348588, 51.44910816239731], [9.27308275601118, 51.44900397914363], [9.274079728832973, 51.44883495058548], [9.273956711434563, 51.44833875970944], [9.273266107295434, 51.44834596222071], [9.271932635642125, 51.4483212060686], [9.27068283197336, 51.44821124012928]], [[9.270628817494378, 51.44841060791491], [9.270691255925065, 51.448411857421576], [9.27067283772095, 51.44868914673991], [9.270599194942871, 51.44867956459602], [9.270628817494378, 51.44841060791491]]]]}, "properties": {"jahr": 2026, "schlag_id": 111, "name_sl": "Der Storchberg", "ha_calc": 1.8037, "betrieb_name": "Martin Warburg", "frucht_kurz": "GL", "inaktiv": 0}}, {"type": "Feature", "geometry": {"type": "MultiPolygon", "coordinates": [[[[9.227115371923311, 51.50028604455653], [9.227107176204832, 51.500285762616166], [9.227106615709586, 51.50029013068246], [9.226825048761235, 51.50027605594033], [9.226470694170905, 51.5002665456703], [9.225973148056738, 51.50026258015686], [9.225856689544157, 51.500293270828735], [9.225719062751576, 51.500356115300846], [9.22570304374809, 51.50036397585935], [9.225690993582385, 51.500368932488314], [9.225553495093394, 51.500415717455816], [9.225541361132922, 51.500419118670216], [9.225528534759327, 51.50042131773446], [9.225230569488062, 51.50045728703436], [9.22522377840814, 51.50045793331526], [9.225061641118625, 51.50046926963914], [9.224701921683025, 51.50050219185679], [9.224694721379207, 51.50050265961094], [9.224394232122014, 51.500514269156575], [9.224333257710194, 51.50051881298625], [9.224280118539944, 51.50052776629263], [9.224171289023786, 51.50057307236395], [9.224166340761942, 51.500574985321684], [9.22409406854845, 51.50060086541273], [9.223999265247397, 51.50064888214514], [9.223988052696301, 51.500653699659146], [9.22380396254524, 51.50072010811453], [9.223736375791134, 51.50074746908458], [9.223726477003918, 51.50075092299731], [9.223305134462391, 51.500876050072236], [9.223063961876253, 51.500955241901266], [9.223061458789191, 51.5009560317318], [9.22293820080951, 51.5009933699355], [9.222813080849503, 51.50103127188682], [9.222801738749911, 51.50103410854313], [9.222710545614401, 51.501052364900055], [9.222828595791215, 51.50124854753491], [9.224236055723013, 51.50095309368462], [9.224988391890392, 51.50081096572459], [9.225962693480382, 51.500612861738425], [9.226295034855188, 51.500543203222655], [9.227119013840317, 51.500383575295615], [9.227115371923311, 51.50028604455653]]]]}, "properties": {"jahr": 2026, "schlag_id": 261, "name_sl": "42", "ha_calc": 0.9873, "betrieb_name": "Desenberg GbR", "frucht_kurz": "EE", "inaktiv": 0}}, {"type": "Feature", "geometry": {"type": "MultiPolygon", "coordinates": [[[[9.220535329579693, 51.48379020894506], [9.220705694186872, 51.48389841066928], [9.220893804149853, 51.48399211486951], [9.221530334086511, 51.48421790597635], [9.221786441098503, 51.48430875113397], [9.222117522714797, 51.484426189587694], [9.222323223108091, 51.48444712404247], [9.222802293222285, 51.484510916333946], [9.222923708974326, 51.48445621577161], [9.222473490856117, 51.48401675002177], [9.2223309564394, 51.48387767933224], [9.22146509128424, 51.48303233937704], [9.221105711892688, 51.48268379283005], [9.220473263633881, 51.48224972521701], [9.220172863486043, 51.48210136242506], [9.22009940145858, 51.4820650493777], [9.220049769236262, 51.48223557455536], [9.219996509540483, 51.482490855264885], [9.219926993676173, 51.48255409455161], [9.219861418637482, 51.4826285671871], [9.219445114388044, 51.48267271974885], [9.219007193935344, 51.48286924638607], [9.219277429453797, 51.4831323386711], [9.219424376748112, 51.48321832697572], [9.219541808798056, 51.48326384466033], [9.21980380133917, 51.48333263061187], [9.219973674886745, 51.48339765427388], [9.220257106475737, 51.48357095463632], [9.220535329579693, 51.48379020894506]]]]}, "properties": {"jahr": 2026, "schlag_id": 102, "name_sl": "Kalithwiese", "ha_calc": 2.7075, "betrieb_name": "Desenberg GbR", "frucht_kurz": "AB", "inaktiv": 0}}, {"type": "Feature", "geometry": {"type": "MultiPolygon", "coordinates": [[[[9.243634141562143, 51.48470512544289], [9.24321859438915, 51.485268719472515], [9.242621744609886, 51.486025073134385], [9.242500004620279, 51.48617382895807], [9.242508175581152, 51.48617906734449], [9.24252045331597, 51.48618694341906], [9.24264270462724, 51.48624611001359], [9.242963546688145, 51.4864627507683], [9.243213259754656, 51.486649798565765], [9.243255956773812, 51.48669783105382], [9.243311911029439, 51.48674211416079], [9.243343298504579, 51.48677000107081], [9.243322965484275, 51.48668232021706], [9.243186832011528, 51.48647659536718], [9.243088793872822, 51.48618046222971], [9.243438677145315, 51.48575854598843], [9.243742538282763, 51.48526572251461], [9.244140565941082, 51.48458853795079], [9.244093015002404, 51.48453750043708], [9.244003160196353, 51.48444105653781], [9.243948294097649, 51.484383466162285], [9.243933208187842, 51.484367634764624], [9.243634141562143, 51.48470512544289]]]]}, "properties": {"jahr": 2026, "schlag_id": 31, "name_sl": "Greibes Wiese", "ha_calc": 0.8006, "betrieb_name": "Sebastian Ide-Knorr", "frucht_kurz": "GL", "inaktiv": 0}}, {"type": "Feature", "geometry": {"type": "MultiPolygon", "coordinates": [[[[9.274683175933326, 51.45231913959273], [9.274689876011681, 51.452358445656024], [9.27669287100754, 51.45272563623167], [9.276692774726417, 51.452724552317726], [9.276686861268487, 51.45270316155021], [9.276687485933572, 51.45269210293421], [9.276659569110878, 51.45268632762588], [9.275813446369147, 51.45252914383082], [9.275713445921825, 51.45251056460571], [9.274710396341874, 51.45232420114218], [9.274683175933326, 51.45231913959273]]]]}, "properties": {"jahr": 2026, "schlag_id": 277, "name_sl": "Im Ílsbruch", "ha_calc": 0.0551, "betrieb_name": "0", "frucht_kurz": "0", "inaktiv": 0}}, {"type": "Feature", "geometry": {"type": "MultiPolygon", "coordinates": [[[[9.249797276062118, 51.485041297612604], [9.249792595639954, 51.48548773124557], [9.249796713656368, 51.48548785729434], [9.249791070185386, 51.48583471322969], [9.249792673600114, 51.48594607300035], [9.251482563822218, 51.485990251188106], [9.251707338887597, 51.485547631456456], [9.252004721537102, 51.4851124409461], [9.252124869642337, 51.48493042336141], [9.249790098202125, 51.48476931339077], [9.249797276062118, 51.485041297612604]]]]}, "properties": {"jahr": 2026, "schlag_id": 145, "name_sl": "Steinfeld Wald", "ha_calc": 1.7436, "betrieb_name": "Sebastian Ide-Knorr", "frucht_kurz": "WG", "inaktiv": 0}}, {"type": "Feature", "geometry": {"type": "MultiPolygon", "coordinates": [[[[9.227113516374594, 51.500236352748786], [9.226830357733437, 51.50022219848169], [9.226268023148494, 51.5002071058068], [9.225955304653365, 51.500208720272596], [9.225816136201859, 51.500245395823704], [9.225753069806577, 51.50027080012355], [9.2256496184642, 51.50032156417718], [9.225512120075532, 51.50036834918608], [9.225214155136944, 51.50040431853389], [9.225050555612887, 51.500415757100285], [9.224689380589847, 51.50044881257274], [9.224386431602005, 51.50046051717067], [9.224316783283625, 51.500465707315726], [9.224243926770134, 51.50047798277444], [9.22412332364593, 51.50052819021144], [9.224045009231109, 51.50055623398834], [9.223944796834205, 51.50060699034954], [9.223758785410844, 51.500674091802566], [9.22368933681528, 51.50070220653754], [9.223266425197128, 51.50082779960617], [9.22302371465437, 51.50090749639027], [9.222775336915861, 51.500982736465176], [9.221310997169061, 51.50127587846976], [9.221337397528156, 51.50132725087907], [9.222801738749911, 51.50103410854313], [9.222813080849503, 51.50103127188682], [9.223061458789191, 51.5009560317318], [9.223063961876253, 51.500955241901266], [9.223305134462391, 51.500876050072236], [9.223726477003918, 51.50075092299731], [9.223736375791134, 51.50074746908458], [9.22380396254524, 51.50072010811453], [9.223988052696301, 51.500653699659146], [9.223999265247397, 51.50064888214514], [9.22409406854845, 51.50060086541273], [9.224166340761942, 51.500574985321684], [9.224171289023786, 51.50057307236395], [9.224280118539944, 51.50052776629263], [9.224333257710194, 51.50051881298625], [9.224394232122014, 51.500514269156575], [9.224694721379207, 51.50050265961094], [9.224701921683025, 51.50050219185679], [9.225061641118625, 51.50046926963914], [9.22522377840814, 51.50045793331526], [9.225230569488062, 51.50045728703436], [9.225528534759327, 51.50042131773446], [9.225541361132922, 51.500419118670216], [9.225553495093394, 51.500415717455816], [9.225690993582385, 51.500368932488314], [9.22570304374809, 51.50036397585935], [9.22580332817789, 51.50031476585594], [9.225856689544157, 51.500293270828735], [9.225973148056738, 51.50026258015686], [9.226266522745053, 51.500261065512305], [9.226825048761235, 51.50027605594033], [9.227106615709586, 51.50029013068246], [9.227113516374594, 51.500236352748786]]]]}, "properties": {"jahr": 2026, "schlag_id": 261, "name_sl": "42", "ha_calc": 0.2564, "betrieb_name": "Desenberg GbR", "frucht_kurz": "Br", "inaktiv": 0}}, {"type": "Feature", "geometry": {"type": "MultiPolygon", "coordinates": [[[[9.228885433089891, 51.49959380418491], [9.22891691633475, 51.499597419422685], [9.229248672865639, 51.49962477711562], [9.229716540907207, 51.499663353349405], [9.229864053359524, 51.499674569317115], [9.229936794652964, 51.49968097801638], [9.230122464756368, 51.49969328992752], [9.230220871989475, 51.4996998150408], [9.230287487563828, 51.49970154582511], [9.230310613391497, 51.49970214661703], [9.230540796659803, 51.49970749228853], [9.230608972527875, 51.49971549309515], [9.23078872637317, 51.49973255381547], [9.231165326393777, 51.49979971503304], [9.231513695311042, 51.499854137356856], [9.231707127417087, 51.49986280992788], [9.231728342959888, 51.499859844633185], [9.231801416663448, 51.49984839002452], [9.231879558772967, 51.49983614054999], [9.231974522160751, 51.499811711981614], [9.232096248538177, 51.49978305104824], [9.232256066510953, 51.49972708667697], [9.23244580964207, 51.499610886516614], [9.232449783675554, 51.499606782829424], [9.232617701438617, 51.49948545604173], [9.232688278132844, 51.4994239964169], [9.232738227577054, 51.499375287036464], [9.232854738382017, 51.49924198084161], [9.232994699407842, 51.499042347157875], [9.233093251259696, 51.49885538859263], [9.233135491878832, 51.49875207775509], [9.233153297568403, 51.49870852959728], [9.23315723738876, 51.49869887817225], [9.233158424849748, 51.49869020322896], [9.233163275562031, 51.498632359657826], [9.233074890747002, 51.49860098033054], [9.232939325427735, 51.49855285042418], [9.232915798203667, 51.4985463470362], [9.232398803475936, 51.498411214683124], [9.232242583395818, 51.49836377352721], [9.231999964983087, 51.49830955968368], [9.230744076709932, 51.49800388779841], [9.23070921699203, 51.49799614518238], [9.230363378875278, 51.4979112254815], [9.230303193648755, 51.49789562652205], [9.230200971543077, 51.49787189457376], [9.23013300052135, 51.49785659574823], [9.230132910701196, 51.497856721474484], [9.230135258752869, 51.49785727153737], [9.228889323645587, 51.49959396660257], [9.228885433089891, 51.49959380418491]]]]}, "properties": {"jahr": 2026, "schlag_id": 172, "name_sl": "46", "ha_calc": 4.2007, "betrieb_name": "Desenberg GbR", "frucht_kurz": "AB", "inaktiv": 0}}, {"type": "Feature", "geometry": {"type": "MultiPolygon", "coordinates": [[[[9.243726965492629, 51.45111008956167], [9.244041648050827, 51.451124852514646], [9.244968023925733, 51.45097754549711], [9.244959641332409, 51.450941830203874], [9.244033302108729, 51.45109189414068], [9.243887535438194, 51.45108383753138], [9.243719029737175, 51.45107448557158], [9.243726965492629, 51.45111008956167]]]]}, "properties": {"jahr": 2026, "schlag_id": 169, "name_sl": "Engerwiesen", "ha_calc": 0.0338, "betrieb_name": "0", "frucht_kurz": "0", "inaktiv": 0}}, {"type": "Feature", "geometry": {"type": "MultiPolygon", "coordinates": [[[[9.271021659838054, 51.45476331713824], [9.271656308164788, 51.45455475432515], [9.271559384404078, 51.45456349943279], [9.271451325695628, 51.454573253311686], [9.270607899033854, 51.454649381608476], [9.26935237667392, 51.45476267891847], [9.269377242098452, 51.45490490526488], [9.269453448165798, 51.45533706490886], [9.269840646205054, 51.45515101418902], [9.27052929403755, 51.45492498621755], [9.271021659838054, 51.45476331713824]]]]}, "properties": {"jahr": 2026, "schlag_id": 234, "name_sl": "_ber dem Oelsbruch", "ha_calc": 0.4782, "betrieb_name": "Martin Warburg", "frucht_kurz": "GL", "inaktiv": 0}}, {"type": "Feature", "geometry": {"type": "MultiPolygon", "coordinates": [[[[9.257105070845943, 51.475189472077574], [9.258330852466298, 51.47536149127309], [9.259234689269732, 51.473999233497764], [9.257115192660256, 51.47371700475783], [9.257105070845943, 51.475189472077574]]]]}, "properties": {"jahr": 2026, "schlag_id": 1, "name_sl": "Berg Spitze", "ha_calc": 1.9113, "betrieb_name": "Uwe Rüddenklau", "frucht_kurz": "AB", "inaktiv": 0}}, {"type": "Feature", "geometry": {"type": "MultiPolygon", "coordinates": [[[[9.20215970578232, 51.491699995961554], [9.209350732594814, 51.492883924200974], [9.209351920229631, 51.49288156534079], [9.209350987189142, 51.49288101494874], [9.209349329477693, 51.49287729172674], [9.209353668844441, 51.492878091458586], [9.20949002472721, 51.49260725327414], [9.209546806046637, 51.492481544419626], [9.209650558769997, 51.492251843980696], [9.209714825756786, 51.49213037569085], [9.21050688354839, 51.49055296495791], [9.210596745339641, 51.490362354457446], [9.211193139321768, 51.48916665920243], [9.211193172052365, 51.48916659200489], [9.211488728650277, 51.48856020073737], [9.211490065347096, 51.48855745809718], [9.211874675966438, 51.4877612749595], [9.20863943287054, 51.48735974912019], [9.208493917176026, 51.48733752671817], [9.207813291348184, 51.48723615151845], [9.20775657580571, 51.487243816774644], [9.207756575413097, 51.4872438168653], [9.207756577255005, 51.48724381857146], [9.207756551558113, 51.48724382014662], [9.207660343506525, 51.487249363634746], [9.207554640061172, 51.487258636703636], [9.20711566495589, 51.48728074719255], [9.206745670393483, 51.48731084983857], [9.20671950341233, 51.48731311806424], [9.20669452974096, 51.48731492779515], [9.206653999724088, 51.487317864819644], [9.206508249154895, 51.48732842664639], [9.206337811635517, 51.48734077719343], [9.206124557222974, 51.48736180306489], [9.205966244540978, 51.48737741171762], [9.205673633820338, 51.48740045026949], [9.20540110147044, 51.48742190736071], [9.205262064831405, 51.48743384809176], [9.205125198364184, 51.48744622748089], [9.204774915915277, 51.48747824080748], [9.204034538852538, 51.487516022282705], [9.204023468295997, 51.48754523069613], [9.204000599192996, 51.48760125488363], [9.203874858553998, 51.48791457242959], [9.203879548400014, 51.487921100345154], [9.20387475710719, 51.487914432293444], [9.203567041434514, 51.48861640486334], [9.203306049563878, 51.48923359448014], [9.20277950835416, 51.49037550368062], [9.20276851767962, 51.490399680842685], [9.202761264809794, 51.49041673533043], [9.202555703554951, 51.490900128658744], [9.202508114226006, 51.490998420445074], [9.202501080467496, 51.49099800185309], [9.202433578347755, 51.49115236990266], [9.202433001320003, 51.49115477353737], [9.20242864679077, 51.49117292631184], [9.202427016835157, 51.49118020526287], [9.202411988612056, 51.491191420538215], [9.202236249535632, 51.491577856866776], [9.20215970578232, 51.491699995961554]]], [[[9.201085185209243, 51.4939392806515], [9.201014037041084, 51.49410037029051], [9.201013750230063, 51.49410031803642], [9.200996944302222, 51.4941407996753], [9.20097258742518, 51.49419946938654], [9.200739204912535, 51.49476162341378], [9.200698124441207, 51.49485695303115], [9.20092480247865, 51.49489534365669], [9.20160980902769, 51.495009304473896], [9.202364017878585, 51.49512943803897], [9.203066307225335, 51.49523976206401], [9.203679227781207, 51.495343941352296], [9.20438011929226, 51.495462356071876], [9.204935341988817, 51.495553136172184], [9.205686706282183, 51.49567775092234], [9.206224619085377, 51.4957640585219], [9.206911747674013, 51.49587608970906], [9.207549945046896, 51.49597670129831], [9.207781076592111, 51.49601848215823], [9.207885258335583, 51.49582615124397], [9.20798127946384, 51.49562050625334], [9.208004566177463, 51.49556776204261], [9.208043436329618, 51.49550252707237], [9.208059438518344, 51.49547413312064], [9.208090712057942, 51.49541864177728], [9.208106514396635, 51.495390602322196], [9.208214374251572, 51.49517310311457], [9.208332162635962, 51.49493558177867], [9.208350382327964, 51.49489884120783], [9.20835065070544, 51.494898299382], [9.208862929222487, 51.49386525027037], [9.209056711643566, 51.49346117601443], [9.209162183488791, 51.49326175893467], [9.20934452756272, 51.49288557363412], [9.202157049817348, 51.491707839541135], [9.202125987668852, 51.491764309389026], [9.202125971665389, 51.49176434208824], [9.201253645691004, 51.493581300346165], [9.2012530039156, 51.49358276079913], [9.201252897754328, 51.49358285808855], [9.201232235226797, 51.49362589382466], [9.20122905641095, 51.49362759164268], [9.201085185209243, 51.4939392806515]]]]}, "properties": {"jahr": 2026, "schlag_id": 144, "name_sl": "Saul", "ha_calc": 48.0473, "betrieb_name": "Desenberg GbR", "frucht_kurz": "WW", "inaktiv": 0}}, {"type": "Feature", "geometry": {"type": "MultiPolygon", "coordinates": [[[[9.250104575839947, 51.44268989444052], [9.251768271045645, 51.44293071779631], [9.251965930946763, 51.44255307159218], [9.25145966216812, 51.44246478440301], [9.250394844652703, 51.44229485427875], [9.250189011700819, 51.442560465201744], [9.250104575839947, 51.44268989444052]]]]}, "properties": {"jahr": 2026, "schlag_id": 265, "name_sl": "In den Steinõckern", "ha_calc": 0.5347, "betrieb_name": "Martin Warburg", "frucht_kurz": "GL", "inaktiv": 0}}, {"type": "Feature", "geometry": {"type": "MultiPolygon", "coordinates": [[[[9.260077324626723, 51.44673055606101], [9.260549164478038, 51.44672308986638], [9.260552655526405, 51.44670490056389], [9.26073503300757, 51.445616676775046], [9.260744026725753, 51.445562411840875], [9.26048952403777, 51.445642692726736], [9.26020560647607, 51.44574594057597], [9.26018073670822, 51.44590183664969], [9.260077324626723, 51.44673055606101]]]]}, "properties": {"jahr": 2026, "schlag_id": 33, "name_sl": "Totenbreite 2", "ha_calc": 0.4102, "betrieb_name": "Martin Warburg", "frucht_kurz": "SW", "inaktiv": 0}}, {"type": "Feature", "geometry": {"type": "MultiPolygon", "coordinates": [[[[9.241580944189561, 51.453050804410644], [9.241784293580444, 51.453050384153606], [9.241405252970122, 51.45144775970046], [9.24125036025848, 51.45144116823313], [9.241205268629827, 51.45146102861824], [9.241402586145021, 51.45229605471156], [9.241417332153226, 51.452358464756], [9.241425150308158, 51.45239155418176], [9.241580944189561, 51.453050804410644]]]]}, "properties": {"jahr": 2026, "schlag_id": 39, "name_sl": "_ber dem Gemeindesiegen", "ha_calc": 0.2521, "betrieb_name": "Martin Warburg", "frucht_kurz": "GL", "inaktiv": 0}}, {"type": "Feature", "geometry": {"type": "MultiPolygon", "coordinates": [[[[9.243715026364594, 51.451052292413024], [9.243882385981982, 51.45106147018253], [9.24402800642035, 51.45106952485251], [9.244954339251814, 51.45091928232042], [9.24494606700929, 51.45088400680587], [9.244024212948306, 51.451039999594], [9.243706772645162, 51.45101731917336], [9.243715026364594, 51.451052292413024]]]]}, "properties": {"jahr": 2026, "schlag_id": 304, "name_sl": "Engerwiesen", "ha_calc": 0.0316, "betrieb_name": "0", "frucht_kurz": "0", "inaktiv": 0}}, {"type": "Feature", "geometry": {"type": "MultiPolygon", "coordinates": [[[[9.256862155389927, 51.48817076794265], [9.256961613065954, 51.48818525074615], [9.257248915988061, 51.48808159417135], [9.257983822291534, 51.48785857259249], [9.258703067018711, 51.48774147292311], [9.259204328401525, 51.487744563883446], [9.25952769172736, 51.48781735434746], [9.259884792041435, 51.48790687065671], [9.26024514990812, 51.487977476753045], [9.260679697679388, 51.488079419599806], [9.260932144475184, 51.48810405937208], [9.261251788078063, 51.488113847113546], [9.261652132564961, 51.48811715291124], [9.261934723737951, 51.4881186208119], [9.262402469900806, 51.488142775222755], [9.263126016917845, 51.488189455075016], [9.263399417105264, 51.48752815035406], [9.26279591621244, 51.48735321587414], [9.261972313286345, 51.48717486509505], [9.26124677353676, 51.48704105528065], [9.260773152860189, 51.486982177511166], [9.260342722513018, 51.48690616742572], [9.260006781895571, 51.48686649021038], [9.259573674198068, 51.486802940421384], [9.259341012656519, 51.486757159994696], [9.25912360567045, 51.48670480509624], [9.258723401527158, 51.48662925964355], [9.257548311017176, 51.486515599782734], [9.256862155389927, 51.48817076794265]]]]}, "properties": {"jahr": 2026, "schlag_id": 215, "name_sl": "In den Biegen", "ha_calc": 5.0399, "betrieb_name": "Joachim Wetekam", "frucht_kurz": "WW", "inaktiv": 0}}, {"type": "Feature", "geometry": {"type": "MultiPolygon", "coordinates": [[[[9.245427422067555, 51.45471272500887], [9.246206073128935, 51.45466967407729], [9.246121818698287, 51.454411012059815], [9.246353654692225, 51.45437946320954], [9.246635205355322, 51.45434780906913], [9.24673497109079, 51.454409720082346], [9.247033205400529, 51.45439873693696], [9.247512661440169, 51.45419065171679], [9.247191634131118, 51.45305243730223], [9.245103774639182, 51.45307753884859], [9.245037767681682, 51.45312944505331], [9.24528105699953, 51.45414934869924], [9.24528105699953, 51.45414934869924], [9.245427422067555, 51.45471272500887]]]]}, "properties": {"jahr": 2026, "schlag_id": 306, "name_sl": "? - 371-00", "ha_calc": 2.3913, "betrieb_name": "Martin Warburg", "frucht_kurz": "WG", "inaktiv": 0}}, {"type": "Feature", "geometry": {"type": "MultiPolygon", "coordinates": [[[[9.242549157787147, 51.45145229439103], [9.242524510762582, 51.45097563944873], [9.24234017514296, 51.45096680988018], [9.242255464366634, 51.450978500035056], [9.241994314302817, 51.4510803695626], [9.241589796561575, 51.45125392553727], [9.241365574148043, 51.451369534929356], [9.241362022309655, 51.45139487446506], [9.24148739934506, 51.451406130264964], [9.24148739934506, 51.451406130264964], [9.242549157787147, 51.45145229439103]]]]}, "properties": {"jahr": 2026, "schlag_id": 307, "name_sl": "Engerwiesen Georg", "ha_calc": 0.2795, "betrieb_name": "Martin Warburg", "frucht_kurz": "SW", "inaktiv": 0}}, {"type": "Feature", "geometry": {"type": "MultiPolygon", "coordinates": [[[[9.252063158906529, 51.469914466975084], [9.252152879459306, 51.47133999422516], [9.252198604497366, 51.471385053468644], [9.252285638995259, 51.47141418667566], [9.252671237969027, 51.47146889717787], [9.25258262356487, 51.469963106780774], [9.252063158906529, 51.469914466975084]]]]}, "properties": {"jahr": 2026, "schlag_id": 22, "name_sl": "Berg III", "ha_calc": 0.5906, "betrieb_name": "Uwe Rüddenklau", "frucht_kurz": "SM", "inaktiv": 0}}, {"type": "Feature", "geometry": {"type": "MultiPolygon", "coordinates": [[[[9.305104863429067, 51.4977392487857], [9.305377721884355, 51.49772754629983], [9.305967127788191, 51.49765456604541], [9.306873225154144, 51.49754228472743], [9.307445017836848, 51.49746934321492], [9.307515043856258, 51.497408709146654], [9.307765469995438, 51.49668264949148], [9.30807636482068, 51.495786070594136], [9.30606978031746, 51.495895748623276], [9.305469820042243, 51.497018390981296], [9.305707641819664, 51.49703425648149], [9.306068647766041, 51.49703880852466], [9.306218317877844, 51.49703841706365], [9.306218760687285, 51.497104361491296], [9.306122210295525, 51.49714857776375], [9.3059550052687, 51.49716000586809], [9.305647228411878, 51.49721576461019], [9.305365752914568, 51.49725496753421], [9.305104863429067, 51.4977392487857]]]]}, "properties": {"jahr": 2026, "schlag_id": 211, "name_sl": "auf dem Wiegenfuss", "ha_calc": 2.801, "betrieb_name": "Armin Pöppler", "frucht_kurz": "SM", "inaktiv": 0}}, {"type": "Feature", "geometry": {"type": "MultiPolygon", "coordinates": [[[[9.298249396525424, 51.498224032470766], [9.298398531199371, 51.49814122040263], [9.298450853704205, 51.49806415050679], [9.298578096890086, 51.49732743379876], [9.298594301877548, 51.497113069343335], [9.298558221787601, 51.49698127023083], [9.298496341147626, 51.496942959807946], [9.296591757514953, 51.49650266895265], [9.295688256448344, 51.49701603321398], [9.29560926866728, 51.49705470098885], [9.295574408331602, 51.49710974367267], [9.295824061714923, 51.49759271377537], [9.297243836728256, 51.49794082638759], [9.297720094435537, 51.49806601158251], [9.298249396525424, 51.498224032470766]]]]}, "properties": {"jahr": 2026, "schlag_id": 50, "name_sl": "Diederich Schafstall", "ha_calc": 2.5683, "betrieb_name": "Armin Pöppler", "frucht_kurz": "WW", "inaktiv": 0}}, {"type": "Feature", "geometry": {"type": "MultiPolygon", "coordinates": [[[[9.294972006702464, 51.50198024268002], [9.298608649992797, 51.501993003276866], [9.297945180146264, 51.501522084435436], [9.294836625368546, 51.50146950601539], [9.29495215674806, 51.501634078735876], [9.294972006702464, 51.50198024268002]]]]}, "properties": {"jahr": 2026, "schlag_id": 205, "name_sl": "Mönchebreite Anne", "ha_calc": 1.2536, "betrieb_name": "Armin Pöppler", "frucht_kurz": "WG", "inaktiv": 0}}, {"type": "Feature", "geometry": {"type": "MultiPolygon", "coordinates": [[[[9.300202550711214, 51.506028088034995], [9.30014635061215, 51.5055171546859], [9.300125844771243, 51.50507757069663], [9.300201440944564, 51.50452233562689], [9.300331424771418, 51.50420326562449], [9.300468075376386, 51.503559946287275], [9.296126590600435, 51.50350506489523], [9.295996151193208, 51.503758185906044], [9.295953372679664, 51.50395063510782], [9.29611290617378, 51.504109599900985], [9.296193619503716, 51.504334709446915], [9.296301714760132, 51.50470812696425], [9.296270385187853, 51.50530721107528], [9.296280548132078, 51.5055160127004], [9.296396666691429, 51.50576850971309], [9.29650351600538, 51.50594958915292], [9.300202550711214, 51.506028088034995]]]]}, "properties": {"jahr": 2026, "schlag_id": 37, "name_sl": "Mönchebreite", "ha_calc": 7.6086, "betrieb_name": "Armin Pöppler", "frucht_kurz": "WG", "inaktiv": 0}}, {"type": "Feature", "geometry": {"type": "MultiPolygon", "coordinates": [[[[9.298182060738847, 51.50933382254978], [9.299435148364603, 51.508380459849946], [9.29936491079287, 51.508144884514145], [9.299008096743036, 51.507852888789884], [9.298445831209925, 51.507654289163355], [9.297298884862382, 51.50732857966644], [9.296828355944802, 51.50715117152105], [9.296471891110476, 51.50690917581168], [9.295736262717712, 51.506453814844576], [9.295080504847027, 51.50595538336089], [9.294183534290527, 51.50532896100376], [9.293715799842321, 51.50558017891237], [9.29328180546221, 51.50573843719982], [9.293109954335417, 51.50571743539603], [9.293214452754997, 51.5059457846278], [9.293492277055615, 51.50642374250357], [9.293757784597728, 51.50676599286227], [9.294194876254606, 51.5070863791937], [9.294769626887183, 51.507449281842796], [9.295321212796809, 51.50776937556566], [9.295517265628499, 51.50799034756294], [9.295839528448726, 51.5082538648494], [9.29651729482026, 51.50860935439146], [9.296735881638009, 51.50877311452854], [9.297114746952687, 51.50893646753483], [9.298182060738847, 51.50933382254978]]]]}, "properties": {"jahr": 2026, "schlag_id": 69, "name_sl": "Biederbick", "ha_calc": 7.0435, "betrieb_name": "Armin Pöppler", "frucht_kurz": "WR", "inaktiv": 0}}, {"type": "Feature", "geometry": {"type": "MultiPolygon", "coordinates": [[[[9.291602648541826, 51.50810018261187], [9.292585951039047, 51.50790483836803], [9.292458142620582, 51.50761225008369], [9.290992339800182, 51.505751295567386], [9.29070665195654, 51.5058305904944], [9.290157850204924, 51.50593911365218], [9.289665784637988, 51.50596890882909], [9.288924089507436, 51.50634937890406], [9.288740971367163, 51.50635697487875], [9.288603056010716, 51.50627158592976], [9.28859102032571, 51.50617874241748], [9.288647534851663, 51.50606429759303], [9.288360620724584, 51.50595069934674], [9.287661008877478, 51.50574524223269], [9.286755932354803, 51.505633157714094], [9.286160660526049, 51.505634614635184], [9.285406778191357, 51.50590078680571], [9.285578760787127, 51.505943231845144], [9.285945084411772, 51.50594233744923], [9.287171194101834, 51.50613222599334], [9.287767374386098, 51.5062736435435], [9.288100531501543, 51.50645857032963], [9.288560114446236, 51.50672176954539], [9.288962101014697, 51.506927956437096], [9.289559431775922, 51.50724796429513], [9.289697851326027, 51.50741193585406], [9.289790388957991, 51.507561732672], [9.290055784523325, 51.50788970342233], [9.29031909074569, 51.50788905062443], [9.290306596124811, 51.507724767550435], [9.290340212193378, 51.50761037873028], [9.290557679154512, 51.5076026950026], [9.290684108578645, 51.50768096607663], [9.290787140972887, 51.507680710153224], [9.29030236462703, 51.50706037765103], [9.29086185238467, 51.50683037774931], [9.291196395228086, 51.507229615018105], [9.291415504473433, 51.50747911286907], [9.29149710239533, 51.50770752057139], [9.291602648541826, 51.50810018261187]]]]}, "properties": {"jahr": 2026, "schlag_id": 229, "name_sl": "Biederbick Mitte", "ha_calc": 4.5013, "betrieb_name": "Armin Pöppler", "frucht_kurz": "AB", "inaktiv": 0}}, {"type": "Feature", "geometry": {"type": "MultiPolygon", "coordinates": [[[[9.26258529960841, 51.498414690471435], [9.264450491629896, 51.497676391000056], [9.265262498288838, 51.4974422236844], [9.265902921443121, 51.49615435369619], [9.265599469882064, 51.49612492609916], [9.265275265716271, 51.496082637577054], [9.265040441126077, 51.49600142417205], [9.264529264149363, 51.495808973063426], [9.26427334059174, 51.4956546650726], [9.264114412822522, 51.49558618556069], [9.26379710638744, 51.495543877383554], [9.2631556772373, 51.49547218097533], [9.26221438054096, 51.49719095026065], [9.261283409011188, 51.49711558971731], [9.260451928210914, 51.49876956310844], [9.261754668363213, 51.49869693661774], [9.262047021011044, 51.49862352324628], [9.26258529960841, 51.498414690471435]]]]}, "properties": {"jahr": 2026, "schlag_id": 188, "name_sl": "Berg 1", "ha_calc": 6.8179, "betrieb_name": "Sebastian Ide-Knorr", "frucht_kurz": "SM", "inaktiv": 0}}, {"type": "Feature", "geometry": {"type": "MultiPolygon", "coordinates": [[[[9.292604794586058, 51.493069663974836], [9.293309167850435, 51.49262108560226], [9.293918357876963, 51.49194933438726], [9.292286752935585, 51.49130979378919], [9.290854797022261, 51.49123889209378], [9.2900274427271, 51.49110796461749], [9.289808304764092, 51.49148617280333], [9.289664870865163, 51.49170993554826], [9.292408639971647, 51.49304355808309], [9.292604794586058, 51.493069663974836]]]]}, "properties": {"jahr": 2026, "schlag_id": 334, "name_sl": "Buchenfeld Fritz", "ha_calc": 3.5125, "betrieb_name": "Armin Pöppler", "frucht_kurz": "ZR", "inaktiv": 0}}, {"type": "Feature", "geometry": {"type": "MultiPolygon", "coordinates": [[[[9.206789176067868, 51.4823531593333], [9.206805324989821, 51.48235088229617], [9.206892654773071, 51.482338568539845], [9.207005906615382, 51.48232021577418], [9.207308861121144, 51.48225377802398], [9.207590967383833, 51.48221097565568], [9.207818267889493, 51.48217733463334], [9.20806330790003, 51.482142654507946], [9.208110079483486, 51.4821405570458], [9.208121357633706, 51.48213751537111], [9.208131013482888, 51.48213246210475], [9.208461557972381, 51.48209964383277], [9.208814644355508, 51.48205771951293], [9.20918714288803, 51.48202784614316], [9.20930809500316, 51.482020579726665], [9.20933711741755, 51.482017506263134], [9.209709647616563, 51.48199468177649], [9.209772540967766, 51.48199054035036], [9.209507379393608, 51.48115401117655], [9.209463409431418, 51.481137520183566], [9.209166157806848, 51.48104135727457], [9.209085721496358, 51.481014759557794], [9.208804531143436, 51.48097753932181], [9.208538599300525, 51.48095328583806], [9.207996377392156, 51.48090489488458], [9.207875368482439, 51.4808990660418], [9.20763639903331, 51.48092320890133], [9.207436865105262, 51.480956247142494], [9.207191515798733, 51.48099651586888], [9.20679821362233, 51.48106167249954], [9.206559585301271, 51.48108626643248], [9.206387358800775, 51.48109407413685], [9.206150293224898, 51.481107585037506], [9.205824160278755, 51.481119790668544], [9.205379347804769, 51.48113411832133], [9.20487295358659, 51.48116119193656], [9.204711865052854, 51.481210827266], [9.204479930463771, 51.481289795424104], [9.204180303242701, 51.48138197492172], [9.204074040754666, 51.48142748487315], [9.203941971777796, 51.48155014206017], [9.203633636577294, 51.48186090288224], [9.203415202308063, 51.48207481342862], [9.203317524792064, 51.48216105079545], [9.203203328275876, 51.48223679048715], [9.203000596741756, 51.48235498695286], [9.202794584261618, 51.482461101742985], [9.202660939715342, 51.48252633508677], [9.203237331453154, 51.48299114232225], [9.203310170001545, 51.483046413308294], [9.203371689696903, 51.483095660559805], [9.203495970783452, 51.48319163407204], [9.203539954842125, 51.483148653396164], [9.203578084114586, 51.48311752542585], [9.203589409006977, 51.48310827995699], [9.203676033333844, 51.48305544597774], [9.203757750086641, 51.48301501651952], [9.203779846801256, 51.48300772070555], [9.203891022635524, 51.48297101329972], [9.204003079248702, 51.4829340149061], [9.204066949523021, 51.48291706739318], [9.204249223454404, 51.48286870222736], [9.20445384904948, 51.48281440560233], [9.204626267248678, 51.48277602759118], [9.204982292079409, 51.48269678012197], [9.205140966408647, 51.48266241309569], [9.205559500887896, 51.482580261719036], [9.205830266653672, 51.48252639735735], [9.206071669299352, 51.482482826060455], [9.206407121030454, 51.48242227857082], [9.206789176067868, 51.4823531593333]]]]}, "properties": {"jahr": 2026, "schlag_id": 27, "name_sl": "51", "ha_calc": 6.523, "betrieb_name": "Desenberg GbR", "frucht_kurz": "SM", "inaktiv": 0}}, {"type": "Feature", "geometry": {"type": "MultiPolygon", "coordinates": [[[[9.232340564983168, 51.471790234118195], [9.232263900493292, 51.47095389988459], [9.232218570344056, 51.47067585117108], [9.232198354389375, 51.47038893087593], [9.23205707653765, 51.47026622769971], [9.231578352886052, 51.47016761807729], [9.231246587215978, 51.47014756161866], [9.231113218200866, 51.47015426273841], [9.230800166365551, 51.47018672468523], [9.230130663248316, 51.47025194287238], [9.229787715841212, 51.47032934676697], [9.229744442808082, 51.47034359829932], [9.229703003538958, 51.470357242803516], [9.229471174146086, 51.47041370679273], [9.229186727635579, 51.47049663072371], [9.229246173118488, 51.470699286889996], [9.229181973391318, 51.470713991369934], [9.228980417285554, 51.47080297833382], [9.228724506366165, 51.47089618984853], [9.228606996794658, 51.47093033626015], [9.228540086191535, 51.470939380894386], [9.228471831531442, 51.470932976925795], [9.228427957781154, 51.47091641276205], [9.228386774099027, 51.47087378504491], [9.228374231795284, 51.47083209543865], [9.228390080734377, 51.470782136769905], [9.228391408547918, 51.47074528616217], [9.228559602058205, 51.47062305553075], [9.228770283562095, 51.470556751223675], [9.229048208093767, 51.47048341187558], [9.22939715648508, 51.470380906654995], [9.229863107941911, 51.470250496610646], [9.229837384560945, 51.470166277767156], [9.229474901724835, 51.47019332380287], [9.228660177563771, 51.470325414908174], [9.227663172185931, 51.47046017365147], [9.22719361058456, 51.470515594224516], [9.226894048378767, 51.47058976617938], [9.226551638164983, 51.47066402038591], [9.22606987427193, 51.47071847298136], [9.225759332221845, 51.47073914300975], [9.225455287936795, 51.47078576136507], [9.22519819517513, 51.470868180431644], [9.22515003201802, 51.47088922841465], [9.225141295193731, 51.470893045896695], [9.22513039789929, 51.47089461319484], [9.225048871840128, 51.47090634297808], [9.224950151036364, 51.47093490210122], [9.224740773101017, 51.470992791451714], [9.224536335690905, 51.47101553944052], [9.22427040710636, 51.471012857481895], [9.223811751303826, 51.47097325782835], [9.22332283974237, 51.47101632725727], [9.222980730172441, 51.47110825725202], [9.223307417604833, 51.47131129953809], [9.224203219155694, 51.47169406447351], [9.224735626571697, 51.47191951642518], [9.225978000523433, 51.472459606279685], [9.22640696994352, 51.47262283186825], [9.226712931430903, 51.47270572504532], [9.228213666733884, 51.473142789871254], [9.23058467354314, 51.47378884013273], [9.231708024004687, 51.47411654721261], [9.231709404042503, 51.47411567824667], [9.231799515297354, 51.47386222699871], [9.231931447305406, 51.473597991293246], [9.23202319443237, 51.473463484670205], [9.232075050023314, 51.473381299863846], [9.232102456948962, 51.47334528011927], [9.232201984408178, 51.473189302302444], [9.232363537409457, 51.47286359371078], [9.232374173147889, 51.472842141977864], [9.232377237795083, 51.472835979003555], [9.232390830156678, 51.472808570788104], [9.23239084691955, 51.47280853102342], [9.232417071673096, 51.472714781238544], [9.232420998186225, 51.47259123252783], [9.232340564983168, 51.471790234118195]]]]}, "properties": {"jahr": 2026, "schlag_id": 160, "name_sl": "40 Morgen", "ha_calc": 16.377, "betrieb_name": "Desenberg GbR", "frucht_kurz": "SM", "inaktiv": 0}}, {"type": "Feature", "geometry": {"type": "MultiPolygon", "coordinates": [[[[9.229086991617104, 51.462808415057474], [9.229238387872607, 51.46418489909051], [9.23014601263192, 51.46415542510857], [9.230103249107998, 51.462788432383384], [9.229086991617104, 51.462808415057474]]]]}, "properties": {"jahr": 2026, "schlag_id": 113, "name_sl": "Kirmeshagen II", "ha_calc": 1.0213, "betrieb_name": "Uwe Rüddenklau", "frucht_kurz": "WR", "inaktiv": 0}}, {"type": "Feature", "geometry": {"type": "MultiPolygon", "coordinates": [[[[9.227776155251322, 51.46426040950141], [9.227854461014843, 51.46534655724717], [9.230280083333946, 51.465291585482085], [9.230156113563988, 51.46421082873876], [9.227776155251322, 51.46426040950141]]]]}, "properties": {"jahr": 2026, "schlag_id": 56, "name_sl": "Kirmeshagen I", "ha_calc": 2.0153, "betrieb_name": "Uwe Rüddenklau", "frucht_kurz": "WR", "inaktiv": 0}}, {"type": "Feature", "geometry": {"type": "MultiPolygon", "coordinates": [[[[9.256119427433568, 51.48879094431244], [9.256646804922852, 51.489692790191484], [9.25702647018907, 51.48960065282909], [9.257600011467211, 51.48950105435594], [9.25838395187604, 51.489376351732695], [9.258840798443831, 51.48932990627632], [9.25852374116507, 51.48804440628401], [9.258305389402, 51.488077708054405], [9.257817517757754, 51.48823830305163], [9.257171594026048, 51.48844468712862], [9.256509156842858, 51.48865555743204], [9.256119427433568, 51.48879094431244]]]]}, "properties": {"jahr": 2026, "schlag_id": 149, "name_sl": "In der Floth", "ha_calc": 2.1161, "betrieb_name": "Joachim Wetekam", "frucht_kurz": "SM", "inaktiv": 0}}, {"type": "Feature", "geometry": {"type": "MultiPolygon", "coordinates": [[[[9.262606978745866, 51.492578716690254], [9.263203771111412, 51.492847522000915], [9.26385474675315, 51.49317702404502], [9.264087779468094, 51.49332732113786], [9.264758881613007, 51.49278899826366], [9.264992642498562, 51.49262103516556], [9.265216021236457, 51.492479251103575], [9.265637461988026, 51.49235063452947], [9.266107983673958, 51.492267551647444], [9.26605300772243, 51.492188195933736], [9.265772705476301, 51.49200915591209], [9.26528475140836, 51.49170581355215], [9.265022527705785, 51.4915492738694], [9.264820763936985, 51.491468007103876], [9.264650424238294, 51.491441621622535], [9.264427095796716, 51.49136876185903], [9.263915253421336, 51.49123426436662], [9.263403606651444, 51.49110487161079], [9.263111626019594, 51.491633263323344], [9.262606978745866, 51.492578716690254]]]]}, "properties": {"jahr": 2026, "schlag_id": 194, "name_sl": "Am Kruckenberge", "ha_calc": 3.1343, "betrieb_name": "Joachim Wetekam", "frucht_kurz": "SM", "inaktiv": 0}}, {"type": "Feature", "geometry": {"type": "MultiPolygon", "coordinates": [[[[9.234473752946526, 51.483984321602186], [9.236885514707051, 51.48501630310078], [9.237320149887498, 51.48453709385308], [9.234957931481537, 51.48351994670045], [9.234473752946526, 51.483984321602186]]]]}, "properties": {"jahr": 2026, "schlag_id": 90, "name_sl": "Im Pfefferloch", "ha_calc": 1.2331, "betrieb_name": "Joachim Wetekam", "frucht_kurz": "WG", "inaktiv": 0}}, {"type": "Feature", "geometry": {"type": "MultiPolygon", "coordinates": [[[[9.271230847683599, 51.501431807666364], [9.271952370913173, 51.501519661079286], [9.273179831335906, 51.50167199936467], [9.274212616317959, 51.50180014199446], [9.274921461271903, 51.50028704031526], [9.274366133763415, 51.499978644858004], [9.274069154355786, 51.49980759745068], [9.273470379350556, 51.49960117167314], [9.273055998357735, 51.49947380564411], [9.272603397780202, 51.49930732615559], [9.27225615090171, 51.499214753321354], [9.271230847683599, 51.501431807666364]]]]}, "properties": {"jahr": 2026, "schlag_id": 208, "name_sl": "Am Ochsenrcken", "ha_calc": 4.6965, "betrieb_name": "Joachim Wetekam", "frucht_kurz": "WW", "inaktiv": 0}}, {"type": "Feature", "geometry": {"type": "MultiPolygon", "coordinates": [[[[9.26974579844241, 51.46731574476069], [9.271598770052464, 51.46741741410784], [9.2716035385817, 51.46653383748806], [9.26976721711107, 51.46648009619631], [9.26974579844241, 51.46731574476069]]]]}, "properties": {"jahr": 2026, "schlag_id": 115, "name_sl": "Hohewiese", "ha_calc": 1.2258, "betrieb_name": "Uwe Rüddenklau", "frucht_kurz": "WW", "inaktiv": 0}}, {"type": "Feature", "geometry": {"type": "MultiPolygon", "coordinates": [[[[9.235653770122385, 51.46115499387701], [9.235833690148699, 51.46264160392167], [9.236709451443982, 51.462576263966646], [9.236542454361283, 51.46108960211862], [9.235653770122385, 51.46115499387701]]]]}, "properties": {"jahr": 2026, "schlag_id": 330, "name_sl": "Vorlingen", "ha_calc": 1.0221, "betrieb_name": "Uwe Rüddenklau", "frucht_kurz": "WR", "inaktiv": 0}}, {"type": "Feature", "geometry": {"type": "MultiPolygon", "coordinates": [[[[9.2339893378193, 51.46906687588359], [9.233937811576713, 51.469487969471], [9.233937811576713, 51.469487969471], [9.237255043999482, 51.46960795669022], [9.237288741656508, 51.46920552570537], [9.2339893378193, 51.46906687588359]]]]}, "properties": {"jahr": 2026, "schlag_id": 206, "name_sl": "u.d.Stubbig Uwe", "ha_calc": 1.0566, "betrieb_name": "Uwe Rüddenklau", "frucht_kurz": "SM", "inaktiv": 0}}, {"type": "Feature", "geometry": {"type": "MultiPolygon", "coordinates": [[[[9.228976875238377, 51.48627033716568], [9.231384677552844, 51.487235603603196], [9.232141573576607, 51.486444914250654], [9.229751760895557, 51.485430506157], [9.228976875238377, 51.48627033716568]]]]}, "properties": {"jahr": 2026, "schlag_id": 25, "name_sl": "Auf der Grube I", "ha_calc": 2.0956, "betrieb_name": "Joachim Wetekam", "frucht_kurz": "WG", "inaktiv": 0}}, {"type": "Feature", "geometry": {"type": "MultiPolygon", "coordinates": [[[[9.27787473167509, 51.487668536874054], [9.280287867915384, 51.488671891370146], [9.281494441871551, 51.489168065664366], [9.282753750886508, 51.48966410011911], [9.284963150960929, 51.48755277280321], [9.28470775270731, 51.48744919287987], [9.284443468639436, 51.48732918111922], [9.28422327854077, 51.48723648314043], [9.284047523277822, 51.48722594129678], [9.283670308012246, 51.48730912070103], [9.283293159495093, 51.48740326731382], [9.283012637807456, 51.487497179061464], [9.28276708263439, 51.487563584185246], [9.282221193521504, 51.4873619831581], [9.281736596308226, 51.48712732627935], [9.281366605728504, 51.48695820340108], [9.281084561916868, 51.486805321013556], [9.280952527657368, 51.48676176374581], [9.280697007882013, 51.48663623820495], [9.280309490415046, 51.48647263831919], [9.27991312423445, 51.48629808973079], [9.279736835394148, 51.48619979400843], [9.279657710776094, 51.4861890145471], [9.279532243245816, 51.48615231109052], [9.278596489271358, 51.48697595273572], [9.27787473167509, 51.487668536874054]]]]}, "properties": {"jahr": 2026, "schlag_id": 141, "name_sl": "Hopfengerg I", "ha_calc": 8.9224, "betrieb_name": "Joachim Wetekam", "frucht_kurz": "WR", "inaktiv": 0}}, {"type": "Feature", "geometry": {"type": "MultiPolygon", "coordinates": [[[[9.269524209998247, 51.496008858572985], [9.270090673407882, 51.496163293402574], [9.270673527741419, 51.49627615666799], [9.27095685511559, 51.49636894552051], [9.271073784744136, 51.49645173653919], [9.272790225158246, 51.49697726698224], [9.273640423567992, 51.49728676381178], [9.274873719112277, 51.49767841706495], [9.275368855709377, 51.49703352388135], [9.277286239346996, 51.49776617007849], [9.27758540177024, 51.497723929937216], [9.277884120667299, 51.49760901099104], [9.27811674506885, 51.49756692747093], [9.278548851290811, 51.497503603392175], [9.27839813015819, 51.49733783839249], [9.277231033633239, 51.496894151705725], [9.27644735333515, 51.49658452374944], [9.275947209612006, 51.49639881505246], [9.27568069395298, 51.496337146831564], [9.275531179201979, 51.49636864714985], [9.27533207667435, 51.49645217760551], [9.275149168553169, 51.496462990540714], [9.274949313569115, 51.49642192936279], [9.274881965028172, 51.4962871120994], [9.275030477885236, 51.49608949128632], [9.27459731707124, 51.49597629849224], [9.274114944547694, 51.49597742941499], [9.273897960114928, 51.495853344727855], [9.273681226149256, 51.495770789973086], [9.273497759828556, 51.49568815706927], [9.27316471796426, 51.49562663859578], [9.272864943768349, 51.49556504160809], [9.272498512809698, 51.495482833633915], [9.272199484269002, 51.495545825974745], [9.271916469096185, 51.49550495303968], [9.271367073599892, 51.495423166545805], [9.271133651180786, 51.49533026305236], [9.270800676750397, 51.49527912044178], [9.270267980750557, 51.495207672883936], [9.270267980750557, 51.495207672883936], [9.269524209998247, 51.496008858572985]]]]}, "properties": {"jahr": 2026, "schlag_id": 237, "name_sl": "Am Weinberg", "ha_calc": 7.0717, "betrieb_name": "Joachim Wetekam", "frucht_kurz": "WG", "inaktiv": 0}}, {"type": "Feature", "geometry": {"type": "MultiPolygon", "coordinates": [[[[9.246102718356134, 51.492271544837536], [9.24708706371742, 51.492253950559586], [9.247280853021344, 51.49084049441328], [9.24693909563316, 51.490736239450136], [9.24618214083677, 51.49074928398275], [9.246102718356134, 51.492271544837536]]]]}, "properties": {"jahr": 2026, "schlag_id": 85, "name_sl": "In der Binge II", "ha_calc": 1.2165, "betrieb_name": "Schmidt GbR", "frucht_kurz": "ZR", "inaktiv": 0}}, {"type": "Feature", "geometry": {"type": "MultiPolygon", "coordinates": [[[[9.241911712541478, 51.489321668321985], [9.24242983891844, 51.4894086099378], [9.242547257396737, 51.48940594372665], [9.242853817103569, 51.4893832366665], [9.243060310262688, 51.48934471646069], [9.243319480940508, 51.48927999974561], [9.24368248560955, 51.489126263116646], [9.244102392396739, 51.4889613045461], [9.244700794674218, 51.48869465984474], [9.24449805192714, 51.488455943572326], [9.24430659246702, 51.48825077987621], [9.244100043414344, 51.48809210706197], [9.243820923609919, 51.487932408224815], [9.24360796238824, 51.48780726954401], [9.243364277061533, 51.48772514374951], [9.241911712541478, 51.489321668321985]]]]}, "properties": {"jahr": 2026, "schlag_id": 295, "name_sl": "vor dem Dorfe", "ha_calc": 1.8483, "betrieb_name": "Schmidt GbR", "frucht_kurz": "WW", "inaktiv": 0}}, {"type": "Feature", "geometry": {"type": "MultiPolygon", "coordinates": [[[[9.249771874946834, 51.48594223933737], [9.249792983178219, 51.4865837028737], [9.251084821121696, 51.48665563357486], [9.251205870654479, 51.48657296416924], [9.25124584976622, 51.486515718013024], [9.25135633304092, 51.48633902654317], [9.251489557935313, 51.48602863422256], [9.249771874946834, 51.48594223933737]]]]}, "properties": {"jahr": 2026, "schlag_id": 96, "name_sl": "Steinfeld I", "ha_calc": 0.7714, "betrieb_name": "Schmidt GbR", "frucht_kurz": "WW", "inaktiv": 0}}, {"type": "Feature", "geometry": {"type": "MultiPolygon", "coordinates": [[[[9.251403343407032, 51.48634737689638], [9.252399471251103, 51.48639795874493], [9.25265095610419, 51.48635362864959], [9.252977134348047, 51.48630959816517], [9.253556271817667, 51.486232883168405], [9.253988832896034, 51.4861858089683], [9.25397896874485, 51.48567833549631], [9.251800125701907, 51.4855556224584], [9.251403343407032, 51.48634737689638]]]]}, "properties": {"jahr": 2026, "schlag_id": 24, "name_sl": "Steinfeld II", "ha_calc": 1.2942, "betrieb_name": "Schmidt GbR", "frucht_kurz": "WW", "inaktiv": 0}}, {"type": "Feature", "geometry": {"type": "MultiPolygon", "coordinates": [[[[9.243852902226717, 51.492302036563494], [9.243940561594473, 51.492298751024066], [9.244802281226248, 51.49229618748696], [9.244964738780121, 51.49098048238503], [9.244050041662804, 51.49112119495685], [9.243988309817182, 51.49113523276655], [9.243852902226717, 51.492302036563494]]]]}, "properties": {"jahr": 2026, "schlag_id": 292, "name_sl": "In der Binge III", "ha_calc": 0.9142, "betrieb_name": "Schmidt GbR", "frucht_kurz": "ZR", "inaktiv": 0}}, {"type": "Feature", "geometry": {"type": "MultiPolygon", "coordinates": [[[[9.246433846475396, 51.49374564639821], [9.246737520396653, 51.49376125464514], [9.24707176471805, 51.49373894652122], [9.247711048996576, 51.49359641563203], [9.247846846754065, 51.49229333891932], [9.246575498276103, 51.49231454426159], [9.246433846475396, 51.49374564639821]]]]}, "properties": {"jahr": 2026, "schlag_id": 230, "name_sl": "In der Binge I", "ha_calc": 1.374, "betrieb_name": "Schmidt GbR", "frucht_kurz": "ZR", "inaktiv": 0}}, {"type": "Feature", "geometry": {"type": "MultiPolygon", "coordinates": [[[[9.238649602804792, 51.479424210827986], [9.241562101357532, 51.47972603702366], [9.241546231838845, 51.479503444635625], [9.241666778059056, 51.47924721437898], [9.241482902027055, 51.47726089490727], [9.239160812325018, 51.47703298891445], [9.238649602804792, 51.479424210827986]]]]}, "properties": {"jahr": 2026, "schlag_id": 182, "name_sl": "Achfeld I", "ha_calc": 5.0549, "betrieb_name": "Schmidt GbR", "frucht_kurz": "SM", "inaktiv": 0}}, {"type": "Feature", "geometry": {"type": "MultiPolygon", "coordinates": [[[[9.24159500096174, 51.477283405764375], [9.241691177134596, 51.477989270765754], [9.2442578909281, 51.47766196688888], [9.243970626370116, 51.47700095654415], [9.24159500096174, 51.477283405764375]]]]}, "properties": {"jahr": 2026, "schlag_id": 333, "name_sl": "Achfeld III", "ha_calc": 1.3496, "betrieb_name": "Schmidt GbR", "frucht_kurz": "SM", "inaktiv": 0}}, {"type": "Feature", "geometry": {"type": "MultiPolygon", "coordinates": [[[[9.241637664349401, 51.481219035713174], [9.245756989667719, 51.480752025462955], [9.245461039097641, 51.480144022296805], [9.241687886542577, 51.48057200446709], [9.241637664349401, 51.481219035713174]]]]}, "properties": {"jahr": 2026, "schlag_id": 20, "name_sl": "Auf dem großen Achfeld", "ha_calc": 1.9549, "betrieb_name": "Schmidt GbR", "frucht_kurz": "SM", "inaktiv": 0}}, {"type": "Feature", "geometry": {"type": "MultiPolygon", "coordinates": [[[[9.257942626248928, 51.49168242727111], [9.260296081729113, 51.49208432079086], [9.260490392556651, 51.49157586938354], [9.257957619330153, 51.49111137282764], [9.257985480429607, 51.49141301084478], [9.257942626248928, 51.49168242727111]]]]}, "properties": {"jahr": 2026, "schlag_id": 66, "name_sl": "Kruckenberg II", "ha_calc": 1.0453, "betrieb_name": "Schmidt GbR", "frucht_kurz": "SM", "inaktiv": 0}}, {"type": "Feature", "geometry": {"type": "MultiPolygon", "coordinates": [[[[9.227727940826789, 51.50029095609365], [9.227729714917137, 51.500294839839945], [9.22806958336677, 51.50022858563862], [9.228475261974953, 51.50017216878621], [9.228594509887367, 51.50017416906443], [9.228598552076091, 51.500115357061986], [9.228601075847783, 51.50007873518423], [9.2279510171216, 51.50004387886966], [9.227915176390368, 51.50005889536431], [9.22770473326465, 51.50017940301579], [9.227727940826789, 51.50029095609365]]]]}, "properties": {"jahr": 2026, "schlag_id": 241, "name_sl": "z70409808", "ha_calc": 0.1011, "betrieb_name": "Desenberg GbR", "frucht_kurz": "Br", "inaktiv": 0}}, {"type": "Feature", "geometry": {"type": "MultiPolygon", "coordinates": [[[[9.234040978310874, 51.48061162222222], [9.235067144168559, 51.47949824433612], [9.234668174332405, 51.4792330380297], [9.234373584555659, 51.479014911458144], [9.232124676490882, 51.47797310027825], [9.230729514566415, 51.479134471441554], [9.234040978310874, 51.48061162222222]]]]}, "properties": {"jahr": 2026, "schlag_id": 98, "name_sl": "Gerbrete", "ha_calc": 4.2877, "betrieb_name": "Schmidt GbR", "frucht_kurz": "WG", "inaktiv": 0}}, {"type": "Feature", "geometry": {"type": "MultiPolygon", "coordinates": [[[[9.242769587760066, 51.4836715147754], [9.242737992762587, 51.48349919351787], [9.24254292245552, 51.48335275011389], [9.24232235704222, 51.48321912859647], [9.242126814657667, 51.48298329970412], [9.238811768888134, 51.4826198023291], [9.238981243427444, 51.48276311189527], [9.239145706671334, 51.48292558555246], [9.23936721657913, 51.48324117498512], [9.23936721657913, 51.48324117498512], [9.242769587760066, 51.4836715147754]]]]}, "properties": {"jahr": 2026, "schlag_id": 270, "name_sl": "Grimelsberg III", "ha_calc": 1.5188, "betrieb_name": "Schmidt GbR", "frucht_kurz": "WG", "inaktiv": 0}}, {"type": "Feature", "geometry": {"type": "MultiPolygon", "coordinates": [[[[9.216466299587196, 51.48383554762752], [9.21653300754738, 51.48384168982663], [9.216782215012655, 51.483883871875314], [9.217111350509184, 51.48397743279118], [9.21804423317338, 51.484299084533404], [9.218160054051399, 51.48412502664908], [9.218107163378521, 51.484112765867565], [9.218077168553595, 51.484123795169744], [9.218004124251898, 51.48413265476863], [9.217960028301661, 51.48412636158191], [9.217905053588012, 51.48409291201118], [9.2176600612775, 51.48401727233129], [9.21742733056494, 51.483949062847934], [9.21714120061099, 51.483876780468854], [9.216826062613256, 51.48380114497894], [9.216662491647739, 51.48377247944104], [9.216596236261212, 51.48377430040017], [9.216530660250548, 51.48378577355792], [9.216493029964846, 51.48380630732303], [9.216466299587196, 51.48383554762752]]]]}, "properties": {"jahr": 2026, "schlag_id": 136, "name_sl": "z704098081", "ha_calc": 0.1526, "betrieb_name": "Desenberg GbR", "frucht_kurz": "Br", "inaktiv": 0}}, {"type": "Feature", "geometry": {"type": "MultiPolygon", "coordinates": [[[[9.232344228634037, 51.47104550347133], [9.232375397203635, 51.47120621596623], [9.232381460958532, 51.4712361126699], [9.23238567949189, 51.471274551068255], [9.23246187322045, 51.471968801919495], [9.232484648380053, 51.4725589837289], [9.232453253937186, 51.472780789048514], [9.232380970370636, 51.47295697287033], [9.232278957981329, 51.4731501426297], [9.232185015665483, 51.473331447414175], [9.232208714124926, 51.47337624004977], [9.232796245893988, 51.473522763538604], [9.232798980128374, 51.47355435916835], [9.232815369197228, 51.4737437432159], [9.232474203789096, 51.47389051834169], [9.231957937782342, 51.473812876101874], [9.231862629391074, 51.47394417731011], [9.231989492311344, 51.47411999069495], [9.232409977015259, 51.47423528380394], [9.233216971159203, 51.47439739558341], [9.23480484778535, 51.47468157732644], [9.234849530031129, 51.47446174045078], [9.234855456911083, 51.47418656004682], [9.235018524829114, 51.47408012486312], [9.235045754399025, 51.47406235192849], [9.2355309093069, 51.474153098743365], [9.235714785459853, 51.47420776200367], [9.235963141949982, 51.47395043724942], [9.236247667308312, 51.473587557625], [9.236605242749613, 51.4731511512449], [9.237276228144232, 51.4728014585232], [9.237109322575122, 51.472645654665854], [9.237196775979882, 51.47251706532684], [9.237439132271081, 51.47252115970167], [9.237557056683018, 51.472603470820005], [9.23765143123697, 51.472569057624234], [9.237773847771876, 51.47249148776787], [9.237941200770235, 51.472385443060844], [9.238039797388524, 51.472322966096975], [9.238116481621423, 51.472274374011995], [9.238568547747484, 51.47196375578331], [9.23929973074926, 51.47145151490759], [9.233937434830697, 51.46995937313446], [9.233890893724995, 51.469960347147804], [9.233495799346112, 51.46995577266313], [9.233074967216082, 51.46995661212332], [9.233082018432755, 51.470004425039406], [9.233063772700179, 51.47009196191568], [9.233110554315287, 51.47019792031646], [9.233134179941123, 51.4703644158214], [9.233134689858424, 51.470368009328695], [9.232635053598807, 51.47036689318363], [9.232360021196756, 51.47046637723489], [9.232296346271898, 51.47079860851414], [9.232344228634037, 51.47104550347133]]], [[[9.233937434834596, 51.469959373134444], [9.23929973074926, 51.47145151490759], [9.239641831865741, 51.4712118454896], [9.239632783642193, 51.471210121657556], [9.239688649324663, 51.47116544433361], [9.240029241369056, 51.47089306106259], [9.240215803320785, 51.47076197291381], [9.23973579690396, 51.4705978565738], [9.239073692418772, 51.47036531846074], [9.238477915601477, 51.470177356295764], [9.237067159946896, 51.47000824395042], [9.23686873810601, 51.46997768950597], [9.236064341484626, 51.469913963336886], [9.235565625588432, 51.46975778625226], [9.235012437612218, 51.46982395233717], [9.234482954639546, 51.46991138641754], [9.23417428375105, 51.46995441606757], [9.233937434834596, 51.469959373134444]]]]}, "properties": {"jahr": 2026, "schlag_id": 276, "name_sl": "Erser Breite", "ha_calc": 18.7638, "betrieb_name": "Desenberg GbR", "frucht_kurz": "WW", "inaktiv": 0}}, {"type": "Feature", "geometry": {"type": "MultiPolygon", "coordinates": [[[[9.212747779784294, 51.497215171141036], [9.212763150097663, 51.49720848793924], [9.212868706702885, 51.497210717855104], [9.21303678994825, 51.49727075802921], [9.213266980606157, 51.49735230196566], [9.213747500972625, 51.49752220006434], [9.214036218981802, 51.49764120505554], [9.214088301663661, 51.49767753974817], [9.214128424032674, 51.49764746320313], [9.213995506823924, 51.497367474860695], [9.213902242044487, 51.49728550289075], [9.213236026106017, 51.497178006827454], [9.212898983739379, 51.497110975209544], [9.212810043461653, 51.497128052752494], [9.212725179162833, 51.497188597875045], [9.212747779784294, 51.497215171141036]]]]}, "properties": {"jahr": 2026, "schlag_id": 134, "name_sl": "z70363826", "ha_calc": 0.1977, "betrieb_name": "Desenberg GbR", "frucht_kurz": "Br", "inaktiv": 0}}, {"type": "Feature", "geometry": {"type": "MultiPolygon", "coordinates": [[[[9.232658354565723, 51.479563501837006], [9.232658767276826, 51.47964439459043], [9.232802710046112, 51.47964410816216], [9.23280229708037, 51.47956321540957], [9.232658354565723, 51.479563501837006]]]]}, "properties": {"jahr": 2026, "schlag_id": 0, "name_sl": "Biederbich Mitte r.", "ha_calc": 0.009, "betrieb_name": "Armin Pöppler", "frucht_kurz": "AB", "inaktiv": 0}}, {"type": "Feature", "geometry": {"type": "MultiPolygon", "coordinates": [[[[9.206689246162608, 51.502220462378645], [9.206725732199471, 51.502188536819794], [9.206518744415028, 51.50215155614133], [9.206372248479369, 51.50212538099629], [9.205764486787238, 51.502016786586], [9.205661083206016, 51.501998306806456], [9.20559094540815, 51.501985774239905], [9.205551722918619, 51.501978766015256], [9.205529532400941, 51.501974800802905], [9.205421988478625, 51.50195558592785], [9.205420488929699, 51.501955318824265], [9.205241983151568, 51.50192341942675], [9.204291489171965, 51.50175187024527], [9.204116143873755, 51.50172022526057], [9.203960900218918, 51.50169220202932], [9.203582166534618, 51.501596585593354], [9.203522869463942, 51.501581614764234], [9.20346717294656, 51.5016365618895], [9.206689246162608, 51.502220462378645]]]]}, "properties": {"jahr": 2026, "schlag_id": 65, "name_sl": "Hecke Stoppelkamp", "ha_calc": 0.0935, "betrieb_name": "Desenberg GbR", "frucht_kurz": "Blü", "inaktiv": 0}}, {"type": "Feature", "geometry": {"type": "MultiPolygon", "coordinates": [[[[9.316561030222116, 51.516207952730205], [9.317836873930291, 51.51720630939911], [9.317968391937335, 51.51697138137366], [9.318070624784376, 51.517029746408], [9.317931819971221, 51.51734288463589], [9.320369077742322, 51.51863615451795], [9.320766337344526, 51.51841369516384], [9.321060242961522, 51.51805025320386], [9.32112628296037, 51.51790413190015], [9.320826088584896, 51.517802721699006], [9.31986138364177, 51.51749941541627], [9.31892475348595, 51.517081178691846], [9.318051003534128, 51.51646291996794], [9.317585072305912, 51.51591685256985], [9.317037755984833, 51.51605516901192], [9.316561030222116, 51.516207952730205]]]]}, "properties": {"jahr": 2026, "schlag_id": 326, "name_sl": "Wolfsdarm", "ha_calc": 2.6591, "betrieb_name": "Schmidt GbR", "frucht_kurz": "WW", "inaktiv": 0}}, {"type": "Feature", "geometry": {"type": "MultiPolygon", "coordinates": [[[[9.254149798740475, 51.49833335041074], [9.254525026558996, 51.49841312588872], [9.254735752205477, 51.49798876782916], [9.255046729894874, 51.498047205402806], [9.255741733890007, 51.496633377938196], [9.255069742397573, 51.496512534229964], [9.254149798740475, 51.49833335041074]]]]}, "properties": {"jahr": 2026, "schlag_id": 198, "name_sl": "Banger V", "ha_calc": 0.9413, "betrieb_name": "Schmidt GbR", "frucht_kurz": "Br", "inaktiv": 0}}, {"type": "Feature", "geometry": {"type": "MultiPolygon", "coordinates": [[[[9.294917344105151, 51.50197372321366], [9.298653179074714, 51.501992472328055], [9.297332054789877, 51.501079771410346], [9.294134701008216, 51.5010526766323], [9.294181956044994, 51.50121379515911], [9.294209085849786, 51.50124454258771], [9.294245355404582, 51.50130047981341], [9.294353206025646, 51.501319818571375], [9.294461002458894, 51.501330753106465], [9.294550826826237, 51.50133893135181], [9.294663166172528, 51.501358258528576], [9.294766655378996, 51.50139721782635], [9.294816318825118, 51.50144191546288], [9.294893130915236, 51.501520161720144], [9.29493903098786, 51.50167692558155], [9.294926072781884, 51.50175539798965], [9.294926072781884, 51.50175539798965], [9.294917344105151, 51.50197372321366]]]]}, "properties": {"jahr": 2026, "schlag_id": 176, "name_sl": "Mönchebreite Schmidt", "ha_calc": 2.3315, "betrieb_name": "Schmidt GbR", "frucht_kurz": "WG", "inaktiv": 0}}, {"type": "Feature", "geometry": {"type": "MultiPolygon", "coordinates": [[[[9.283280816023845, 51.50245611613513], [9.283321657346772, 51.50237081052035], [9.283321657346772, 51.50237081052035], [9.283307721713358, 51.50212555208107], [9.283305571552996, 51.50177956620204], [9.283272106331127, 51.50172026067475], [9.283242585705972, 51.501629961313185], [9.283159444510042, 51.5015656119191], [9.282968549193235, 51.50147053876666], [9.282810750590887, 51.50137538532994], [9.282557658041485, 51.50125722357937], [9.282354418318118, 51.50117250732068], [9.282304758666918, 51.50117004509524], [9.28233466553577, 51.50199105630632], [9.282364120632431, 51.502071027955914], [9.282443060584852, 51.50212505995549], [9.283044472981585, 51.50237148120429], [9.283280816023845, 51.50245611613513]]]]}, "properties": {"jahr": 2026, "schlag_id": 109, "name_sl": "Eselspfad Schmidt", "ha_calc": 0.6677, "betrieb_name": "Schmidt GbR", "frucht_kurz": "WG", "inaktiv": 0}}, {"type": "Feature", "geometry": {"type": "MultiPolygon", "coordinates": [[[[9.201438211142245, 51.50223328044522], [9.20287828070883, 51.501112699909385], [9.203241254813056, 51.50122092810245], [9.203546859252613, 51.50131204981106], [9.203625190413613, 51.501335405643104], [9.203318702033197, 51.501622946847434], [9.203339771342085, 51.501632097160936], [9.203339404081529, 51.501632483447565], [9.203658100348623, 51.5013441397023], [9.203706217069044, 51.501288936910825], [9.203684000182333, 51.50127926890619], [9.203684172343305, 51.50127910678721], [9.203157120800121, 51.50113080135515], [9.202934061539558, 51.501068934336296], [9.202839591609136, 51.50104491925498], [9.202079349229264, 51.50161798932071], [9.201995689202969, 51.501681051070356], [9.20198903295348, 51.501686068332745], [9.201778146942495, 51.5018450275845], [9.201317055331405, 51.50219258328789], [9.201438211142245, 51.50223328044522]]]]}, "properties": {"jahr": 2026, "schlag_id": 94, "name_sl": "70363826", "ha_calc": 0.1825, "betrieb_name": "Gut Grimelsheim", "frucht_kurz": "GL", "inaktiv": 0}}, {"type": "Feature", "geometry": {"type": "MultiPolygon", "coordinates": [[[[9.222828595791215, 51.50124854753491], [9.222710545614401, 51.501052364900055], [9.22133902290852, 51.5013269255218], [9.221453725174877, 51.50153584671613], [9.222828595791215, 51.50124854753491]]]]}, "properties": {"jahr": 2026, "schlag_id": 79, "name_sl": "43", "ha_calc": 0.2399, "betrieb_name": "Desenberg GbR", "frucht_kurz": "Br", "inaktiv": 0}}, {"type": "Feature", "geometry": {"type": "MultiPolygon", "coordinates": [[[[9.261442856741445, 51.489578388384736], [9.262227528029308, 51.48975738618373], [9.263159061393416, 51.48846195720988], [9.262546727431262, 51.48844203771968], [9.262318376814301, 51.48843669736396], [9.261442856741445, 51.489578388384736]]]]}, "properties": {"jahr": 2026, "schlag_id": 89, "name_sl": "In der Floth III", "ha_calc": 0.8364, "betrieb_name": "Joachim Wetekam", "frucht_kurz": "SM", "inaktiv": 0}}, {"type": "Feature", "geometry": {"type": "MultiPolygon", "coordinates": [[[[9.236553263139244, 51.473442936901336], [9.235958803007017, 51.4741106383419], [9.23761270634187, 51.4744787688505], [9.23758399598065, 51.47452921403117], [9.237645971434688, 51.47454326497319], [9.236863039663735, 51.475890940212345], [9.237157557808308, 51.475984802991746], [9.238444771844955, 51.476126987471176], [9.239252574901919, 51.47621917447756], [9.239424311150337, 51.476237806104855], [9.239421148645091, 51.475996924725074], [9.239416045064061, 51.475608189515135], [9.23944493916611, 51.475516407544426], [9.239871077550289, 51.47555222351041], [9.240194377870742, 51.47558366301876], [9.24051028636608, 51.47560594455473], [9.240782276994974, 51.47565583250218], [9.241112583184982, 51.47562304908161], [9.24103252521634, 51.47533611435601], [9.240907794643041, 51.47490763494137], [9.240881161153803, 51.47482491059848], [9.240849461744705, 51.474709565681984], [9.240814246905892, 51.474609241155505], [9.240798344937637, 51.474430344978614], [9.240477508443934, 51.47439318486623], [9.2397195425815, 51.47430537931056], [9.238377134110655, 51.474162999768666], [9.238159460587193, 51.474108191792], [9.238160822213262, 51.47410601212314], [9.238152676436725, 51.4741050111716], [9.238176587078057, 51.47404993211575], [9.237867650392081, 51.47398631980633], [9.238122407711716, 51.47352406904404], [9.236821889412639, 51.4731733839713], [9.236738561438626, 51.47322173344231], [9.23670284016927, 51.473264376593065], [9.236553263139244, 51.473442936901336]]]]}, "properties": {"jahr": 2026, "schlag_id": 137, "name_sl": "hinter dem Kuhstall", "ha_calc": 5.8801, "betrieb_name": "Desenberg GbR", "frucht_kurz": "SM", "inaktiv": 0}}, {"type": "Feature", "geometry": {"type": "MultiPolygon", "coordinates": [[[[9.221813229531792, 51.498564060259376], [9.221878560535883, 51.498628782415835], [9.221915922907769, 51.498676994125816], [9.22200502236451, 51.49879196585486], [9.222166069510621, 51.49897462949434], [9.222308812628606, 51.49913653085589], [9.222793515459133, 51.49925107548713], [9.223406849928947, 51.49938593295651], [9.22382950781835, 51.49947479027147], [9.223917590645026, 51.49949185309601], [9.223920339242325, 51.49949241718866], [9.224141651138053, 51.49954041240017], [9.224509151727526, 51.49962010995122], [9.224728058157538, 51.49965724997974], [9.225367259564106, 51.49972879364966], [9.226028420538727, 51.49978961895895], [9.226300994842768, 51.49981265194396], [9.226308109809706, 51.49981344335597], [9.226760172988, 51.49987600440103], [9.226920994081887, 51.49989825997119], [9.226992220846316, 51.499642454590145], [9.22701318640623, 51.49956715779659], [9.22706193402556, 51.499436409956274], [9.22713089390183, 51.499251448793984], [9.227194795446884, 51.499099786506356], [9.227251275836716, 51.498971095677895], [9.22745286485004, 51.498504706230776], [9.227646101047156, 51.49804075832735], [9.227805233416094, 51.49763276933045], [9.227359867186712, 51.49768855198248], [9.226919461277939, 51.49774371143557], [9.226440333793139, 51.49780371868006], [9.225545039488113, 51.49791596199522], [9.224964009870323, 51.497990403875505], [9.224577190639911, 51.498043108944316], [9.2244990683762, 51.498055314636886], [9.224038440619191, 51.49810786425239], [9.223858365268638, 51.49812540646333], [9.223658279123507, 51.498144897619085], [9.223485145888509, 51.49815439351722], [9.22309832892226, 51.49818446814903], [9.223042762728873, 51.49818739461233], [9.22236845553969, 51.49823149439353], [9.221790229893138, 51.498236042910314], [9.221757556144278, 51.49823700586228], [9.22163071802552, 51.49823729718069], [9.221468113557735, 51.49823767048372], [9.221408925666836, 51.498297708918784], [9.221486448663745, 51.49833136223281], [9.22154083850437, 51.49836344891354], [9.221707572573846, 51.498464935927316], [9.221784307786498, 51.49853540809885], [9.221813229531792, 51.498564060259376]]]]}, "properties": {"jahr": 2026, "schlag_id": 325, "name_sl": "45", "ha_calc": 6.5481, "betrieb_name": "Desenberg GbR", "frucht_kurz": "ZR", "inaktiv": 0}}, {"type": "Feature", "geometry": {"type": "MultiPolygon", "coordinates": [[[[9.208740664850014, 51.49425454386208], [9.211692851329056, 51.494769106566885], [9.213250597390857, 51.49503037548917], [9.214672630145865, 51.49525949066674], [9.214790875283317, 51.49524299263109], [9.215023210838403, 51.49467273009248], [9.215235542517997, 51.49408418375784], [9.215461795241808, 51.493457033586175], [9.215639506984589, 51.492976943234915], [9.215919036866751, 51.492221769012275], [9.215938637432494, 51.49215963715008], [9.215983071155772, 51.4919640710028], [9.215991686981488, 51.49153315239773], [9.215983341900808, 51.490773519943495], [9.215893553016818, 51.48989993202378], [9.21588329896483, 51.48980876076089], [9.215851948416098, 51.48953001310094], [9.215760288553552, 51.48864692721811], [9.215612342446642, 51.48853842377067], [9.21554374817246, 51.48848811674389], [9.21554314354787, 51.4883602048132], [9.215726191101407, 51.48835034237632], [9.215609580953213, 51.48745238792629], [9.215562638502147, 51.48709089830536], [9.215481674392004, 51.4865089429167], [9.215438828106352, 51.48620868478589], [9.21543539629596, 51.48615129160556], [9.215435312703933, 51.48614989361246], [9.212942868048325, 51.48573431156489], [9.212938898297507, 51.48574238239632], [9.212747111952226, 51.4861322962079], [9.212589026327452, 51.48645294642806], [9.211329293264688, 51.489032698254505], [9.211329293273243, 51.489032698254505], [9.211261082094367, 51.489172376212146], [9.211175275401796, 51.489349278144694], [9.210873143422846, 51.48995417626815], [9.20952082708175, 51.49267923559617], [9.209449628967104, 51.49282369728896], [9.209100260515568, 51.49352901795584], [9.20891396844257, 51.493905103343614], [9.208740664850014, 51.49425454386208]]], [[[9.208740664850014, 51.49425454386208], [9.208408249803622, 51.49492479285173], [9.208287044151353, 51.4952757079926], [9.208128252392827, 51.495643256463], [9.208260057063587, 51.49567384208857], [9.209625067805737, 51.49591197956963], [9.208696664206071, 51.495775797836856], [9.208398117800543, 51.49573438528289], [9.208083285193773, 51.495707543593966], [9.207922358994512, 51.49594428697086], [9.207905725305988, 51.496054447381184], [9.207998722114572, 51.49607843651172], [9.208928739133919, 51.4962303710694], [9.209727848188244, 51.496341985714345], [9.210438212833658, 51.49647582516071], [9.210471513330964, 51.49648128843222], [9.210506270336658, 51.49648864754267], [9.210907129634942, 51.49657352250937], [9.211356023017334, 51.496681954263636], [9.212180645792564, 51.49687874720944], [9.212542963292279, 51.49696206847006], [9.212908226961495, 51.49703658243017], [9.213304708923307, 51.4971062254648], [9.213680917464572, 51.497170126365134], [9.213892982248458, 51.49720614607717], [9.213905756418713, 51.497120339279405], [9.213914052407045, 51.497028366289264], [9.213945797297939, 51.49679989683963], [9.212703699428046, 51.496521527492206], [9.213962014645677, 51.49677611283932], [9.21398749424823, 51.496674703492346], [9.214017971667285, 51.49660057193983], [9.214049372601608, 51.496524193913906], [9.21409689736502, 51.496422766444645], [9.214154709253107, 51.49629938375996], [9.214271763064625, 51.49611347350296], [9.214379907676921, 51.49593093335558], [9.214656876306078, 51.495489536914135], [9.214754085682268, 51.49530021234433], [9.214672630145865, 51.49525949066674], [9.212473836949881, 51.49490521709534], [9.208740664850014, 51.49425454386208]]]]}, "properties": {"jahr": 2026, "schlag_id": 314, "name_sl": "31-01", "ha_calc": 43.1983, "betrieb_name": "Desenberg GbR", "frucht_kurz": "ZR", "inaktiv": 0}}, {"type": "Feature", "geometry": {"type": "MultiPolygon", "coordinates": [[[[9.28612189501428, 51.49407298971737], [9.287685797112276, 51.49448712762255], [9.288057226269455, 51.494185896201955], [9.28820184258249, 51.49409424907678], [9.29014430026484, 51.495079957969935], [9.290758827191597, 51.49456916363868], [9.287434658876542, 51.49301314115252], [9.287181450389381, 51.49323844857811], [9.28700815353128, 51.49344118067292], [9.286900139144011, 51.49360407020034], [9.2866303660718, 51.4937475414682], [9.2865068080858, 51.49381704123593], [9.286226599850272, 51.49396340855133], [9.28612189501428, 51.49407298971737]]]]}, "properties": {"jahr": 2026, "schlag_id": 236, "name_sl": "Im Buchenfeld", "ha_calc": 2.6676, "betrieb_name": "Joachim Wetekam", "frucht_kurz": "WW", "inaktiv": 0}}, {"type": "Feature", "geometry": {"type": "MultiPolygon", "coordinates": [[[[9.262724581848635, 51.48974871193833], [9.263546662033214, 51.48995898415764], [9.263704012958158, 51.4898263165049], [9.263791614821413, 51.48984922132682], [9.263970158662689, 51.48989082282231], [9.26494559028751, 51.48859776496607], [9.264700264625134, 51.48856197533494], [9.264418576900315, 51.48852539185048], [9.264104652002777, 51.488516376485194], [9.263615794061469, 51.48853278684157], [9.262724581848635, 51.48974871193833]]]]}, "properties": {"jahr": 2026, "schlag_id": 259, "name_sl": "In der Floth II", "ha_calc": 1.3886, "betrieb_name": "Joachim Wetekam", "frucht_kurz": "SM", "inaktiv": 0}}, {"type": "Feature", "geometry": {"type": "MultiPolygon", "coordinates": [[[[9.218184949942328, 51.48900078883821], [9.21827593090721, 51.4890958059779], [9.218408396004788, 51.48913512876353], [9.218659029595496, 51.48910541479378], [9.218719532631162, 51.4890794959108], [9.218793624928745, 51.48901398233179], [9.218674765724462, 51.48893850617956], [9.218572532728674, 51.48894283927821], [9.218489803943895, 51.48892528188095], [9.218366336829323, 51.48890086965523], [9.218256603732362, 51.48891108480367], [9.218214861329143, 51.48893406190174], [9.218184949942328, 51.48900078883821]]]]}, "properties": {"jahr": 2026, "schlag_id": 298, "name_sl": "zzz70409808", "ha_calc": 0.076, "betrieb_name": "Gut Klingenburg", "frucht_kurz": "Br", "inaktiv": 0}}, {"type": "Feature", "geometry": {"type": "MultiPolygon", "coordinates": [[[[9.292949221052739, 51.49287613925018], [9.294561446880085, 51.494011894430926], [9.296309159357302, 51.49334194701458], [9.296354805708699, 51.49298723800495], [9.296356651284043, 51.49250442242455], [9.294763248570947, 51.491363917625534], [9.292949221052739, 51.49287613925018]]]]}, "properties": {"jahr": 2026, "schlag_id": 43, "name_sl": "Buchen Haus", "ha_calc": 4.0153, "betrieb_name": "Armin Pöppler", "frucht_kurz": "WW", "inaktiv": 0}}, {"type": "Feature", "geometry": {"type": "MultiPolygon", "coordinates": [[[[9.291399089965145, 51.494174179933694], [9.293076937957053, 51.495361087223465], [9.294554660783882, 51.49479915569154], [9.292499298002644, 51.49325785059568], [9.291399089965145, 51.494174179933694]]]]}, "properties": {"jahr": 2026, "schlag_id": 189, "name_sl": "Buchen Die.", "ha_calc": 2.4227, "betrieb_name": "Armin Pöppler", "frucht_kurz": "WW", "inaktiv": 0}}, {"type": "Feature", "geometry": {"type": "MultiPolygon", "coordinates": [[[[9.296697903869335, 51.49255659073578], [9.2967181197178, 51.493098664506306], [9.296765827674813, 51.4933668046674], [9.29697823949685, 51.49381466849439], [9.2986448253579, 51.4933649422417], [9.298549817165057, 51.49315314428069], [9.298343511840288, 51.49292195003874], [9.298061544767764, 51.49250032355129], [9.297709716180623, 51.49199393700497], [9.297392066002923, 51.49168494774388], [9.29687410316856, 51.49215665633044], [9.296697903869335, 51.49255659073578]]]]}, "properties": {"jahr": 2026, "schlag_id": 18, "name_sl": "Fischstok", "ha_calc": 1.9079, "betrieb_name": "Armin Pöppler", "frucht_kurz": "WW", "inaktiv": 0}}, {"type": "Feature", "geometry": {"type": "MultiPolygon", "coordinates": [[[[9.295410464769297, 51.496110337472274], [9.295942292221651, 51.49626429493315], [9.2984033354574, 51.495007216192015], [9.297879074420518, 51.49476578873843], [9.297721100102558, 51.49467853537553], [9.295904315608883, 51.49556775013651], [9.295668048055123, 51.49580598956853], [9.295410464769297, 51.496110337472274]]]]}, "properties": {"jahr": 2026, "schlag_id": 93, "name_sl": "Wahmbrcke", "ha_calc": 1.2867, "betrieb_name": "Armin Pöppler", "frucht_kurz": "WW", "inaktiv": 0}}, {"type": "Feature", "geometry": {"type": "MultiPolygon", "coordinates": [[[[9.300803265767422, 51.500276502357266], [9.301739471748215, 51.50012722892022], [9.302862486875677, 51.5000299383441], [9.30357192934902, 51.49999069826696], [9.303731930697104, 51.49878807607709], [9.303682204801516, 51.49873186664878], [9.30360271054108, 51.4986881643953], [9.303681896631524, 51.49866312880193], [9.303770509279731, 51.49861942626971], [9.30376956618304, 51.49845792876848], [9.303837588596776, 51.49832829463505], [9.303885333068122, 51.498027459533034], [9.303923801492124, 51.49787497022644], [9.303826104528204, 51.49782533835526], [9.303630427288363, 51.49776863153411], [9.303118214242579, 51.497769557750814], [9.302590219117969, 51.497683520570355], [9.302146571418886, 51.497628467984015], [9.301324856257684, 51.49754161267685], [9.300803265767422, 51.500276502357266]]]]}, "properties": {"jahr": 2026, "schlag_id": 249, "name_sl": "Mittelwand", "ha_calc": 4.9636, "betrieb_name": "Armin Pöppler", "frucht_kurz": "WW", "inaktiv": 0}}, {"type": "Feature", "geometry": {"type": "MultiPolygon", "coordinates": [[[[9.231631121297601, 51.48340468117284], [9.234040120905181, 51.48437974638265], [9.234283277873386, 51.4841498806141], [9.2318815945201, 51.48313901256597], [9.231631121297601, 51.48340468117284]]]]}, "properties": {"jahr": 2026, "schlag_id": 255, "name_sl": "Stadtweg", "ha_calc": 0.6495, "betrieb_name": "Schmidt GbR", "frucht_kurz": "SM", "inaktiv": 0}}, {"type": "Feature", "geometry": {"type": "MultiPolygon", "coordinates": [[[[9.292124150506892, 51.49953572188065], [9.29233808912558, 51.499824864240736], [9.29287238811311, 51.5005067984806], [9.29319512373378, 51.50084860164038], [9.293482928083506, 51.50107458683259], [9.29380159980345, 51.5012875774942], [9.293967056641756, 51.50116856962343], [9.293741700790768, 51.500985064524905], [9.293608523718078, 51.50083596132372], [9.293645293397201, 51.50075080879141], [9.293785793693877, 51.50059354873827], [9.293873973973984, 51.500477523521276], [9.29382320632646, 51.50036174492057], [9.29372636098462, 51.500207379642944], [9.293000304519014, 51.49936109673832], [9.292776248745474, 51.499046563696346], [9.292124150506892, 51.49953572188065]]]]}, "properties": {"jahr": 2026, "schlag_id": 67, "name_sl": "Lake Kramer", "ha_calc": 1.2742, "betrieb_name": "Armin Pöppler", "frucht_kurz": "ZR", "inaktiv": 0}}, {"type": "Feature", "geometry": {"type": "MultiPolygon", "coordinates": [[[[9.291553257667037, 51.50211741530976], [9.292974414905027, 51.502904268875334], [9.293823732508889, 51.503212680152004], [9.29553583130226, 51.503914567559946], [9.295944290463195, 51.50332311724594], [9.295445298505266, 51.50310963819033], [9.295159272554582, 51.50289667825606], [9.29478788212362, 51.50267058472541], [9.294588456103222, 51.50231823501094], [9.294549279846061, 51.50200679723892], [9.294531170809735, 51.501689723518666], [9.294383912599514, 51.501510937861624], [9.294162536845137, 51.501298862065106], [9.293940243702059, 51.50117910121155], [9.293779397038836, 51.50129053357056], [9.293525437408952, 51.50111772148541], [9.291553257667037, 51.50211741530976]]]]}, "properties": {"jahr": 2026, "schlag_id": 47, "name_sl": "Lake Stadt", "ha_calc": 3.9487, "betrieb_name": "Armin Pöppler", "frucht_kurz": "ZR", "inaktiv": 0}}, {"type": "Feature", "geometry": {"type": "MultiPolygon", "coordinates": [[[[9.238394400985134, 51.46683267974632], [9.238506941367817, 51.46769101676362], [9.240679162334029, 51.467729793097526], [9.240576927733434, 51.46689679991616], [9.240497714734992, 51.466833213702955], [9.238394400985134, 51.46683267974632]]]]}, "properties": {"jahr": 2026, "schlag_id": 184, "name_sl": "Walme Teich", "ha_calc": 1.4698, "betrieb_name": "Uwe Rüddenklau", "frucht_kurz": "WW", "inaktiv": 0}}, {"type": "Feature", "geometry": {"type": "MultiPolygon", "coordinates": [[[[9.241438127386294, 51.46500319361772], [9.241550395022532, 51.46665326370823], [9.246294038115584, 51.46591281772498], [9.246128471118253, 51.46461521796542], [9.241438127386294, 51.46500319361772]]]]}, "properties": {"jahr": 2026, "schlag_id": 100, "name_sl": "Buschweg", "ha_calc": 5.4313, "betrieb_name": "Uwe Rüddenklau", "frucht_kurz": "WW", "inaktiv": 0}}, {"type": "Feature", "geometry": {"type": "MultiPolygon", "coordinates": [[[[9.25349255946952, 51.46727318547062], [9.253920375622961, 51.467992359704276], [9.254271780851616, 51.46797140160399], [9.256507234728275, 51.46799689257394], [9.255945155195906, 51.466784536499055], [9.25349255946952, 51.46727318547062]]]]}, "properties": {"jahr": 2026, "schlag_id": 212, "name_sl": "Halbe", "ha_calc": 1.9509, "betrieb_name": "Uwe Rüddenklau", "frucht_kurz": "WW", "inaktiv": 0}}, {"type": "Feature", "geometry": {"type": "MultiPolygon", "coordinates": [[[[9.250017214978248, 51.47200016208422], [9.250105884004494, 51.47323162664755], [9.252180972205027, 51.47301062816169], [9.252186478289513, 51.47298443945202], [9.252126787437714, 51.47178635710546], [9.250017214978248, 51.47200016208422]]]]}, "properties": {"jahr": 2026, "schlag_id": 58, "name_sl": "Berg I", "ha_calc": 1.9996, "betrieb_name": "Uwe Rüddenklau", "frucht_kurz": "AB", "inaktiv": 0}}, {"type": "Feature", "geometry": {"type": "MultiPolygon", "coordinates": [[[[9.298274292488562, 51.50101576726753], [9.299786279912825, 51.50213143320655], [9.300222362340351, 51.502366629774805], [9.300626937187323, 51.50251905897317], [9.300864615074218, 51.50240115517753], [9.301062874564202, 51.50227496586097], [9.301388242027798, 51.50196242658067], [9.301746250361994, 51.50163462965067], [9.302056301706559, 51.501412129628896], [9.300726349220042, 51.50048268462234], [9.300612812790256, 51.50053749093888], [9.30010354418236, 51.500598809397836], [9.30006529148181, 51.500603205712764], [9.298377455129415, 51.50093513447698], [9.298274292488562, 51.50101576726753]]]]}, "properties": {"jahr": 2026, "schlag_id": 68, "name_sl": "Ost.Höhe u.", "ha_calc": 3.2214, "betrieb_name": "Armin Pöppler", "frucht_kurz": "WW", "inaktiv": 0}}, {"type": "Feature", "geometry": {"type": "MultiPolygon", "coordinates": [[[[9.280674219538554, 51.50329034988753], [9.2815072882899, 51.50287399157448], [9.281059275492106, 51.502617880932725], [9.280393428474794, 51.502305137912735], [9.279831268035593, 51.50209930465879], [9.279234510278382, 51.50185068668867], [9.279051102376858, 51.50180825957969], [9.278914267887597, 51.501894314915425], [9.278677120979031, 51.50242354288752], [9.279836223628918, 51.50290657551823], [9.280674219538554, 51.50329034988753]]]]}, "properties": {"jahr": 2026, "schlag_id": 209, "name_sl": "Am Eselspfad Armin", "ha_calc": 1.4409, "betrieb_name": "Armin Pöppler", "frucht_kurz": "WG", "inaktiv": 0}}, {"type": "Feature", "geometry": {"type": "MultiPolygon", "coordinates": [[[[9.287260557192571, 51.514862079855256], [9.288139936715027, 51.51450271438254], [9.289453073701441, 51.51393509208982], [9.2893145898093, 51.51376397648414], [9.289107500438638, 51.51360731834559], [9.289152799933149, 51.513528621542754], [9.289267204348523, 51.51351405070841], [9.28949623987639, 51.51352062855754], [9.289588426120039, 51.51361327359798], [9.29000188221754, 51.513812284284455], [9.290322424976878, 51.51380434560891], [9.290551188810353, 51.51376805757831], [9.290870682384014, 51.513595806106814], [9.291509479506686, 51.513222724671586], [9.291554454545835, 51.51309401915583], [9.291370716034777, 51.51300874766237], [9.290807371490104, 51.51264580032773], [9.290428179135597, 51.512432419268755], [9.289899832844435, 51.5121693978927], [9.288854879227358, 51.511686183522954], [9.288430179249042, 51.511515772790986], [9.28683217413538, 51.51229126078151], [9.284362392619744, 51.51098277558443], [9.284273653609183, 51.511440212568324], [9.284127355514457, 51.51184778059864], [9.283890707377292, 51.51245560192461], [9.283846423324402, 51.512698608148945], [9.283870122980945, 51.51282714416359], [9.2839393976964, 51.51291984920744], [9.284089263771612, 51.513083799454805], [9.284927795038207, 51.513517550242085], [9.286168110797297, 51.51411462727986], [9.287260557192571, 51.514862079855256]]]]}, "properties": {"jahr": 2026, "schlag_id": 170, "name_sl": "auf dem Rott", "ha_calc": 11.7417, "betrieb_name": "Armin Pöppler", "frucht_kurz": "WG", "inaktiv": 0}}, {"type": "Feature", "geometry": {"type": "MultiPolygon", "coordinates": [[[[9.243987649798573, 51.4826052762783], [9.24496666644326, 51.48249352950225], [9.245663360332935, 51.48241400437938], [9.245897420197766, 51.4820391206589], [9.245986620763667, 51.481890661750334], [9.24366145964936, 51.4821622989852], [9.242184382470153, 51.48233483397388], [9.242239335677802, 51.482426305866575], [9.242385038489894, 51.48279620918113], [9.243032646661403, 51.48271861877648], [9.243382275187505, 51.48267672515391], [9.243987649798573, 51.4826052762783]]]]}, "properties": {"jahr": 2026, "schlag_id": 23, "name_sl": "Agfeld", "ha_calc": 1.3187, "betrieb_name": "Sebastian Ide-Knorr", "frucht_kurz": "WW", "inaktiv": 0}}, {"type": "Feature", "geometry": {"type": "MultiPolygon", "coordinates": [[[[9.209772540967766, 51.48199054035036], [9.21029429553922, 51.481968021359805], [9.21022597803887, 51.481836966335635], [9.210148054223282, 51.48169346087746], [9.210067713008524, 51.481586761416395], [9.209976870350507, 51.48146550349508], [9.209865116440483, 51.48133133174878], [9.209779717182842, 51.48125909089135], [9.209507379393608, 51.48115401117655], [9.209772540967766, 51.48199054035036]]]]}, "properties": {"jahr": 2026, "schlag_id": 63, "name_sl": "53", "ha_calc": 0.2442, "betrieb_name": "Desenberg GbR", "frucht_kurz": "AG", "inaktiv": 0}}, {"type": "Feature", "geometry": {"type": "MultiPolygon", "coordinates": [[[[9.231650599341016, 51.48336350834903], [9.231502556153533, 51.483522710852604], [9.231235521312996, 51.48380726606812], [9.231058275405054, 51.48399897401507], [9.230991125344874, 51.484071730918544], [9.230785688282868, 51.4842962081751], [9.230663677475022, 51.484423997244264], [9.230500989712146, 51.484604302227424], [9.230462112409821, 51.484647388025564], [9.230412411441035, 51.48469745828869], [9.230258059979551, 51.48486323693075], [9.229975500817815, 51.485166707060564], [9.229979445262005, 51.485168399875896], [9.229933397340226, 51.48521883402154], [9.22985674144068, 51.48530389418329], [9.231589140324841, 51.48606963935446], [9.232212528949615, 51.4863453809341], [9.232355487025398, 51.48618819893485], [9.232615999244821, 51.48590937469386], [9.232641064625902, 51.485882546365765], [9.232772066795514, 51.48574233394835], [9.232816439262304, 51.48569218164248], [9.232871867868841, 51.48563186139312], [9.233019737550189, 51.4854709364367], [9.233138843306005, 51.48533974301776], [9.233345159762175, 51.485119211785765], [9.233414748236587, 51.48504518885924], [9.233589826837662, 51.48485276265332], [9.23385684064791, 51.48456577598215], [9.234003994946239, 51.484402706595546], [9.233298468318173, 51.48409672292064], [9.232470703349183, 51.4837284171068], [9.231650599341016, 51.48336350834903]]]]}, "properties": {"jahr": 2026, "schlag_id": 133, "name_sl": "Growe", "ha_calc": 4.9729, "betrieb_name": "Sebastian Ide-Knorr", "frucht_kurz": "WW", "inaktiv": 0}}, {"type": "Feature", "geometry": {"type": "MultiPolygon", "coordinates": [[[[9.235572288451008, 51.48656515519989], [9.235418882868519, 51.486727976122275], [9.23520728080751, 51.48695643215726], [9.235110338935213, 51.48705855535779], [9.237463590118926, 51.48810074080757], [9.237553495848962, 51.48800411631541], [9.23777225477063, 51.487768448368854], [9.237926912235967, 51.487603407283636], [9.237952077469398, 51.48757654521611], [9.238020909407798, 51.4875017808382], [9.238024302984027, 51.487503312052176], [9.238133182870422, 51.48737940712124], [9.23824409093759, 51.48725417505791], [9.238337146116276, 51.48715421968226], [9.23865904166216, 51.48681094941614], [9.236337743992367, 51.48575803716837], [9.236340591889295, 51.48575476334784], [9.236330821166057, 51.485750332086184], [9.2359846802761, 51.48611717237283], [9.2358923357116, 51.48621676940011], [9.235767916272055, 51.486349951443174], [9.235679046066025, 51.48644508766458], [9.235681089770699, 51.4864460098384], [9.235599435489668, 51.486536347456514], [9.235572288451008, 51.48656515519989]]]]}, "properties": {"jahr": 2026, "schlag_id": 250, "name_sl": "lange Hecke 1", "ha_calc": 3.3255, "betrieb_name": "Sebastian Ide-Knorr", "frucht_kurz": "SM", "inaktiv": 0}}, {"type": "Feature", "geometry": {"type": "MultiPolygon", "coordinates": [[[[9.223309630887918, 51.4806848266125], [9.223300222950368, 51.480681911845714], [9.22359063276105, 51.48052005674953], [9.224340553926638, 51.480245538320354], [9.225087637165629, 51.47982447129823], [9.225735862141864, 51.479465503188855], [9.226098529434603, 51.47928594324679], [9.225281420690056, 51.478909163813434], [9.224127660706717, 51.47839887983136], [9.222939820110133, 51.47788608180402], [9.222520006065253, 51.47826665609171], [9.222100571047704, 51.47872825023189], [9.22160804938859, 51.47916972920089], [9.221285279166304, 51.47949948554534], [9.220996592635203, 51.4800654999033], [9.220929354553034, 51.48027796892994], [9.222893899257906, 51.480621179152095], [9.223309630887918, 51.4806848266125]]]]}, "properties": {"jahr": 2026, "schlag_id": 120, "name_sl": "Mühlenplan", "ha_calc": 6.0995, "betrieb_name": "Desenberg GbR", "frucht_kurz": "SM", "inaktiv": 0}}, {"type": "Feature", "geometry": {"type": "MultiPolygon", "coordinates": [[[[9.250077699358208, 51.473302703002915], [9.250255537972167, 51.4759905816184], [9.25243564905903, 51.47608816100566], [9.252200658933663, 51.47306725170605], [9.250077699358208, 51.473302703002915]]]]}, "properties": {"jahr": 2026, "schlag_id": 125, "name_sl": "vorm Brand", "ha_calc": 4.7545, "betrieb_name": "Uwe Rüddenklau", "frucht_kurz": "SM", "inaktiv": 0}}, {"type": "Feature", "geometry": {"type": "MultiPolygon", "coordinates": [[[[9.297930055072223, 51.50055492182591], [9.298045415641853, 51.500692014662455], [9.298169545828333, 51.50082358958226], [9.29828418876471, 51.50085077478686], [9.298442676335391, 51.500850370789074], [9.300772448830719, 51.5003113475216], [9.301247325774865, 51.497556899240635], [9.300542480428156, 51.49748177470762], [9.300331106897982, 51.49747132633838], [9.299811477696236, 51.49744518119637], [9.299529670849648, 51.49743491177678], [9.299062399185246, 51.497337188279815], [9.299062399185246, 51.497337188279815], [9.29864849438712, 51.497321758730266], [9.298554706620624, 51.49778911245597], [9.298460701138907, 51.49822349384158], [9.298435618819179, 51.498426889945605], [9.298255363377946, 51.49913626414015], [9.297930055072223, 51.50055492182591]]]]}, "properties": {"jahr": 2026, "schlag_id": 334, "name_sl": "Ellermann", "ha_calc": 6.6571, "betrieb_name": "Armin Pöppler", "frucht_kurz": "WW", "inaktiv": 0}}, {"type": "Feature", "geometry": {"type": "MultiPolygon", "coordinates": [[[[9.239122315379339, 51.47705682960244], [9.239626966817823, 51.47710321357516], [9.24040180022231, 51.47718717841405], [9.241531764081856, 51.47729075666095], [9.2414916623004, 51.477030095081474], [9.24141814236773, 51.47653550644352], [9.241351306065301, 51.47650877192255], [9.241069859202044, 51.476491115708264], [9.239382976958806, 51.476308263015255], [9.239276038874921, 51.47634502298159], [9.239212544387616, 51.47661905182156], [9.239139024454945, 51.47698330966978], [9.239122315379339, 51.47705682960244]]]]}, "properties": {"jahr": 2026, "schlag_id": 122, "name_sl": "A-Feld", "ha_calc": 1.3415, "betrieb_name": "Desenberg GbR", "frucht_kurz": "SM", "inaktiv": 0}}, {"type": "Feature", "geometry": {"type": "MultiPolygon", "coordinates": [[[[9.256407799523757, 51.49671025793632], [9.260065703904326, 51.496976534546484], [9.260116027259468, 51.49686153815425], [9.260179971508721, 51.496721330686995], [9.2602769086376, 51.49641480631204], [9.260338267460408, 51.49608613363553], [9.260400518441825, 51.496104518395704], [9.260998337654746, 51.49617109461583], [9.26137215172127, 51.495294283145896], [9.257422028489563, 51.49499571839904], [9.257284655612336, 51.495003958280606], [9.25715676189211, 51.495023788598104], [9.257078857542572, 51.495090828891996], [9.256785988220027, 51.495782532866514], [9.257400748315437, 51.495816656048625], [9.257406060460644, 51.49588530995339], [9.25733996350114, 51.496004858398294], [9.256703852646758, 51.495969250854486], [9.256407799523757, 51.49671025793632]]]]}, "properties": {"jahr": 2026, "schlag_id": 80, "name_sl": "Banger IV", "ha_calc": 5.3327, "betrieb_name": "Schmidt GbR", "frucht_kurz": "WW", "inaktiv": 0}}, {"type": "Feature", "geometry": {"type": "MultiPolygon", "coordinates": [[[[9.239355090926653, 51.46510248205624], [9.23945465209963, 51.4667690705276], [9.240548979854532, 51.46678106190291], [9.240443888731507, 51.46510463903925], [9.240358914718204, 51.465064917750716], [9.239355090926653, 51.46510248205624]]]]}, "properties": {"jahr": 2026, "schlag_id": 129, "name_sl": "2011-00/ Walme Uwe", "ha_calc": 1.4256, "betrieb_name": "Uwe Rüddenklau", "frucht_kurz": "WG", "inaktiv": 0}}, {"type": "Feature", "geometry": {"type": "MultiPolygon", "coordinates": [[[[9.238296894954148, 51.48122040837866], [9.241654606269202, 51.48163513525199], [9.241449760563572, 51.48122038912436], [9.241449633842633, 51.48060928372294], [9.238491469371935, 51.48029624727635], [9.238296894954148, 51.48122040837866]]]]}, "properties": {"jahr": 2026, "schlag_id": 128, "name_sl": "Achfeld VII", "ha_calc": 2.3281, "betrieb_name": "Schmidt GbR", "frucht_kurz": "AG", "inaktiv": 0}}, {"type": "Feature", "geometry": {"type": "MultiPolygon", "coordinates": [[[[9.311380543865088, 51.45232977620387], [9.311543722868917, 51.45268511208742], [9.31175585144359, 51.45279317098179], [9.311918916959172, 51.45287365232705], [9.312239472036866, 51.45290472784445], [9.313757514065198, 51.452893977766614], [9.31379031289587, 51.45243966389396], [9.313575432972238, 51.45238541468251], [9.313321832279778, 51.452334282861386], [9.313012308674516, 51.45231300338135], [9.312715148983449, 51.45230152257432], [9.311380543865088, 51.45232977620387]]]]}, "properties": {"jahr": 2026, "schlag_id": 8, "name_sl": "Tinkenberg II", "ha_calc": 0.9698, "betrieb_name": "Desenberg GbR", "frucht_kurz": "WR", "inaktiv": 0}}, {"type": "Feature", "geometry": {"type": "MultiPolygon", "coordinates": [[[[9.31104031254299, 51.45606421490236], [9.311828885881033, 51.45610303940076], [9.312345579286402, 51.45622381208947], [9.312888309885357, 51.45635792515824], [9.313224089412548, 51.45646713099611], [9.313286958292224, 51.45640435778531], [9.312457281248896, 51.456044082686404], [9.311892944310202, 51.45587622499143], [9.31152002683961, 51.45582215845379], [9.31104031254299, 51.45606421490236]]]]}, "properties": {"jahr": 2026, "schlag_id": 323, "name_sl": "Hinter der Laibe", "ha_calc": 0.3045, "betrieb_name": "Desenberg GbR", "frucht_kurz": "Br", "inaktiv": 0}}, {"type": "Feature", "geometry": {"type": "MultiPolygon", "coordinates": [[[[9.301838158850064, 51.46010786738253], [9.303374794336513, 51.460439989605504], [9.303605087929675, 51.460472248334746], [9.30377032386165, 51.460476486591084], [9.303864390354892, 51.460456079299185], [9.304097502949098, 51.46033224888129], [9.301938395240844, 51.45985156813308], [9.301838158850064, 51.46010786738253]]]]}, "properties": {"jahr": 2026, "schlag_id": 49, "name_sl": "Auf dem Graben", "ha_calc": 0.4201, "betrieb_name": "Desenberg GbR", "frucht_kurz": "SM", "inaktiv": 0}}, {"type": "Feature", "geometry": {"type": "MultiPolygon", "coordinates": [[[[9.276787190117139, 51.471379933736344], [9.277258899822776, 51.47137467622592], [9.2779947291112, 51.46771913177166], [9.277476908097633, 51.467728790227085], [9.276787190117139, 51.471379933736344]]]]}, "properties": {"jahr": 2026, "schlag_id": 21, "name_sl": "Hohewiese II", "ha_calc": 1.3922, "betrieb_name": "Desenberg GbR", "frucht_kurz": "SM", "inaktiv": 0}}, {"type": "Feature", "geometry": {"type": "MultiPolygon", "coordinates": [[[[9.238026243662123, 51.480894258125545], [9.238263037536482, 51.47982520602909], [9.23845218500598, 51.47981774222794], [9.235409622246099, 51.479481191365586], [9.235547289990647, 51.47956935655979], [9.235729620047552, 51.47973481864998], [9.236721981510637, 51.48075819292624], [9.238026243662123, 51.480894258125545]]]]}, "properties": {"jahr": 2026, "schlag_id": 29, "name_sl": "Klankeland", "ha_calc": 1.7851, "betrieb_name": "Desenberg GbR", "frucht_kurz": "SM", "inaktiv": 0}}, {"type": "Feature", "geometry": {"type": "MultiPolygon", "coordinates": [[[[9.228958004933098, 51.47790947563999], [9.228893212152627, 51.47794500292277], [9.228823170070218, 51.47798046236191], [9.228745368487473, 51.47802446302652], [9.228667560647438, 51.47806724563843], [9.22862304023373, 51.478088053777434], [9.228434182404897, 51.478188719028836], [9.228190419953764, 51.47831871614387], [9.228060642014935, 51.47838781764578], [9.227796802493817, 51.47851905571322], [9.227516721024783, 51.47868814149361], [9.227159435297002, 51.478840178568255], [9.227199020538684, 51.4788825033944], [9.227716977993063, 51.479079866504556], [9.227987764137115, 51.47925475869226], [9.228198717421087, 51.47958110954136], [9.228392338671032, 51.47974583251616], [9.228657571151741, 51.479910415179496], [9.228845859602066, 51.48010954385048], [9.229072190795335, 51.48020540963169], [9.229226065246934, 51.480132876487644], [9.229538974860732, 51.4799190074076], [9.229714586807756, 51.47978795770513], [9.23002177516769, 51.47953282332277], [9.230377770872675, 51.47912624945053], [9.230843282333009, 51.4784778859084], [9.231072847927035, 51.47827414907603], [9.231228473227892, 51.478136026370194], [9.231431864364735, 51.478038605580025], [9.231460427629631, 51.47802492685336], [9.231741646787375, 51.478130769528946], [9.232688337293418, 51.4773621121924], [9.232662775443282, 51.47721891193328], [9.232126488300509, 51.47690935256296], [9.231461275793288, 51.476580444190176], [9.23098942862992, 51.47683053262927], [9.230399863124022, 51.47714286417377], [9.22998111869175, 51.477364711438355], [9.229566530871535, 51.47758438541624], [9.229006684531884, 51.477883529900474], [9.228958004933098, 51.47790947563999]]]]}, "properties": {"jahr": 2026, "schlag_id": 78, "name_sl": "Mühlenweg", "ha_calc": 6.1415, "betrieb_name": "Desenberg GbR", "frucht_kurz": "WG", "inaktiv": 0}}, {"type": "Feature", "geometry": {"type": "MultiPolygon", "coordinates": [[[[9.227204814703597, 51.47499097140682], [9.22517634276847, 51.47528603192313], [9.222623333874498, 51.47557599172674], [9.2214393082288, 51.475766265848065], [9.219963716334544, 51.47592068469342], [9.219226193644147, 51.476055507504185], [9.218275189442359, 51.47623318184296], [9.217499065949472, 51.476422654011245], [9.217625027537807, 51.478393659323984], [9.219343507495772, 51.47823274933331], [9.220576523527441, 51.47811518833232], [9.221275634984043, 51.47806534472154], [9.222722507756838, 51.47798374840423], [9.223601821676779, 51.477048005994284], [9.224210783508232, 51.47644636997346], [9.224210783508232, 51.47644636997346], [9.227204814703597, 51.47499097140682]]]]}, "properties": {"jahr": 2026, "schlag_id": 150, "name_sl": "33 Morgen", "ha_calc": 12.0541, "betrieb_name": "Desenberg GbR", "frucht_kurz": "WR", "inaktiv": 0}}, {"type": "Feature", "geometry": {"type": "MultiPolygon", "coordinates": [[[[9.241198867934692, 51.492148026914855], [9.241099368364397, 51.49314570914461], [9.242568249471473, 51.49340860436914], [9.242619211930924, 51.493417720540045], [9.242618346825429, 51.4934256138934], [9.242947629826418, 51.49347659435053], [9.243394512997641, 51.49355810459467], [9.243612921081167, 51.49358910839937], [9.243658943383618, 51.49355479468895], [9.243725861347972, 51.49350490596135], [9.243815477584361, 51.49235785930318], [9.243742540306105, 51.49235341829659], [9.243040677881893, 51.492310630021414], [9.242713278708846, 51.49228739240651], [9.242649145705569, 51.492281494388735], [9.241198867934692, 51.492148026914855]]]]}, "properties": {"jahr": 2026, "schlag_id": 2, "name_sl": "Bünge 2", "ha_calc": 2.2805, "betrieb_name": "Sebastian Ide-Knorr", "frucht_kurz": "WG", "inaktiv": 0}}, {"type": "Feature", "geometry": {"type": "MultiPolygon", "coordinates": [[[[9.238911781026696, 51.4776332927109], [9.238911781026696, 51.47751967099677], [9.23894519917791, 51.47740604928264], [9.235786005038987, 51.47661992858191], [9.23573066555592, 51.476725979081294], [9.235507688318217, 51.47676724580935], [9.235193264133965, 51.47703387461757], [9.234701388966235, 51.47685021014352], [9.23462128109969, 51.47693660221114], [9.233681846820662, 51.47662948735387], [9.233269366664942, 51.4769788291097], [9.233166498218933, 51.47711556718598], [9.23312697526146, 51.47726295783512], [9.233133353459046, 51.47738510617516], [9.233168463751621, 51.477500011290175], [9.235283892786494, 51.478232334049636], [9.23591204744723, 51.478421496227746], [9.238470179007068, 51.47870576618706], [9.238527902812503, 51.478508444522056], [9.23772457357275, 51.47842860523062], [9.236779062051463, 51.47834231080989], [9.237105599539655, 51.47758035022583], [9.238898413766211, 51.477766965315766], [9.238911781026696, 51.4776332927109]]], [[[9.237130877560919, 51.476058848777114], [9.236148643385935, 51.47574569538237], [9.234855450639511, 51.475332955018764], [9.23458091769005, 51.47563119224913], [9.234344609136217, 51.47588701890907], [9.234872131105115, 51.47605637548548], [9.235294985698886, 51.476192143594645], [9.235556633583572, 51.47629018867743], [9.235534719961743, 51.476313163511165], [9.23534467477228, 51.47648781940297], [9.235771269491154, 51.47661078600754], [9.2389284901023, 51.477380985669214], [9.23895522462327, 51.477304123921435], [9.23897861732912, 51.47716376768632], [9.239045453631547, 51.47689976429175], [9.239088897228125, 51.47664912815764], [9.239152391715432, 51.47632497209086], [9.239105606303733, 51.476268161233804], [9.238449877658654, 51.476201032118055], [9.237130877560919, 51.476058848777114]]]]}, "properties": {"jahr": 2026, "schlag_id": 216, "name_sl": "Walme", "ha_calc": 7.9967, "betrieb_name": "Desenberg GbR", "frucht_kurz": "SM", "inaktiv": 0}}, {"type": "Feature", "geometry": {"type": "MultiPolygon", "coordinates": [[[[9.215848461257714, 51.48892548211133], [9.215957295245943, 51.489868114350585], [9.215937512784476, 51.48986498975223], [9.216059245509877, 51.49123260614387], [9.216060455932347, 51.49180634547898], [9.216042723959818, 51.4919920468958], [9.216040958820065, 51.49201053263502], [9.215990966908498, 51.49217306697988], [9.215981463742505, 51.492203963662256], [9.215849832023423, 51.492550491457166], [9.215801495501486, 51.49268710015334], [9.215685615129313, 51.493007081171825], [9.215670408072064, 51.4930485830291], [9.215330713517535, 51.49398528769647], [9.21519350448623, 51.49437311077593], [9.215168663331257, 51.49444368296708], [9.215025556850351, 51.494817152123844], [9.21500276307549, 51.49487663720472], [9.215024364557932, 51.49489021793045], [9.215035359979098, 51.494897130743354], [9.215014901602329, 51.49493584305308], [9.215009457099843, 51.494946145432706], [9.214971870625227, 51.494965533016966], [9.214878144342974, 51.495195555146275], [9.214857764126595, 51.49523995672495], [9.214824653041633, 51.49531209433346], [9.214752194871963, 51.495464326670216], [9.214637830914171, 51.49565998398748], [9.21464514042011, 51.49570083718057], [9.214726386670453, 51.495726451498655], [9.21474781889982, 51.49574867987994], [9.214782803184491, 51.4957849635819], [9.21476026953698, 51.4958617606246], [9.214734549159628, 51.49594941813186], [9.214638458117783, 51.49609529790705], [9.214390739386983, 51.4963835916054], [9.21422186944552, 51.49656491204487], [9.214183690683953, 51.496621335272934], [9.21416427891149, 51.496653190850516], [9.214107856614863, 51.49676167843341], [9.21408865669081, 51.49691629397572], [9.214115181611593, 51.49710902825792], [9.21412577650256, 51.49720791531847], [9.214500462924233, 51.497269092342414], [9.215205071718788, 51.49737832977727], [9.216442204026892, 51.497572055181315], [9.21827431085964, 51.49785824711641], [9.218773124042393, 51.49793486013251], [9.219014140776066, 51.49796848432038], [9.219252175501923, 51.49799732342552], [9.219743379932442, 51.49805484142681], [9.220233453321782, 51.49808992888436], [9.220338898865934, 51.498099258688875], [9.220410417481858, 51.498102057950675], [9.220513350518065, 51.49810731351833], [9.220939518054587, 51.49721317750436], [9.221415204778875, 51.496189248797755], [9.221586252963412, 51.495816851221306], [9.221830935959902, 51.495294235884835], [9.222397476994265, 51.49408412033808], [9.222990067351105, 51.492818292629984], [9.22318018181885, 51.492412175212735], [9.223417177475364, 51.49179034865395], [9.223150907599317, 51.49167602360225], [9.223272822784653, 51.49152905935305], [9.223559186870872, 51.491573169757935], [9.223771572012582, 51.49111980960159], [9.219517054279907, 51.49045163141959], [9.218893160498618, 51.49034434705244], [9.218694483454506, 51.49031013466706], [9.223784551393344, 51.491116257439565], [9.223927576309816, 51.4907919853807], [9.22406018524135, 51.49052435862336], [9.22412500641564, 51.49038200918107], [9.224087713662405, 51.49032255866355], [9.223926460133487, 51.49023224969698], [9.223668444391258, 51.4901665969956], [9.220275062197464, 51.48961540689552], [9.21807001749872, 51.48925718069443], [9.215848461257714, 51.48892548211133]]]]}, "properties": {"jahr": 2026, "schlag_id": 253, "name_sl": "21", "ha_calc": 45.6028, "betrieb_name": "Desenberg GbR", "frucht_kurz": "WW", "inaktiv": 0}}, {"type": "Feature", "geometry": {"type": "MultiPolygon", "coordinates": [[[[9.31891080974562, 51.45520810329833], [9.318967522118422, 51.455972834915], [9.319212962859227, 51.45605352551331], [9.319558670617115, 51.45615215401649], [9.319907639513735, 51.45616612532559], [9.320319405190395, 51.45617333890114], [9.320181558085679, 51.45478794702681], [9.319759995960084, 51.45479558620336], [9.319406222264986, 51.45486957225226], [9.318952693435543, 51.45498463465576], [9.318949642916397, 51.45503611789081], [9.31891080974562, 51.45520810329833]]]]}, "properties": {"jahr": 2026, "schlag_id": 320, "name_sl": "Bodenberg", "ha_calc": 1.2816, "betrieb_name": "Desenberg GbR", "frucht_kurz": "WR", "inaktiv": 0}}, {"type": "Feature", "geometry": {"type": "MultiPolygon", "coordinates": [[[[9.233852218326737, 51.475840637322115], [9.23404058480822, 51.47562822599808], [9.23425142125368, 51.47539257952933], [9.234535275627195, 51.475469500031544], [9.234820875740741, 51.4751541293291], [9.23508321793701, 51.47485705568034], [9.23495212250277, 51.474826063136526], [9.233705762674429, 51.47457966355888], [9.232441084477903, 51.47436917077449], [9.232263496219556, 51.474353796150076], [9.231657763102778, 51.4744318793108], [9.230763685610754, 51.474534323975895], [9.230755222131721, 51.47456666599067], [9.2310359417509, 51.47463345616943], [9.23191326617228, 51.474856961519635], [9.232151809503018, 51.47491371480043], [9.232512793711994, 51.47501982098447], [9.232620377315811, 51.47507494548288], [9.232712289441483, 51.47512204352925], [9.23279472762031, 51.475198566064485], [9.232878130676387, 51.47537672486452], [9.23289853448001, 51.475504574626676], [9.2330201633319, 51.47556824364283], [9.233321458621889, 51.475712734665834], [9.233508647507637, 51.47577059730118], [9.23350961220036, 51.47577161809986], [9.233522214933679, 51.47575505887523], [9.233852218326737, 51.475840637322115]]]]}, "properties": {"jahr": 2026, "schlag_id": 17, "name_sl": "Baumgarten", "ha_calc": 2.1763, "betrieb_name": "Desenberg GbR", "frucht_kurz": "WR", "inaktiv": 0}}, {"type": "Feature", "geometry": {"type": "MultiPolygon", "coordinates": [[[[9.203291820163182, 51.49932076863309], [9.203011264276185, 51.49951573119863], [9.202773505049915, 51.499682162657024], [9.202569032115324, 51.49986761485351], [9.202402600656935, 51.500019780758315], [9.202126799954465, 51.500262295169115], [9.201944914146367, 51.50065578668858], [9.202045239367191, 51.50074307928161], [9.203648459002585, 51.501219276054826], [9.20377684898477, 51.5011420043063], [9.203919504520531, 51.50117291300571], [9.203660346963897, 51.501617522758835], [9.2048134792113, 51.50184933800445], [9.205165362866177, 51.501909966607144], [9.205262844148947, 51.50193255373364], [9.20531871756712, 51.50194087530656], [9.205413821257627, 51.50195632965628], [9.206356536589782, 51.502125138706916], [9.206688210710427, 51.50218220092123], [9.206725732201088, 51.50218853682151], [9.206689246162183, 51.502220462378006], [9.206692965894952, 51.50222143119355], [9.20670128746787, 51.50222143119356], [9.206709609040791, 51.502227375174215], [9.206751216905388, 51.50223213035874], [9.20694855706319, 51.50222856397034], [9.207325405436826, 51.502215487212894], [9.208635458773566, 51.50217506814444], [9.20893028021414, 51.5021655577754], [9.20922272406245, 51.502166746571525], [9.209296413017244, 51.50204818829738], [9.209471132217184, 51.50178862519414], [9.20956769567381, 51.50164500242382], [9.209574721599123, 51.50163454951162], [9.209794017905093, 51.5013083000584], [9.210173957901572, 51.500742144651866], [9.211236717758021, 51.499170408314534], [9.211351042441672, 51.49900132429265], [9.211552347017832, 51.498703581484115], [9.211639748450178, 51.49857433671861], [9.211709646177331, 51.49847124985017], [9.211781985217005, 51.498364562582914], [9.212179278209991, 51.497778614309986], [9.212446380190157, 51.497375872111995], [9.212562052395397, 51.4971405165282], [9.212552542026344, 51.49709296468295], [9.212493102219778, 51.497069188760335], [9.212407508898321, 51.49705967839127], [9.212226811886357, 51.497007371361505], [9.211463604770035, 51.49683856231084], [9.21126388701997, 51.49678150009653], [9.210952422433557, 51.49672206028998], [9.210322360483945, 51.496584159938735], [9.21005369255826, 51.49652709772443], [9.209853974808196, 51.49649618902502], [9.209231045635372, 51.49639395255771], [9.208974265671001, 51.49634402312021], [9.20822056892373, 51.49624416424517], [9.207899593968268, 51.49618472443859], [9.207727079295537, 51.496194327993834], [9.207690365849151, 51.496144305370144], [9.20762335541603, 51.49612073245342], [9.207304154956624, 51.49606634840382], [9.20668295028656, 51.49596049705381], [9.206641736675568, 51.49595347884478], [9.205012173370548, 51.4956899081693], [9.204996581094738, 51.49570755472152], [9.204949564850669, 51.49576076379391], [9.20483019014267, 51.496018675336934], [9.204654709134452, 51.496397801526896], [9.204442530786405, 51.496856201589125], [9.204126647143413, 51.497538634992345], [9.204112464090791, 51.49758430883843], [9.204076521768872, 51.497646923266934], [9.204041295034827, 51.497723024917555], [9.204007475434251, 51.497825263099855], [9.203905238966955, 51.4980582671416], [9.203843421568125, 51.49819854508512], [9.20352957938945, 51.49892608831749], [9.203377413484638, 51.49919237865091], [9.203291820163182, 51.49932076863309]]]]}, "properties": {"jahr": 2026, "schlag_id": 245, "name_sl": "Desenberg", "ha_calc": 33.9515, "betrieb_name": "Desenberg GbR", "frucht_kurz": "WG", "inaktiv": 0}}, {"type": "Feature", "geometry": {"type": "MultiPolygon", "coordinates": [[[[9.224539151967754, 51.48953286381744], [9.224501961495955, 51.489362727945164], [9.22440093205881, 51.489147325954804], [9.224318219017622, 51.48896025662103], [9.224308377270564, 51.48880708894216], [9.224334803278941, 51.48863683096829], [9.224279801553454, 51.488540485657985], [9.22409723583844, 51.48837630189939], [9.223714016392396, 51.48806498885041], [9.223531538076818, 51.48791782476443], [9.223312015319078, 51.48762889170229], [9.22313779449467, 51.48731150390396], [9.2230547568215, 51.4870563513129], [9.223026245056916, 51.48680109468354], [9.223061095873843, 51.48649465499629], [9.223160224429533, 51.48632425853259], [9.222887158539722, 51.48623400201344], [9.222550537562759, 51.486155212975746], [9.222386826544767, 51.48612715650557], [9.222159448927046, 51.48608787361028], [9.222077718011317, 51.48609937599803], [9.221786232485709, 51.48595808968263], [9.221622164061122, 51.48585627629869], [9.22153096010904, 51.48578836615403], [9.2211575276931, 51.485613191999256], [9.221066269888931, 51.485533934434926], [9.220975534944925, 51.485562473813495], [9.220930456146846, 51.485636315510455], [9.221423566054462, 51.48612898426111], [9.221944280467937, 51.486689681456745], [9.222382914930082, 51.487188123048206], [9.222538428504395, 51.487397749599616], [9.22257519450576, 51.48748278329412], [9.222712368300297, 51.48765840304484], [9.222794711906147, 51.48777171774905], [9.223105664936133, 51.48817394892203], [9.223215246040272, 51.48828153778243], [9.223179839353456, 51.48847450695544], [9.223928023565644, 51.48908014946075], [9.223928023565644, 51.48908014946075], [9.224539151967754, 51.48953286381744]]]]}, "properties": {"jahr": 2026, "schlag_id": 187, "name_sl": "61", "ha_calc": 2.2447, "betrieb_name": "Desenberg GbR", "frucht_kurz": "AG", "inaktiv": 0}}, {"type": "Feature", "geometry": {"type": "MultiPolygon", "coordinates": [[[[9.239000074500051, 51.457983463735026], [9.24005541088774, 51.45936206848476], [9.240470460060527, 51.45932782913103], [9.23942672635052, 51.457995627038976], [9.239000074500051, 51.457983463735026]]]]}, "properties": {"jahr": 2026, "schlag_id": 138, "name_sl": "Höhe II", "ha_calc": 0.4497, "betrieb_name": "Uwe Rüddenklau", "frucht_kurz": "SM", "inaktiv": 0}}, {"type": "Feature", "geometry": {"type": "MultiPolygon", "coordinates": [[[[9.247194354391532, 51.4824743049565], [9.24687463918746, 51.4823677711894], [9.245976808271573, 51.4820952503695], [9.245488607306358, 51.482866801367116], [9.245239261344466, 51.483260836112684], [9.244796577428664, 51.48396040625156], [9.244653328770891, 51.484188644604934], [9.245065470642857, 51.484076580476405], [9.245469153070989, 51.48396692930626], [9.245737620485666, 51.4837808431254], [9.246450008527306, 51.48326094361263], [9.247194354391532, 51.4824743049565]]]]}, "properties": {"jahr": 2026, "schlag_id": 118, "name_sl": "Grund Wiese", "ha_calc": 1.6022, "betrieb_name": "Sebastian Ide-Knorr", "frucht_kurz": "GL", "inaktiv": 0}}, {"type": "Feature", "geometry": {"type": "MultiPolygon", "coordinates": [[[[9.220614627597943, 51.498125638762964], [9.220807109750861, 51.498127124878216], [9.221517397186023, 51.498132606259254], [9.222017612100023, 51.498121350402016], [9.222518767371843, 51.49811007190742], [9.222787561267904, 51.49809733918534], [9.223583519329887, 51.498040884130795], [9.225638693103493, 51.49779886535678], [9.226506936918794, 51.49586184318122], [9.227355123411645, 51.493927055890275], [9.227717537752568, 51.49310030775583], [9.227884833159083, 51.49273310177793], [9.228425888559434, 51.49154546662785], [9.228471688809169, 51.49144493064046], [9.228449602729915, 51.49144567413404], [9.227801968756879, 51.49139898716725], [9.227721700153824, 51.491391438059615], [9.227623691329766, 51.49138986333092], [9.227472616481686, 51.49140812459157], [9.227220883824927, 51.491473498717205], [9.227110688235761, 51.491471659529815], [9.227050422462792, 51.491476119978635], [9.226861445330885, 51.4914207961875], [9.226661158684397, 51.491300400986574], [9.226441927323293, 51.4912299183242], [9.226273702577418, 51.49121310295504], [9.226036642660763, 51.49114716590282], [9.225560439457121, 51.4909403320952], [9.225130771815495, 51.49077945383485], [9.224828830514268, 51.490663796774356], [9.224656328721569, 51.490583309485345], [9.224301570502853, 51.490416569493014], [9.224191287385736, 51.490503391607135], [9.224151799084517, 51.490545726413515], [9.224073285830821, 51.4906272642704], [9.223931988865699, 51.49091089820319], [9.223897590489235, 51.49099040239091], [9.223707619332728, 51.49139622109461], [9.22368495792992, 51.49144593676626], [9.223655160749527, 51.49151130777423], [9.22324317168037, 51.492415129729615], [9.22249278603602, 51.49403040927062], [9.221974813637024, 51.49511943852195], [9.2218403367253, 51.4954137786195], [9.221610158612773, 51.49590895958566], [9.221498200626913, 51.49613302405686], [9.221373886196371, 51.49640047473926], [9.221263385832604, 51.49664468237601], [9.221203308375491, 51.496776372565684], [9.2209000778229, 51.49744104920481], [9.2208110007825, 51.497611429011855], [9.220799481996185, 51.497636209070336], [9.22153413770091, 51.49773371123889], [9.221530957358361, 51.49799588466982], [9.221031877836225, 51.49795404035645], [9.220662079710795, 51.49793618164448], [9.220614627597943, 51.498125638762964]]]]}, "properties": {"jahr": 2026, "schlag_id": 283, "name_sl": "10", "ha_calc": 25.7666, "betrieb_name": "Desenberg GbR", "frucht_kurz": "SM", "inaktiv": 0}}, {"type": "Feature", "geometry": {"type": "MultiPolygon", "coordinates": [[[[9.253063836532757, 51.48761836688739], [9.25343360502075, 51.48738844392022], [9.253434102895222, 51.48734871663826], [9.253434862933247, 51.4873037724764], [9.25344129754589, 51.48688430951619], [9.253446061819446, 51.48657346268656], [9.25301279470172, 51.486637496539906], [9.253000592547307, 51.48711119893098], [9.25300719437797, 51.4876191382677], [9.253063836532757, 51.48761836688739]]]]}, "properties": {"jahr": 2026, "schlag_id": 87, "name_sl": "Lambrech Stück", "ha_calc": 0.3056, "betrieb_name": "Sebastian Ide-Knorr", "frucht_kurz": "AG", "inaktiv": 0}}, {"type": "Feature", "geometry": {"type": "MultiPolygon", "coordinates": [[[[9.236832833754239, 51.48504883389523], [9.236003588671046, 51.484681456871066], [9.23517204480076, 51.4843130891433], [9.23447138453599, 51.48400260671912], [9.234349008113654, 51.48413992173451], [9.234847246361864, 51.48436353703707], [9.2353257301559, 51.48457389488361], [9.23550071984963, 51.48465083222012], [9.235688832420172, 51.484733926645504], [9.23576182774572, 51.48476617246362], [9.236036859017478, 51.484887659906484], [9.236145842106497, 51.48493580274401], [9.236666331769923, 51.48517252118892], [9.236716481314575, 51.48516902931255], [9.236832833754239, 51.48504883389523]]]]}, "properties": {"jahr": 2026, "schlag_id": 186, "name_sl": "Sportplatzwiese", "ha_calc": 0.3512, "betrieb_name": "Sebastian Ide-Knorr", "frucht_kurz": "GL", "inaktiv": 0}}, {"type": "Feature", "geometry": {"type": "MultiPolygon", "coordinates": [[[[9.25512245609664, 51.4895854168104], [9.254881924204884, 51.48919637840635], [9.254468119961434, 51.489568177864776], [9.254834010062197, 51.49019049018495], [9.25540194958061, 51.49003746559742], [9.255208307131937, 51.48972995417346], [9.25512245609664, 51.4895854168104]]]]}, "properties": {"jahr": 2026, "schlag_id": 139, "name_sl": "Floth Wiese 1", "ha_calc": 0.3665, "betrieb_name": "Sebastian Ide-Knorr", "frucht_kurz": "GL", "inaktiv": 0}}, {"type": "Feature", "geometry": {"type": "MultiPolygon", "coordinates": [[[[9.215223192963768, 51.49898510086932], [9.215258154341656, 51.498925118127524], [9.215355963403145, 51.49875564767061], [9.214870873004095, 51.4986013391111], [9.214841759245784, 51.49861381631471], [9.214531642831831, 51.49898114045397], [9.214569439083403, 51.498978241714035], [9.215223192963768, 51.49898510086932]]]]}, "properties": {"jahr": 2026, "schlag_id": 297, "name_sl": "Blühfläche Am Hof", "ha_calc": 0.1546, "betrieb_name": "Desenberg GbR", "frucht_kurz": "Br", "inaktiv": 0}}, {"type": "Feature", "geometry": {"type": "MultiPolygon", "coordinates": [[[[9.257583303591726, 51.4900956746961], [9.257725332110555, 51.49022483177152], [9.25793180209415, 51.490524111208735], [9.25798300019303, 51.49076047935786], [9.260582486458633, 51.49122637571355], [9.260650622586322, 51.491033631419015], [9.260806432739189, 51.49062949548128], [9.26087325988123, 51.49039482214707], [9.260828051363697, 51.49034978900934], [9.260395532896617, 51.490231787940765], [9.259699692559664, 51.49005780146738], [9.259209912184396, 51.48994352476911], [9.258835557455951, 51.48989052271174], [9.258581634433282, 51.489871739700845], [9.258359866878852, 51.48989236635235], [9.257976851856325, 51.48997694612729], [9.257583303591726, 51.4900956746961]]]]}, "properties": {"jahr": 2026, "schlag_id": 6, "name_sl": "Am Kruckenberg", "ha_calc": 2.1702, "betrieb_name": "Joachim Wetekam", "frucht_kurz": "SM", "inaktiv": 0}}, {"type": "Feature", "geometry": {"type": "MultiPolygon", "coordinates": [[[[9.205789764502974, 51.48269341563025], [9.205714581312131, 51.482601742059515], [9.205265654318392, 51.48269260951027], [9.205013238765616, 51.482739196749854], [9.204462844914405, 51.482860976252326], [9.204229489639921, 51.48291962780909], [9.20404090622787, 51.48297323670151], [9.204017533401444, 51.48298105705468], [9.203821407485217, 51.48305758254209], [9.203639677840998, 51.48316449639888], [9.203496583098161, 51.4832862781661], [9.203593763150899, 51.48336357257198], [9.20361855672934, 51.4833797946832], [9.203676617698813, 51.483429472760555], [9.203975754575728, 51.48366739556734], [9.203983609428397, 51.48366391555524], [9.204018288636552, 51.483648553970845], [9.204025968958712, 51.483646618119344], [9.204057044883104, 51.48363319698199], [9.204076528474868, 51.48362930648879], [9.204145932174212, 51.483611012444186], [9.204212694161505, 51.48359519930834], [9.20425055406193, 51.483583927835866], [9.20425136594056, 51.48358062378223], [9.20426077909481, 51.48356169595952], [9.204324779769463, 51.48343783637349], [9.20462400703525, 51.483205258310846], [9.204745752065595, 51.48310449090013], [9.204765342973515, 51.48309311372583], [9.204858981057138, 51.48304870349399], [9.205166499493316, 51.48290307222952], [9.205363745070319, 51.482827989369966], [9.205789764502974, 51.48269341563025]]]]}, "properties": {"jahr": 2026, "schlag_id": 52, "name_sl": "52", "ha_calc": 0.5957, "betrieb_name": "Desenberg GbR", "frucht_kurz": "Br", "inaktiv": 0}}, {"type": "Feature", "geometry": {"type": "MultiPolygon", "coordinates": [[[[9.203365787239896, 51.50173567201075], [9.202982636252939, 51.50207814955506], [9.202593482024843, 51.502463997307046], [9.20249148880568, 51.50255758352042], [9.202401264001292, 51.50264037111893], [9.20226194483761, 51.50276820533237], [9.202149545479198, 51.50287133830057], [9.201958169989632, 51.50301289739754], [9.201672830728668, 51.50325009147799], [9.201452568703708, 51.503433186616036], [9.201416873351072, 51.50345185730606], [9.201384417701277, 51.50346883348309], [9.20158753423335, 51.50349676588782], [9.201990928099947, 51.503552264632205], [9.202472482570132, 51.50361851466022], [9.203308248426751, 51.50373349212194], [9.203536098283925, 51.50376483859917], [9.203998557454165, 51.50382851180012], [9.204141809397091, 51.50385483707803], [9.204429498060877, 51.50357190359876], [9.204427120468615, 51.50347204472373], [9.204488937867444, 51.50343162565526], [9.204702921171085, 51.50332225641118], [9.204895506144364, 51.503231907905196], [9.205230746653402, 51.50306072126228], [9.206224580219205, 51.50255191651807], [9.206493248144888, 51.50242352653588], [9.206600663738353, 51.502358568543244], [9.206712737211772, 51.50230165578264], [9.206709203888373, 51.5022894434309], [9.205890885752085, 51.502141824869476], [9.206620773014276, 51.502272774557945], [9.206622579477425, 51.502271394465716], [9.206689246162608, 51.502220462378645], [9.206130822309639, 51.50211927289024], [9.205673236846492, 51.50203635351096], [9.204930573101883, 51.50190177039531], [9.20418349707599, 51.501766382241776], [9.204011013406467, 51.501735123348205], [9.203829791752398, 51.50170228035697], [9.203473085372547, 51.50164135943209], [9.203416171739407, 51.50169119340518], [9.20337663306592, 51.501725977396156], [9.203365787239896, 51.50173567201075]], [[9.202093479354302, 51.50308013345428], [9.201756932596556, 51.503359895142694], [9.20158753423335, 51.50349676588782], [9.202093479354302, 51.50308013345428]], [[9.203549690569844, 51.50174839543757], [9.203441896324037, 51.50173052693233], [9.203543932267944, 51.50174744090086], [9.203549868612761, 51.50174820243862], [9.203549690569844, 51.50174839543757]]]]}, "properties": {"jahr": 2026, "schlag_id": 291, "name_sl": "Stoppelkamp", "ha_calc": 4.6903, "betrieb_name": "Desenberg GbR", "frucht_kurz": "AB", "inaktiv": 0}}, {"type": "Feature", "geometry": {"type": "MultiPolygon", "coordinates": [[[[9.201912432296934, 51.502583674501594], [9.202090865715498, 51.50270208032715], [9.202229873928735, 51.50279763230844], [9.202458556700849, 51.50258780116582], [9.20264296237451, 51.50241493779703], [9.202997024890273, 51.502047701237395], [9.203007377994647, 51.502038964119684], [9.203017973413989, 51.502022184182806], [9.203130280912855, 51.501866089416524], [9.203251574513692, 51.5017248261784], [9.203339376991575, 51.501632511574556], [9.203333435541891, 51.50163154807503], [9.203318702033197, 51.501622946847434], [9.203576410787546, 51.501381169993124], [9.203615433484684, 51.501334967631784], [9.202886178890974, 51.50111731071668], [9.201429539281262, 51.50224665070608], [9.201912432296934, 51.502583674501594]]]]}, "properties": {"jahr": 2026, "schlag_id": 108, "name_sl": "Grünland Rotenburg", "ha_calc": 1.2162, "betrieb_name": "Gut Grimelsheim", "frucht_kurz": "GL", "inaktiv": 0}}, {"type": "Feature", "geometry": {"type": "MultiPolygon", "coordinates": [[[[9.23383284662264, 51.45709081194578], [9.233894663838896, 51.457425233779304], [9.236123053579929, 51.45739847523409], [9.236026314693621, 51.457046342121544], [9.236021904281724, 51.45701597130925], [9.235969080325575, 51.45682343886609], [9.235622837144048, 51.45683492268838], [9.234021702671209, 51.45686788964822], [9.233795987662319, 51.45687157563119], [9.233828686261162, 51.457047324489324], [9.23383284662264, 51.45709081194578]]]]}, "properties": {"jahr": 2026, "schlag_id": 88, "name_sl": "In den Schildõckern 2", "ha_calc": 0.9595, "betrieb_name": "Martin Warburg", "frucht_kurz": "WR", "inaktiv": 0}}, {"type": "Feature", "geometry": {"type": "MultiPolygon", "coordinates": [[[[9.217098570611554, 51.49856594737948], [9.217199351803188, 51.498598126501484], [9.217483342705078, 51.49867648920985], [9.21770003224539, 51.49841570026693], [9.217316969865644, 51.49825931249774], [9.217043881433966, 51.49854397573555], [9.217098570611554, 51.49856594737948]]]]}, "properties": {"jahr": 2026, "schlag_id": 73, "name_sl": "z - 185-00", "ha_calc": 0.1153, "betrieb_name": "Gut Klingenburg", "frucht_kurz": "AG", "inaktiv": 0}}, {"type": "Feature", "geometry": {"type": "MultiPolygon", "coordinates": [[[[9.251320684701856, 51.4869163904366], [9.251326258278333, 51.487591969490104], [9.251752276054656, 51.487587957955654], [9.25175533790882, 51.48746226450425], [9.251757118136105, 51.48738887553676], [9.252245908554372, 51.48739380844377], [9.252268272706477, 51.486738815253986], [9.251770703071738, 51.486828836232945], [9.251320684701856, 51.4869163904366]]]]}, "properties": {"jahr": 2026, "schlag_id": 275, "name_sl": "hinterm Fiedhof", "ha_calc": 0.4732, "betrieb_name": "Sebastian Ide-Knorr", "frucht_kurz": "Br", "inaktiv": 0}}, {"type": "Feature", "geometry": {"type": "MultiPolygon", "coordinates": [[[[9.271706878673575, 51.46530475031009], [9.274337978356357, 51.46542119954715], [9.274468028438893, 51.464320852423526], [9.271788684943951, 51.46422756194187], [9.271706878673575, 51.46530475031009]]]]}, "properties": {"jahr": 2026, "schlag_id": 101, "name_sl": "Am Ziegenberg", "ha_calc": 2.242, "betrieb_name": "Volker Rüddenklau", "frucht_kurz": "WW", "inaktiv": 0}}, {"type": "Feature", "geometry": {"type": "MultiPolygon", "coordinates": [[[[9.23797964944939, 51.46097138282043], [9.238127140865178, 51.462430844880004], [9.240212463831641, 51.46226467705292], [9.240106477750302, 51.46084875881003], [9.240040813306296, 51.46081175628278], [9.23797964944939, 51.46097138282043]]]]}, "properties": {"jahr": 2026, "schlag_id": 322, "name_sl": "Buschweg III", "ha_calc": 2.387, "betrieb_name": "Volker Rüddenklau", "frucht_kurz": "WW", "inaktiv": 0}}, {"type": "Feature", "geometry": {"type": "MultiPolygon", "coordinates": [[[[9.240605015275342, 51.4650587907065], [9.240722498079817, 51.46678238514535], [9.241538056013514, 51.46665739185842], [9.241430316422138, 51.4649976787257], [9.240605015275342, 51.4650587907065]]]]}, "properties": {"jahr": 2026, "schlag_id": 175, "name_sl": "Buschweg I", "ha_calc": 1.0803, "betrieb_name": "Volker Rüddenklau", "frucht_kurz": "WW", "inaktiv": 0}}, {"type": "Feature", "geometry": {"type": "MultiPolygon", "coordinates": [[[[9.232059867322235, 51.46268948197692], [9.232421609817825, 51.4626478131013], [9.232947891103606, 51.462622408520964], [9.233308825313495, 51.462670403798626], [9.233533253374185, 51.46271258129499], [9.233656036237996, 51.46279713604514], [9.235005241383169, 51.46270963250492], [9.234851213784534, 51.46119369308664], [9.232182117749963, 51.46140629419459], [9.232059867322235, 51.46268948197692]]]]}, "properties": {"jahr": 2026, "schlag_id": 202, "name_sl": "Kalkhecke II", "ha_calc": 3.0469, "betrieb_name": "Uwe Rüddenklau", "frucht_kurz": "WR", "inaktiv": 0}}, {"type": "Feature", "geometry": {"type": "MultiPolygon", "coordinates": [[[[9.237826127644711, 51.46515236717151], [9.237867646902647, 51.46674864470982], [9.238497430522145, 51.46676104271359], [9.23846390515171, 51.46512742681757], [9.237826127644711, 51.46515236717151]]]]}, "properties": {"jahr": 2026, "schlag_id": 256, "name_sl": "Walme II", "ha_calc": 0.7909, "betrieb_name": "Volker Rüddenklau", "frucht_kurz": "SM", "inaktiv": 0}}, {"type": "Feature", "geometry": {"type": "MultiPolygon", "coordinates": [[[[9.27227169131999, 51.45428568003179], [9.271451325695628, 51.454573253311686], [9.271559384404078, 51.45456349943279], [9.27227816185317, 51.45432228325175], [9.27227169131999, 51.45428568003179]]]]}, "properties": {"jahr": 2026, "schlag_id": 55, "name_sl": "_ber dem Oelsbruch", "ha_calc": 0.0197, "betrieb_name": "0", "frucht_kurz": "0", "inaktiv": 0}}, {"type": "Feature", "geometry": {"type": "MultiPolygon", "coordinates": [[[[9.22706662428949, 51.45681409875362], [9.22698542619179, 51.45593484878923], [9.22690103419462, 51.45502036733509], [9.226144604564293, 51.454996665503295], [9.226354006478322, 51.4572456575928], [9.22706662428949, 51.45681409875362]]]]}, "properties": {"jahr": 2026, "schlag_id": 190, "name_sl": "Auf dem Gericht", "ha_calc": 1.1768, "betrieb_name": "Martin Warburg", "frucht_kurz": "WW", "inaktiv": 0}}, {"type": "Feature", "geometry": {"type": "MultiPolygon", "coordinates": [[[[9.24271358475085, 51.46211222516169], [9.242833169553215, 51.46340458811031], [9.246384116828622, 51.46313421331514], [9.245491344152512, 51.46192225583395], [9.245365576597642, 51.46188249741005], [9.24271358475085, 51.46211222516169]]]]}, "properties": {"jahr": 2026, "schlag_id": 195, "name_sl": "Sterdacker", "ha_calc": 3.2031, "betrieb_name": "Uwe Rüddenklau", "frucht_kurz": "WG", "inaktiv": 0}}, {"type": "Feature", "geometry": {"type": "MultiPolygon", "coordinates": [[[[9.224689476379064, 51.487512661901015], [9.224171870292096, 51.4878852249027], [9.224272334675879, 51.48796772021258], [9.224381926912725, 51.48809119170016], [9.224522489624341, 51.48824668834469], [9.224713346056177, 51.48849897279674], [9.224731239418338, 51.48852351276443], [9.224865014312774, 51.48907024656324], [9.225145094976009, 51.48962580584138], [9.225184354627203, 51.48964495255005], [9.22564802191585, 51.489614445435684], [9.225796845348638, 51.48941558899635], [9.22574425842651, 51.48924102879971], [9.225735771655604, 51.489133415064906], [9.225640165065645, 51.48892820127108], [9.225682391475354, 51.48875605794464], [9.225817223965873, 51.48865378653206], [9.22594008272832, 51.48860464906097], [9.226039801676608, 51.48856724510734], [9.226354724245036, 51.488459307379316], [9.226879575118506, 51.488424275156575], [9.226963006896836, 51.48832414997916], [9.22691561321405, 51.488311637230765], [9.22661770634532, 51.48821792572326], [9.226339891635497, 51.48813098084373], [9.226198666546392, 51.48808679473727], [9.225855630225492, 51.488009855195195], [9.225484656424978, 51.48792665465563], [9.22544875149957, 51.487917828326246], [9.224951529686011, 51.48766396720041], [9.224907947240181, 51.487642302257335], [9.224785647085525, 51.48756973471197], [9.224689476379064, 51.487512661901015]]]]}, "properties": {"jahr": 2026, "schlag_id": 53, "name_sl": "Hahnenkamp", "ha_calc": 1.8141, "betrieb_name": "Desenberg GbR", "frucht_kurz": "AB", "inaktiv": 0}}, {"type": "Feature", "geometry": {"type": "MultiPolygon", "coordinates": [[[[9.225810901172991, 51.483266697016944], [9.225825965610724, 51.483284503419355], [9.225921187718638, 51.48340071591805], [9.226098949369193, 51.48361766085835], [9.226195500492647, 51.4837273703711], [9.226450267681734, 51.48388958083072], [9.226717527387592, 51.483715067625745], [9.226901570763522, 51.48356061755534], [9.227228216303956, 51.48301699220325], [9.22728648974792, 51.48284365918501], [9.227485342905473, 51.48270326191324], [9.22766192457191, 51.482634839735596], [9.22824080413037, 51.48242009146274], [9.22872125526831, 51.48219475784009], [9.229004388272504, 51.4820426326044], [9.229149777066695, 51.48194102420806], [9.229151589848607, 51.48185994505407], [9.228918581743793, 51.48164598203992], [9.228884980822297, 51.48161512730894], [9.228849718674397, 51.48155739373758], [9.228833009855979, 51.48150733086516], [9.228780845788755, 51.481360999723485], [9.22859393363408, 51.48138295474978], [9.227111431242491, 51.481557080755266], [9.226493866254776, 51.481898519315976], [9.225905062332938, 51.482224637035024], [9.225261813976141, 51.482590248029375], [9.225256933285133, 51.48262022912936], [9.225567753489864, 51.48297929042488], [9.225810901172991, 51.483266697016944]]]]}, "properties": {"jahr": 2026, "schlag_id": 301, "name_sl": "Grube", "ha_calc": 3.4493, "betrieb_name": "Desenberg GbR", "frucht_kurz": "AB", "inaktiv": 0}}, {"type": "Feature", "geometry": {"type": "MultiPolygon", "coordinates": [[[[9.236814377100266, 51.48518997632413], [9.23688046089889, 51.485246356980596], [9.238233734400534, 51.485849420875326], [9.239819408396581, 51.48415369458462], [9.238962517086415, 51.48290161411526], [9.236814377100266, 51.48518997632413]]]]}, "properties": {"jahr": 2026, "schlag_id": 218, "name_sl": "Grimelsberg II", "ha_calc": 3.1427, "betrieb_name": "Schmidt GbR", "frucht_kurz": "ZR", "inaktiv": 0}}, {"type": "Feature", "geometry": {"type": "MultiPolygon", "coordinates": [[[[9.247840092983049, 51.471198031537554], [9.247895584320974, 51.47212735110158], [9.249926498040459, 51.47190348424415], [9.249830085378886, 51.47097868770219], [9.247840092983049, 51.471198031537554]]]]}, "properties": {"jahr": 2026, "schlag_id": 239, "name_sl": "Sportplaz", "ha_calc": 1.4527, "betrieb_name": "Uwe Rüddenklau", "frucht_kurz": "SM", "inaktiv": 0}}, {"type": "Feature", "geometry": {"type": "MultiPolygon", "coordinates": [[[[9.209386498220034, 51.48355173262492], [9.209386498221686, 51.483551732984125], [9.209400143563379, 51.483552041891485], [9.209410893834368, 51.483553027704744], [9.2092172593058, 51.48352380579374], [9.20921559153583, 51.48354786370746], [9.209386498220034, 51.48355173262492]]], [[[9.209705763769964, 51.48749394424199], [9.211866472813767, 51.48776475775599], [9.212751159317822, 51.48595399300117], [9.212820258182388, 51.48575639163789], [9.212797887570591, 51.48562732188406], [9.212782287776934, 51.4854914445146], [9.212214338997335, 51.4854058374055], [9.211769319219671, 51.485341801216016], [9.210608421862739, 51.48517415407014], [9.210341278939637, 51.4851351136625], [9.209964714919117, 51.48508007988548], [9.209261774962512, 51.48499579605601], [9.209008599389906, 51.48496821832444], [9.20894643162466, 51.48539654618462], [9.208640078663127, 51.4873102718226], [9.208631869842682, 51.487359331198064], [9.209705763769964, 51.48749394424199]]]]}, "properties": {"jahr": 2026, "schlag_id": 226, "name_sl": "Wald-oben", "ha_calc": 6.7178, "betrieb_name": "Desenberg GbR", "frucht_kurz": "Di", "inaktiv": 0}}, {"type": "Feature", "geometry": {"type": "MultiPolygon", "coordinates": [[[[9.212934669126989, 51.48573778715257], [9.212934669131991, 51.485737787152566], [9.21542712285895, 51.48615337084233], [9.2154249785772, 51.48611750982949], [9.21543853461439, 51.486036968925575], [9.215471084959258, 51.48591502915688], [9.215499987784593, 51.48586780453576], [9.215621189868683, 51.48566976958931], [9.215786803258435, 51.48539670440068], [9.215912047880087, 51.48518189852293], [9.216008802317527, 51.48497041992325], [9.21607257617396, 51.484791766088534], [9.216157070257191, 51.484495004223085], [9.216170215701803, 51.48442988068696], [9.216291718224083, 51.48394837828892], [9.216311409646542, 51.48387034210382], [9.216317771899723, 51.483775498641116], [9.215653144016935, 51.48366966526207], [9.215291426608834, 51.483615522914974], [9.214984904922764, 51.48356999868117], [9.214586726015193, 51.48350975930253], [9.21451815920492, 51.48349938585235], [9.214073032865732, 51.483436689260465], [9.214011170383417, 51.48342797566006], [9.214010162647664, 51.48343028015494], [9.214010162667668, 51.48343028015802], [9.214011807212723, 51.483430534736456], [9.213215513251706, 51.48338250650098], [9.212590499067796, 51.48324312303901], [9.211733486348566, 51.48317215083303], [9.210789482728869, 51.48312852692244], [9.209853116465341, 51.48316647481393], [9.209076592494279, 51.48323132721886], [9.209056309469357, 51.483557735893555], [9.209825912867284, 51.48356542325031], [9.211242582364761, 51.48377138815467], [9.212644659831849, 51.48395923068547], [9.21367641955043, 51.484134134888706], [9.213661541263457, 51.484206562482015], [9.213489512388659, 51.48459710214988], [9.21343628476103, 51.48471793798383], [9.213212451467163, 51.485173025783666], [9.212934669126989, 51.48573778715257]]]]}, "properties": {"jahr": 2026, "schlag_id": 126, "name_sl": "Wald-unten-03", "ha_calc": 6.8999, "betrieb_name": "Desenberg GbR", "frucht_kurz": "Di", "inaktiv": 0}}, {"type": "Feature", "geometry": {"type": "MultiPolygon", "coordinates": [[[[9.284641930125487, 51.506245565780326], [9.284916094165789, 51.50615202551273], [9.28528022859055, 51.50580107805095], [9.285690595139782, 51.505521457511094], [9.286055884231438, 51.50535625117419], [9.286650298859964, 51.50521905912689], [9.286786184806772, 51.50498297119079], [9.287082646668894, 51.50479649798214], [9.287368514524557, 51.504745787797745], [9.286634134592509, 51.504468968964645], [9.284489754605007, 51.50387409713067], [9.283411728746637, 51.503555228358984], [9.282746250795558, 51.50330679467305], [9.282908059964834, 51.50355644694046], [9.28330018888232, 51.504027008588515], [9.283507748001961, 51.50426940515894], [9.28361241736286, 51.50453348300515], [9.283625375958225, 51.504776350753126], [9.283513835369392, 51.505248131088585], [9.283513835369392, 51.505248131088585], [9.284641930125487, 51.506245565780326]]]]}, "properties": {"jahr": 2026, "schlag_id": 161, "name_sl": "Biederbick Sichenberg", "ha_calc": 4.297, "betrieb_name": "Armin Pöppler", "frucht_kurz": "WG", "inaktiv": 0}}, {"type": "Feature", "geometry": {"type": "MultiPolygon", "coordinates": [[[[9.199234723954635, 51.4900456745356], [9.19923239170167, 51.49005038315567], [9.199126360384778, 51.49044866537653], [9.199128606621072, 51.490454119521395], [9.199026878663483, 51.490439712476196], [9.198271915659952, 51.490371766151036], [9.198282130662516, 51.49031997540071], [9.198402751151887, 51.489995049945335], [9.198484448491403, 51.489677237063965], [9.198488736936998, 51.48966277652758], [9.198501799376219, 51.48960541768194], [9.198545054114202, 51.48941547123006], [9.198542715267953, 51.48941585733037], [9.198648954864915, 51.488996273823474], [9.198648954864721, 51.48899627382347], [9.198693539759034, 51.48880473770062], [9.197380810602626, 51.48876220327434], [9.197377307971239, 51.48919348776413], [9.197376981888812, 51.48920336221127], [9.197376922697055, 51.48923801725217], [9.19736894633373, 51.48944626066132], [9.197366282684142, 51.48952678704323], [9.197365027598174, 51.489554168409896], [9.197329401706016, 51.49055466165094], [9.19733045661937, 51.490702916664716], [9.197358620108842, 51.49070561904068], [9.19732412713444, 51.49070279600353], [9.19732274876476, 51.490741509562284], [9.197355971766793, 51.49165036201411], [9.197361985698686, 51.491779179214376], [9.197354091589782, 51.49195279868134], [9.1973366958, 51.49226136237215], [9.197240011755689, 51.49289568521179], [9.197219776019985, 51.493029634438905], [9.19720535738575, 51.49317565449277], [9.197151845354929, 51.49348514054081], [9.197095815087254, 51.49387280333435], [9.197039880825642, 51.494267785549425], [9.197061597523088, 51.49429471602695], [9.197061598344487, 51.49429471620655], [9.197209052473847, 51.49431933678752], [9.198447400179289, 51.49451277599014], [9.198998212646012, 51.49458919947649], [9.199603858903311, 51.49468171833331], [9.200330644871023, 51.494794715596186], [9.20069811708554, 51.49485695196666], [9.200698124443132, 51.49485695303317], [9.200888338536506, 51.49440240330593], [9.20097258742493, 51.49419946938586], [9.200996944299835, 51.49414079967689], [9.2010137502288, 51.4941003180398], [9.201014037036831, 51.49410037028797], [9.201027170373331, 51.49407063455369], [9.20110346228828, 51.49388831652144], [9.201201430636768, 51.49367520159796], [9.201235051229906, 51.49360886405722], [9.201237496487717, 51.49359694314396], [9.201253003913786, 51.49358276079576], [9.201253645691521, 51.49358130034581], [9.201403926728391, 51.49326829233294], [9.201781807386748, 51.492478308907366], [9.202111677647887, 51.49179357126697], [9.202125971666456, 51.49176434208573], [9.202125987670419, 51.491764309390156], [9.202148099996926, 51.49171909281412], [9.202157985268451, 51.4916969111205], [9.202158035809955, 51.491690753504024], [9.202168182934512, 51.491680229232266], [9.202272749200311, 51.49149759754194], [9.202398331403971, 51.49122145136429], [9.202411988611404, 51.49119142053789], [9.202413209209967, 51.491190509611165], [9.202446203642578, 51.49112188860238], [9.202444835575298, 51.49112177666426], [9.202487534800602, 51.49102897911554], [9.202501080465455, 51.49099800184975], [9.202508114226365, 51.49099842044585], [9.202555703549114, 51.49090012865915], [9.202761264812164, 51.49041673532772], [9.202768517678788, 51.490399680842195], [9.202779508346039, 51.49037550368397], [9.202717824222644, 51.49037561122231], [9.202715403935434, 51.49036766039535], [9.202715403733034, 51.49036766039571], [9.202720354628775, 51.4903671014878], [9.202775377030562, 51.49037444351768], [9.203036748105482, 51.48980964711406], [9.203035078802012, 51.48980576551351], [9.20358869519444, 51.488549860613915], [9.203877771565455, 51.487902152407145], [9.204023468291215, 51.487545230695495], [9.204032914161097, 51.48752030892746], [9.204024960790704, 51.48751950268309], [9.204000819274707, 51.48751954468106], [9.204016911833964, 51.487518685895566], [9.204005914755715, 51.4875175702172], [9.20358097211497, 51.48753989875223], [9.203409830333518, 51.48755523714358], [9.200731412864714, 51.48795679809023], [9.200610121881462, 51.48797629118772], [9.200607432831214, 51.488366148088936], [9.200597717861267, 51.488449787920516], [9.200576190203561, 51.48859147760373], [9.200568308118436, 51.48864335672613], [9.200493421262061, 51.489136234146386], [9.200445558456948, 51.4892233380236], [9.200341850418349, 51.48932994147341], [9.199797849708254, 51.4897361929873], [9.19925495235848, 51.490028989452185], [9.199253744044528, 51.490029986093056], [9.202299928679125, 51.490321626146276], [9.202410120169935, 51.49033390330498], [9.199253739809473, 51.490029989610875], [9.199234723954635, 51.4900456745356]], [[9.20271426182568, 51.490367789150625], [9.202714857660242, 51.49037086867059], [9.202410121527253, 51.4903339034563], [9.20271426182568, 51.490367789150625]]]]}, "properties": {"jahr": 2026, "schlag_id": 28, "name_sl": "Feldscheide", "ha_calc": 22.6098, "betrieb_name": "Desenberg GbR", "frucht_kurz": "WW", "inaktiv": 0}}, {"type": "Feature", "geometry": {"type": "MultiPolygon", "coordinates": [[[[9.237079246512652, 51.48862703639324], [9.237434775443585, 51.488688457681654], [9.238071936016427, 51.488787550467684], [9.240086444187083, 51.48659269749301], [9.239482054414605, 51.48635161335673], [9.239175755462215, 51.4862974738215], [9.237079246512652, 51.48862703639324]]]]}, "properties": {"jahr": 2026, "schlag_id": 232, "name_sl": "im Hohl", "ha_calc": 2.0415, "betrieb_name": "Schmidt GbR", "frucht_kurz": "WW", "inaktiv": 0}}, {"type": "Feature", "geometry": {"type": "MultiPolygon", "coordinates": [[[[9.296951142138958, 51.49647318960646], [9.29713334643736, 51.49654637381195], [9.299734450800106, 51.497171499479514], [9.300753770128724, 51.497426910308185], [9.301549952927266, 51.49750239737142], [9.301508526608234, 51.49725815290773], [9.301558594678921, 51.49680245389178], [9.301663248167424, 51.49657439918562], [9.300261057391488, 51.496242539445056], [9.300487737550588, 51.49590959724471], [9.300416885539242, 51.49572444628903], [9.299918535438128, 51.49561390258632], [9.299665132196509, 51.495419898953116], [9.299299401738187, 51.49529658835813], [9.298693879883569, 51.49551744091071], [9.29716582143077, 51.49626221585559], [9.296983549630777, 51.49637407052132], [9.296951142138958, 51.49647318960646]]]]}, "properties": {"jahr": 2026, "schlag_id": 181, "name_sl": "Kugel", "ha_calc": 4.1065, "betrieb_name": "Armin Pöppler", "frucht_kurz": "WW", "inaktiv": 0}}, {"type": "Feature", "geometry": {"type": "MultiPolygon", "coordinates": [[[[9.198407972723034, 51.48999379848195], [9.198629236381246, 51.490006461774584], [9.198849771764847, 51.49001806890003], [9.199229204982101, 51.49005022674974], [9.199254952356863, 51.490028989452], [9.19979784971022, 51.48973619298791], [9.20034185041606, 51.489329941472654], [9.200445558456583, 51.48922333802416], [9.200493421260237, 51.489136234144894], [9.200597717861804, 51.488449787920544], [9.200607432832484, 51.48836614808816], [9.200610121881923, 51.48797629118923], [9.199653565202446, 51.48812610745123], [9.199572315324279, 51.48814496903009], [9.199492516290224, 51.48815947785895], [9.199045642006862, 51.48820300465736], [9.198698879133962, 51.48822041534554], [9.198655467893422, 51.488384176789125], [9.198697355486546, 51.48879592144186], [9.19869657746618, 51.48879914115937], [9.198697405831496, 51.48880750264413], [9.19869458238656, 51.48880739960774], [9.198693272239698, 51.488812822886345], [9.198695388333078, 51.48881288860115], [9.198648954864714, 51.488996273823496], [9.198501799374437, 51.48960541768205], [9.198488736938597, 51.48966277652856], [9.198484448493339, 51.48967723706351], [9.198407972723034, 51.48999379848195]]]]}, "properties": {"jahr": 2026, "schlag_id": 61, "name_sl": "Brache", "ha_calc": 2.4893, "betrieb_name": "Desenberg GbR", "frucht_kurz": "Br", "inaktiv": 0}}, {"type": "Feature", "geometry": {"type": "MultiPolygon", "coordinates": [[[[9.2102861453406, 51.50083608419032], [9.211035474897614, 51.50081353315795], [9.213331015346748, 51.50073955512649], [9.213331486045144, 51.50074440527038], [9.213345072637264, 51.50074399571751], [9.213344921651524, 51.500739737552166], [9.213383602166989, 51.500739667186934], [9.213399316981747, 51.500739638595874], [9.213399502557845, 51.500742356438224], [9.213402624266863, 51.50073613472841], [9.214704504302423, 51.500702125936854], [9.215201868776433, 51.50068805867398], [9.216523333392388, 51.500648229977806], [9.217025094075652, 51.500389459262614], [9.217510180813502, 51.500128265179946], [9.217767131299007, 51.49997772678483], [9.217999999174529, 51.499832270160255], [9.218005355219779, 51.4998232933243], [9.217956007427775, 51.499801231985934], [9.217886251765213, 51.499784701600824], [9.217858069949157, 51.499778903050505], [9.21625660937298, 51.49944938398734], [9.216042121272181, 51.49940524870583], [9.216033455035962, 51.49939968916833], [9.215797665501874, 51.49924842777914], [9.215607020966653, 51.49915239891858], [9.215474855858258, 51.499094003468734], [9.21534322612427, 51.49903704319729], [9.215223192963768, 51.49898510086932], [9.214600350276411, 51.49897856603982], [9.214569439083403, 51.498978241714035], [9.214531642831831, 51.49898114045397], [9.214419286438096, 51.4989610659427], [9.214307193347947, 51.498931685382686], [9.214219492422988, 51.498897873026735], [9.214204611575607, 51.49889128052496], [9.21415726020509, 51.498872629084325], [9.214100534932642, 51.4988291137861], [9.214086074453308, 51.498811381471704], [9.214050129837883, 51.49878007856614], [9.214046995875512, 51.498755037825276], [9.214029627759038, 51.49872089562006], [9.21403769268982, 51.498680697161966], [9.214036327839597, 51.49866979498249], [9.21404161331466, 51.49866115334681], [9.214042282003682, 51.49865782248639], [9.214050172799752, 51.49864716117567], [9.21410484732773, 51.49855777597949], [9.214370833003366, 51.49822147689833], [9.214373824061745, 51.498212958061124], [9.214385678535535, 51.49814841539181], [9.214386112063938, 51.498140811399225], [9.21438980075994, 51.498076112475324], [9.21424257572406, 51.49786146671482], [9.214214357062344, 51.49782032525689], [9.21413409618536, 51.497741651078925], [9.214088301445969, 51.497677540018586], [9.213978772717933, 51.49761752674558], [9.213710969439008, 51.497509283775535], [9.213371416534912, 51.49738922774728], [9.213266980606157, 51.49735230196566], [9.21303678994825, 51.49727075802921], [9.212868706702885, 51.497210717855104], [9.212731257940925, 51.49722904247935], [9.212462132285694, 51.49756582097631], [9.212213995657988, 51.497932912207645], [9.21173346443239, 51.49864403988045], [9.211258468312993, 51.49935101029504], [9.210791964621405, 51.50004531509429], [9.210756080673875, 51.50009872068836], [9.21030874666007, 51.50076447170916], [9.210289527726937, 51.50082536812643], [9.2102861453406, 51.50083608419032]]]]}, "properties": {"jahr": 2026, "schlag_id": 266, "name_sl": "Am Hof", "ha_calc": 10.6306, "betrieb_name": "Desenberg GbR", "frucht_kurz": "WG", "inaktiv": 0}}, {"type": "Feature", "geometry": {"type": "MultiPolygon", "coordinates": [[[[9.2816581684516, 51.45327087820697], [9.28168480450576, 51.45311691880647], [9.2816430511388, 51.45306479844163], [9.281373801360353, 51.453004145485366], [9.280991922942196, 51.45294592045614], [9.280595786426998, 51.45290813169137], [9.280165277255493, 51.452871862111486], [9.279968289299184, 51.452843939700635], [9.279856949757255, 51.452828156606415], [9.27951314054342, 51.45279493529699], [9.279251147803329, 51.45278050024105], [9.278670766102836, 51.452769217680455], [9.27834235580241, 51.45273319612451], [9.27826772835383, 51.45275175371864], [9.278418983262332, 51.453371913099566], [9.279023354663765, 51.45335893212236], [9.279186523495344, 51.45337309867296], [9.279310893545908, 51.45339220958487], [9.279575076281537, 51.45341583826765], [9.279885794132964, 51.45342965113635], [9.280149947611244, 51.45344842664707], [9.280717262800291, 51.45351499396997], [9.28111283060933, 51.453471930622946], [9.28141355201514, 51.453433187051], [9.281641255864708, 51.45340383890991], [9.2816581684516, 51.45327087820697]]]]}, "properties": {"jahr": 2026, "schlag_id": 151, "name_sl": "Auf der Bergsteile", "ha_calc": 1.4476, "betrieb_name": "Martin Warburg", "frucht_kurz": "WW", "inaktiv": 0}}, {"type": "Feature", "geometry": {"type": "MultiPolygon", "coordinates": [[[[9.274689876011681, 51.452358445656024], [9.274898752603656, 51.45358378733754], [9.2749508869028, 51.453568886084334], [9.27673712225395, 51.45305053078058], [9.276758987491803, 51.45304418465263], [9.276779492470554, 51.45303823413213], [9.276692774726417, 51.452724552317726], [9.27669287100754, 51.45272563623167], [9.274689876011681, 51.452358445656024]]]]}, "properties": {"jahr": 2026, "schlag_id": 11, "name_sl": "Im Ílsbruch", "ha_calc": 1.1643, "betrieb_name": "Martin Warburg", "frucht_kurz": "WG", "inaktiv": 0}}, {"type": "Feature", "geometry": {"type": "MultiPolygon", "coordinates": [[[[9.248380447618517, 51.45315938532208], [9.24843872381274, 51.45342190665648], [9.248513117249642, 51.45342065513427], [9.249964970310225, 51.45339696047848], [9.250441084083366, 51.45338922413584], [9.250482352902159, 51.45338801853549], [9.250529985588148, 51.45312747730861], [9.248374916487025, 51.45315823234893], [9.248380447618517, 51.45315938532208]]]]}, "properties": {"jahr": 2026, "schlag_id": 264, "name_sl": "Im Buchbach", "ha_calc": 0.4252, "betrieb_name": "Martin Warburg", "frucht_kurz": "SM", "inaktiv": 0}}, {"type": "Feature", "geometry": {"type": "MultiPolygon", "coordinates": [[[[9.2691591859657, 51.453691809914226], [9.269249495689406, 51.454174631655945], [9.269293696917781, 51.45442730977718], [9.26935237667392, 51.45476267891847], [9.270607899033854, 51.454649381608476], [9.271451325695628, 51.454573253311686], [9.27227169131999, 51.45428568003179], [9.272267989469066, 51.454264738947586], [9.272202914326884, 51.453896119272805], [9.272172432430997, 51.453723492106725], [9.272166539498087, 51.45367568513927], [9.27211863023689, 51.45343356605458], [9.272099397577037, 51.45341680218425], [9.270592074178495, 51.45342802768412], [9.270439755171285, 51.45342844995452], [9.269110612124534, 51.45343216668362], [9.2691591859657, 51.453691809914226]]]]}, "properties": {"jahr": 2026, "schlag_id": 287, "name_sl": "_ber dem Oelsbruch", "ha_calc": 2.723, "betrieb_name": "Martin Warburg", "frucht_kurz": "WW", "inaktiv": 0}}, {"type": "Feature", "geometry": {"type": "MultiPolygon", "coordinates": [[[[9.266800038100945, 51.453816608306504], [9.266826724659332, 51.45410980662611], [9.266827421966447, 51.45415690991092], [9.266899960163084, 51.45415889724841], [9.267171915937583, 51.454166338886665], [9.267839967313833, 51.45418461190164], [9.269071360945757, 51.454218276638294], [9.269139772243879, 51.45422014831106], [9.269139859784355, 51.454177989550985], [9.269139875640604, 51.45416898509623], [9.269096982768549, 51.45392762817558], [9.269060027772518, 51.45368683514388], [9.266779103656512, 51.453630216907435], [9.266800038100945, 51.453816608306504]]]]}, "properties": {"jahr": 2026, "schlag_id": 321, "name_sl": "Im Hõuserfelde", "ha_calc": 0.9375, "betrieb_name": "Martin Warburg", "frucht_kurz": "WW", "inaktiv": 0}}, {"type": "Feature", "geometry": {"type": "MultiPolygon", "coordinates": [[[[9.272351691410828, 51.454665221522085], [9.272309554921343, 51.45440143931243], [9.27212843844613, 51.454451749302635], [9.269890136253238, 51.45519803233299], [9.269468006544464, 51.45539776755724], [9.269479035307134, 51.45548177609803], [9.26957624917138, 51.455653130943766], [9.272379098198972, 51.454816903855864], [9.272351691410828, 51.454665221522085]]]]}, "properties": {"jahr": 2026, "schlag_id": 224, "name_sl": "_ber dem Oelsbruch", "ha_calc": 0.862, "betrieb_name": "Martin Warburg", "frucht_kurz": "WW", "inaktiv": 0}}, {"type": "Feature", "geometry": {"type": "MultiPolygon", "coordinates": [[[[9.245458911944892, 51.455354940190965], [9.245446563574887, 51.4552997195141], [9.245442732680491, 51.455282596025036], [9.245426879024832, 51.45521805381932], [9.245407872203195, 51.455140654504866], [9.24538242925611, 51.455037434324616], [9.244506199237541, 51.45504996338367], [9.243892369754152, 51.45505978628778], [9.243969761652044, 51.45540737905064], [9.244017885275264, 51.455623397537764], [9.244725725141643, 51.455575757056174], [9.245458911944892, 51.455354940190965]]]]}, "properties": {"jahr": 2026, "schlag_id": 121, "name_sl": "Auf dem Uhlenberg 2", "ha_calc": 0.5577, "betrieb_name": "Martin Warburg", "frucht_kurz": "Br", "inaktiv": 0}}, {"type": "Feature", "geometry": {"type": "MultiPolygon", "coordinates": [[[[9.245561247216596, 51.455812567926756], [9.245458911944892, 51.455354940190965], [9.244725725141643, 51.455575757056174], [9.244017885275264, 51.455623397537764], [9.244033057454073, 51.45569150229274], [9.244114166811952, 51.456055626622536], [9.24411664808343, 51.456071768004165], [9.244122582837724, 51.45611025451606], [9.24475090957746, 51.45606854320011], [9.245386321878627, 51.45586910993754], [9.245561247216596, 51.455812567926756]]]]}, "properties": {"jahr": 2026, "schlag_id": 214, "name_sl": "Auf dem Uhlenberg 1", "ha_calc": 0.55, "betrieb_name": "Martin Warburg", "frucht_kurz": "Br", "inaktiv": 0}}, {"type": "Feature", "geometry": {"type": "MultiPolygon", "coordinates": [[[[9.245083012039464, 51.451467385486566], [9.244968023925733, 51.45097754549711], [9.244041648050827, 51.451124852514646], [9.243726965492629, 51.45111008956167], [9.243818785888344, 51.45149016466783], [9.243983543214016, 51.451498178425354], [9.24469106511372, 51.451532383095405], [9.245083012039464, 51.451467385486566]]]]}, "properties": {"jahr": 2026, "schlag_id": 75, "name_sl": "Engerwiesen", "ha_calc": 0.4324, "betrieb_name": "Martin Warburg", "frucht_kurz": "SM", "inaktiv": 0}}, {"type": "Feature", "geometry": {"type": "MultiPolygon", "coordinates": [[[[9.264470646728563, 51.451633823721565], [9.266519483875271, 51.451826456069924], [9.26648611136247, 51.451379333325086], [9.264506991206977, 51.45117495212603], [9.264472632362978, 51.45119540871371], [9.264470699322674, 51.45160096610533], [9.264470646728563, 51.451633823721565]]]]}, "properties": {"jahr": 2026, "schlag_id": 300, "name_sl": "In den Kõmpen", "ha_calc": 0.7111, "betrieb_name": "Martin Warburg", "frucht_kurz": "WW", "inaktiv": 0}}, {"type": "Feature", "geometry": {"type": "MultiPolygon", "coordinates": [[[[9.247550376901252, 51.451371846398715], [9.246581093280343, 51.45130649351772], [9.246448982070556, 51.45131800924157], [9.246838752620963, 51.45298082026812], [9.247755984566185, 51.45296827459001], [9.248121894984768, 51.45296282726835], [9.248165465872095, 51.45293415004613], [9.247793752043428, 51.45140010457076], [9.247550376901252, 51.451371846398715]]]]}, "properties": {"jahr": 2026, "schlag_id": 3, "name_sl": "Nach dem Uhlenberge", "ha_calc": 1.6734, "betrieb_name": "Martin Warburg", "frucht_kurz": "SM", "inaktiv": 0}}, {"type": "Feature", "geometry": {"type": "MultiPolygon", "coordinates": [[[[9.25863346545436, 51.45228676216746], [9.257684088323352, 51.4522520004509], [9.255991655925703, 51.45219000565101], [9.255640829025497, 51.452177150337675], [9.255610707293267, 51.45217797507248], [9.255609186375532, 51.45217801672836], [9.255595903123943, 51.45227190630105], [9.255593855663976, 51.45229266342875], [9.255592327089774, 51.45230789126139], [9.25559113045044, 51.45231981221818], [9.255537200080893, 51.45286237544285], [9.256372676581266, 51.452850481955295], [9.256521313923601, 51.452831189779545], [9.256559980797537, 51.45282302091742], [9.256945342769574, 51.45274163010859], [9.257581459779054, 51.452699848218806], [9.25863346545436, 51.45228676216746]]]]}, "properties": {"jahr": 2026, "schlag_id": 97, "name_sl": "Hinterm Hahnenborn", "ha_calc": 1.0937, "betrieb_name": "Martin Warburg", "frucht_kurz": "Br", "inaktiv": 0}}, {"type": "Feature", "geometry": {"type": "MultiPolygon", "coordinates": [[[[9.247510792287033, 51.45416882638335], [9.24833858352502, 51.45380296680002], [9.24835938033458, 51.45377564481297], [9.248390892026155, 51.45373406535464], [9.248220879930967, 51.453020404168285], [9.247228138388042, 51.45303737468303], [9.247510792287033, 51.45416882638335]]]]}, "properties": {"jahr": 2026, "schlag_id": 312, "name_sl": "Unterer Uhlenberg", "ha_calc": 0.7217, "betrieb_name": "Martin Warburg", "frucht_kurz": "SM", "inaktiv": 0}}, {"type": "Feature", "geometry": {"type": "MultiPolygon", "coordinates": [[[[9.247852963265982, 51.42980775927822], [9.247092302618615, 51.431199848142576], [9.24683109625141, 51.431677866510995], [9.246887228297862, 51.431689882380084], [9.247362024599104, 51.431791525866295], [9.248024533568062, 51.43193321661814], [9.248056491778318, 51.43194007026989], [9.248547959533376, 51.43130121806977], [9.248590568699463, 51.43124582871774], [9.24855394718958, 51.431186224280715], [9.248143349943303, 51.43037871021921], [9.247852963265982, 51.42980775927822]]]]}, "properties": {"jahr": 2026, "schlag_id": 280, "name_sl": "Sieberhausen 2", "ha_calc": 1.4809, "betrieb_name": "Martin Warburg", "frucht_kurz": "WW", "inaktiv": 0}}, {"type": "Feature", "geometry": {"type": "MultiPolygon", "coordinates": [[[[9.26547674058079, 51.44365147815018], [9.265477210951259, 51.443651453685], [9.265392835136012, 51.44311082282888], [9.265325415966183, 51.44267873152149], [9.262929495199218, 51.44282113208737], [9.262865335760088, 51.44286908472247], [9.26293096422808, 51.44326393392125], [9.262962407432124, 51.44349671266615], [9.263006208649179, 51.44377991430056], [9.264979286132007, 51.4436773436854], [9.26547674058079, 51.44365147815018]]]]}, "properties": {"jahr": 2026, "schlag_id": 165, "name_sl": "Eierbreite", "ha_calc": 1.8525, "betrieb_name": "Martin Warburg", "frucht_kurz": "WG", "inaktiv": 0}}, {"type": "Feature", "geometry": {"type": "MultiPolygon", "coordinates": [[[[9.238239981699424, 51.455998840634464], [9.23829494833566, 51.45616546083623], [9.239173813829238, 51.45613023036531], [9.240319749997814, 51.456077277251055], [9.241357830435986, 51.45603343700481], [9.241304318749272, 51.45587130821798], [9.241247735714895, 51.455700109762844], [9.24028906563454, 51.45574234704017], [9.239141082773887, 51.45578829519262], [9.238184432418793, 51.455830333570184], [9.238239981699424, 51.455998840634464]]]]}, "properties": {"jahr": 2026, "schlag_id": 240, "name_sl": "Zwischen dem Hauedaer un", "ha_calc": 0.8035, "betrieb_name": "Martin Warburg", "frucht_kurz": "WW", "inaktiv": 0}}, {"type": "Feature", "geometry": {"type": "MultiPolygon", "coordinates": [[[[9.241000517843492, 51.457700331742295], [9.241480762330808, 51.45766654239697], [9.241870862586094, 51.457650149134416], [9.24204179348603, 51.457629763468915], [9.242675958523773, 51.45761249668809], [9.242224576514879, 51.4571865445782], [9.24156449499327, 51.4572156813056], [9.240602891427091, 51.45725818015855], [9.240459516890578, 51.45726451950015], [9.239307490304615, 51.457315418367905], [9.238689119213772, 51.45734274763544], [9.238770203063186, 51.45757780438264], [9.241000517843492, 51.457700331742295]]]]}, "properties": {"jahr": 2026, "schlag_id": 219, "name_sl": "Zwischen dem Hauedaer un", "ha_calc": 1.1088, "betrieb_name": "Martin Warburg", "frucht_kurz": "WW", "inaktiv": 0}}, {"type": "Feature", "geometry": {"type": "MultiPolygon", "coordinates": [[[[9.235202504358185, 51.45742418909153], [9.234965395086226, 51.45742597552955], [9.234256872871082, 51.45743131097132], [9.233896676320187, 51.457434021687455], [9.23408719625155, 51.4584646897137], [9.235294668586496, 51.458457418179776], [9.235296487553475, 51.45846184253094], [9.235597158600758, 51.458456428614035], [9.23559712012416, 51.45845559475102], [9.23558834010678, 51.45830447840141], [9.235586794868972, 51.4582778827171], [9.235565066671459, 51.458230679327215], [9.235202504358185, 51.45742418909153]]]]}, "properties": {"jahr": 2026, "schlag_id": 81, "name_sl": "Schildõckern 4", "ha_calc": 1.1472, "betrieb_name": "Martin Warburg", "frucht_kurz": "WR", "inaktiv": 0}}, {"type": "Feature", "geometry": {"type": "MultiPolygon", "coordinates": [[[[9.23877121073297, 51.45757785984057], [9.23884222445228, 51.457786901835306], [9.238885703674272, 51.45791338624762], [9.238937967683135, 51.457916327512905], [9.240487403999323, 51.45799356215246], [9.24082033262449, 51.458010222721455], [9.240900540129926, 51.45800517599159], [9.240955043466794, 51.457979835544926], [9.24096612247246, 51.457966577550515], [9.240967687192942, 51.457960183701935], [9.240973945670236, 51.457922537953294], [9.240970371879047, 51.45784568058507], [9.240964861027047, 51.45781452615749], [9.24097189456949, 51.45779670330457], [9.240982549179831, 51.45779000403358], [9.24100112027311, 51.45776212822064], [9.24100052215484, 51.45770033083342], [9.24062063131589, 51.45767946381242], [9.23877121073297, 51.45757785984057]]]]}, "properties": {"jahr": 2026, "schlag_id": 132, "name_sl": "Zwischen dem Huaedarer u", "ha_calc": 0.5371, "betrieb_name": "Martin Warburg", "frucht_kurz": "WW", "inaktiv": 0}}, {"type": "Feature", "geometry": {"type": "MultiPolygon", "coordinates": [[[[9.226113137102452, 51.500141855690494], [9.227053805678823, 51.50017800605248], [9.227638139602863, 51.500169775379916], [9.22765394904755, 51.500157263222505], [9.227665695039944, 51.500133897927995], [9.22766628303874, 51.50009404090763], [9.227626558620475, 51.500073294074355], [9.227299042081867, 51.50004757903549], [9.227022386519524, 51.500027290918624], [9.226871314622292, 51.49999796899815], [9.226650089369935, 51.499960652947955], [9.22634538471876, 51.49990918103763], [9.226196527949089, 51.49989586731712], [9.226189369653405, 51.49994963219296], [9.22617711613263, 51.49994899666301], [9.226176089259075, 51.499951807003704], [9.226148100519932, 51.50002841057869], [9.22611841766551, 51.500109651603836], [9.226113137102452, 51.500141855690494]]]]}, "properties": {"jahr": 2026, "schlag_id": 251, "name_sl": "z - 194-00", "ha_calc": 0.1997, "betrieb_name": "Gut Klingenburg", "frucht_kurz": "AB", "inaktiv": 0}}, {"type": "Feature", "geometry": {"type": "MultiPolygon", "coordinates": [[[[9.239739021289639, 51.485392069123925], [9.239773550673574, 51.485354733116594], [9.240286108991421, 51.484800284162255], [9.239994032192454, 51.48444471474062], [9.23981419732431, 51.484159582973746], [9.239231462622818, 51.48479273344494], [9.238933008725235, 51.485117455421666], [9.238423794340967, 51.48566326739574], [9.23823659340338, 51.485852785695805], [9.23859866422723, 51.48600950206841], [9.238963144398328, 51.486167273876326], [9.238992948549338, 51.48617398105581], [9.239264596966793, 51.485900918294064], [9.239739021289639, 51.485392069123925]]]]}, "properties": {"jahr": 2026, "schlag_id": 210, "name_sl": "beim Heiligenstock", "ha_calc": 1.2538, "betrieb_name": "Sebastian Ide-Knorr", "frucht_kurz": "WW", "inaktiv": 0}}, {"type": "Feature", "geometry": {"type": "MultiPolygon", "coordinates": [[[[9.25667210161465, 51.489768354285324], [9.256940763842504, 51.49016898395586], [9.257286953094269, 51.4900635543355], [9.25756703752662, 51.48997462608311], [9.257826979369037, 51.4898734987216], [9.258093844500836, 51.489808412456235], [9.258249863390803, 51.48976093077306], [9.258447055285258, 51.4897534806798], [9.25862817808465, 51.4897428922957], [9.258959846476602, 51.48980145715382], [9.2594319412148, 51.48990670187669], [9.259827619894764, 51.490003951401796], [9.260228376250165, 51.4893978800889], [9.25959850157278, 51.48934889198549], [9.259120848024407, 51.48935775192718], [9.258684312330178, 51.4893711846857], [9.258241156622901, 51.489441797736724], [9.257799215115375, 51.4895217829537], [9.257184999442472, 51.48961638022514], [9.25687032395289, 51.48970137237237], [9.25667210161465, 51.489768354285324]]]]}, "properties": {"jahr": 2026, "schlag_id": 262, "name_sl": "unterm Krukenber", "ha_calc": 1.1301, "betrieb_name": "Joachim Wetekam", "frucht_kurz": "SM", "inaktiv": 0}}, {"type": "Feature", "geometry": {"type": "MultiPolygon", "coordinates": [[[[9.24562405290508, 51.48715499181543], [9.245683584424151, 51.487374775267945], [9.245762807897954, 51.48759272026054], [9.245811178230765, 51.48788377842324], [9.245831124850014, 51.488143063878766], [9.246012490492168, 51.48817937400892], [9.246280937636422, 51.48822391745395], [9.246491252556062, 51.48820392391519], [9.248693699563878, 51.48748526357905], [9.248450754334927, 51.48648144086677], [9.247977337900064, 51.48642267374809], [9.24568145615047, 51.48634964077194], [9.24562405290508, 51.48715499181543]]]]}, "properties": {"jahr": 2026, "schlag_id": 9, "name_sl": "Am Kirschenbrunn", "ha_calc": 3.4329, "betrieb_name": "Joachim Wetekam", "frucht_kurz": "WG", "inaktiv": 0}}, {"type": "Feature", "geometry": {"type": "MultiPolygon", "coordinates": [[[[9.222371795310506, 51.46129401805632], [9.222332162211584, 51.46065444189117], [9.22232882257474, 51.46060913033786], [9.222279370543063, 51.45993915511013], [9.222255813179897, 51.45962200174596], [9.222251235330793, 51.45955946428538], [9.222235933274419, 51.459350503722945], [9.221669125121608, 51.4595748479958], [9.221499816839861, 51.459641864721696], [9.220864835133696, 51.45987712010163], [9.22080340916438, 51.45990644511762], [9.220613852838994, 51.45998266456253], [9.220334080990959, 51.4600875469097], [9.220038646843507, 51.46019829763294], [9.220138506278891, 51.46076697270367], [9.220205425659358, 51.46112592871864], [9.22023675782911, 51.4613381068116], [9.220290322761823, 51.46136692975943], [9.221307056234378, 51.46133831112966], [9.222371892859979, 51.46131404206391], [9.222371795310506, 51.46129401805632]]]]}, "properties": {"jahr": 2026, "schlag_id": 14, "name_sl": "Die Gehre", "ha_calc": 2.673, "betrieb_name": "Martin Warburg", "frucht_kurz": "WG", "inaktiv": 0}}, {"type": "Feature", "geometry": {"type": "MultiPolygon", "coordinates": [[[[9.237433507899508, 51.453155977463084], [9.237743191585945, 51.45314335146202], [9.238023041042768, 51.453131942525225], [9.238348399382195, 51.4531186855923], [9.238796418146826, 51.45310043562043], [9.240038395953643, 51.453049803427454], [9.239939816880298, 51.45274242972424], [9.239839643158579, 51.45248709425263], [9.23974988114735, 51.452324504763865], [9.23966552936594, 51.45223245922621], [9.239566761211353, 51.452188705156104], [9.239437854398753, 51.45221441077505], [9.238855767000524, 51.45248200863316], [9.238578861206395, 51.45262405006142], [9.238273256578957, 51.45278043900789], [9.237832120860649, 51.452991661983575], [9.23739191757345, 51.45315767115181], [9.237433507899508, 51.453155977463084]]]]}, "properties": {"jahr": 2026, "schlag_id": 203, "name_sl": "_ber dem Gemeindesiegen", "ha_calc": 0.9505, "betrieb_name": "Martin Warburg", "frucht_kurz": "Br", "inaktiv": 0}}, {"type": "Feature", "geometry": {"type": "MultiPolygon", "coordinates": [[[[9.241141722800089, 51.453115666679786], [9.240711192145694, 51.453123469956076], [9.240816643984983, 51.45356351028582], [9.240838718088165, 51.453655672683595], [9.240906800436672, 51.45393994337391], [9.240948756102782, 51.454115106404], [9.241122932223384, 51.45484216680208], [9.241543788699957, 51.45482413455253], [9.241947409082153, 51.45480436489086], [9.241941537967739, 51.454751978172915], [9.241936357216868, 51.4547220877002], [9.241930352616988, 51.454694191528084], [9.241837212392058, 51.45426151066881], [9.241632707185243, 51.45331907696], [9.241620378923757, 51.453262262662044], [9.241586447884442, 51.453110580456496], [9.24158606795274, 51.45311058555938], [9.241353615412521, 51.45311370076766], [9.241141722800089, 51.453115666679786]]]]}, "properties": {"jahr": 2026, "schlag_id": 41, "name_sl": "Bei der stumpfen Eiche", "ha_calc": 1.1341, "betrieb_name": "Martin Warburg", "frucht_kurz": "WW", "inaktiv": 0}}, {"type": "Feature", "geometry": {"type": "MultiPolygon", "coordinates": [[[[9.235449117247244, 51.4559570350829], [9.235670647772514, 51.45595137360464], [9.235743538002659, 51.45594950986893], [9.235714561357566, 51.45584016994011], [9.23565277099545, 51.45559904348577], [9.23563436062915, 51.45552720151269], [9.23552102909739, 51.45511249578377], [9.235442417644174, 51.454824885053135], [9.23523581925083, 51.45406921147108], [9.234781923666281, 51.45423668081722], [9.234872778665451, 51.454587664291275], [9.2350191524041, 51.45513016862518], [9.235243560960324, 51.45596311067315], [9.235449117247244, 51.4559570350829]]]]}, "properties": {"jahr": 2026, "schlag_id": 254, "name_sl": "In den Schildõckern 1", "ha_calc": 0.7038, "betrieb_name": "Martin Warburg", "frucht_kurz": "WR", "inaktiv": 0}}, {"type": "Feature", "geometry": {"type": "MultiPolygon", "coordinates": [[[[9.234088579276214, 51.45599566441945], [9.233827979263285, 51.45456691468425], [9.23340253428119, 51.454707641971275], [9.233631765471069, 51.45600681227405], [9.234088579276214, 51.45599566441945]]]]}, "properties": {"jahr": 2026, "schlag_id": 64, "name_sl": "In den Schildõckern 3", "ha_calc": 0.4793, "betrieb_name": "Martin Warburg", "frucht_kurz": "WR", "inaktiv": 0}}, {"type": "Feature", "geometry": {"type": "MultiPolygon", "coordinates": [[[[9.240854831198622, 51.454948084596595], [9.240828684518293, 51.454919886304], [9.23791662863165, 51.45504769259608], [9.237920844710686, 51.45506716400806], [9.237926811393372, 51.45509472026055], [9.23795597461081, 51.45517777268757], [9.238024251468318, 51.45536003770622], [9.241038067054577, 51.45522937044857], [9.240905385683906, 51.45500260580646], [9.240854831198622, 51.454948084596595]]]]}, "properties": {"jahr": 2026, "schlag_id": 269, "name_sl": "Obere Schõferbreite", "ha_calc": 0.731, "betrieb_name": "Martin Warburg", "frucht_kurz": "WW", "inaktiv": 0}}, {"type": "Feature", "geometry": {"type": "MultiPolygon", "coordinates": [[[[9.213144128894987, 51.44551799394111], [9.213013717522859, 51.44626910599724], [9.212874483055938, 51.44707021848577], [9.212807043567336, 51.447458962894096], [9.212773760222827, 51.44765077424147], [9.213230289922855, 51.44767349006049], [9.213269732638974, 51.447445116848094], [9.213555386798863, 51.445790010497774], [9.213600712560517, 51.44552722611547], [9.213144128894987, 51.44551799394111]]]]}, "properties": {"jahr": 2026, "schlag_id": 110, "name_sl": "Hinterm Hohenloh", "ha_calc": 0.7596, "betrieb_name": "Martin Warburg", "frucht_kurz": "WW", "inaktiv": 0}}, {"type": "Feature", "geometry": {"type": "MultiPolygon", "coordinates": [[[[9.217795350346982, 51.4456351658473], [9.217749904483467, 51.44566051245703], [9.217720358899067, 51.44582972413986], [9.21849699134213, 51.44583542320749], [9.219713732402905, 51.4458443327053], [9.219747309969717, 51.445650950565444], [9.219751387363587, 51.44562746750066], [9.219213405171292, 51.445622992958235], [9.218850240020927, 51.445619997298465], [9.217837550034465, 51.445611629661805], [9.217795350346982, 51.4456351658473]]]]}, "properties": {"jahr": 2026, "schlag_id": 185, "name_sl": "Im Hohenloh", "ha_calc": 0.3345, "betrieb_name": "Martin Warburg", "frucht_kurz": "WW", "inaktiv": 0}}, {"type": "Feature", "geometry": {"type": "MultiPolygon", "coordinates": [[[[9.239700363002811, 51.44772691544021], [9.240409062956916, 51.447955781264774], [9.240407270860013, 51.447932045899705], [9.240403528672644, 51.44786375794472], [9.240396702167732, 51.44773766928982], [9.240360615470843, 51.44707913893459], [9.240359699889185, 51.44706394763536], [9.239690963088353, 51.44705858052689], [9.239700363002811, 51.44772691544021]]]]}, "properties": {"jahr": 2026, "schlag_id": 163, "name_sl": "Auf den sauren Heinewies", "ha_calc": 0.4124, "betrieb_name": "Martin Warburg", "frucht_kurz": "Br", "inaktiv": 0}}, {"type": "Feature", "geometry": {"type": "MultiPolygon", "coordinates": [[[[9.24370676491386, 51.451017286339436], [9.244024212948306, 51.451039999594], [9.24494606700929, 51.45088400680587], [9.244701865981513, 51.449842840392506], [9.244533395996424, 51.44989253667081], [9.244222863344653, 51.44995457477666], [9.243848315339486, 51.449988252287895], [9.243777629244201, 51.45000583796391], [9.243701781072955, 51.450024602257955], [9.243649003963508, 51.45005527227493], [9.243501619344718, 51.450148157288424], [9.243541769954858, 51.450318230941946], [9.24370676491386, 51.451017286339436]]]]}, "properties": {"jahr": 2026, "schlag_id": 91, "name_sl": "Engerwiesen", "ha_calc": 0.9914, "betrieb_name": "Martin Warburg", "frucht_kurz": "SM", "inaktiv": 0}}, {"type": "Feature", "geometry": {"type": "MultiPolygon", "coordinates": [[[[9.236905483540736, 51.45093226791383], [9.23655291974258, 51.45090889074543], [9.23636181214808, 51.45089615543327], [9.235728637298912, 51.45085411212193], [9.235616789116555, 51.45153618492485], [9.235451508280114, 51.452543293395955], [9.23608047653301, 51.45257366189752], [9.236274158114993, 51.45258306635511], [9.236615620878439, 51.45259954523302], [9.236793031153749, 51.45157920265004], [9.236905483540736, 51.45093226791383]]]]}, "properties": {"jahr": 2026, "schlag_id": 116, "name_sl": "Hinter der Massike", "ha_calc": 1.5327, "betrieb_name": "Martin Warburg", "frucht_kurz": "WG", "inaktiv": 0}}, {"type": "Feature", "geometry": {"type": "MultiPolygon", "coordinates": [[[[9.27487390618202, 51.45364220714321], [9.275082421060766, 51.45442825375065], [9.275082421060766, 51.45442825375065], [9.275272650050681, 51.454433464812624], [9.275458316497645, 51.45443302777205], [9.275793199636052, 51.45439545825331], [9.276331605297463, 51.45431496817294], [9.276679917863254, 51.45425190097691], [9.276833592944202, 51.45420343984613], [9.277005209758467, 51.45412664334135], [9.277072878538526, 51.454084044055364], [9.27707709794415, 51.4540331072204], [9.277071711194623, 51.45389165652841], [9.276983955549177, 51.453608937431035], [9.27680867047952, 51.45308027896839], [9.27487390618202, 51.45364220714321]]]]}, "properties": {"jahr": 2026, "schlag_id": 106, "name_sl": "Im Oelbruch 2", "ha_calc": 1.5779, "betrieb_name": "Martin Warburg", "frucht_kurz": "WG", "inaktiv": 0}}, {"type": "Feature", "geometry": {"type": "MultiPolygon", "coordinates": [[[[9.227483382997773, 51.46688212082184], [9.227559347590974, 51.468104506532725], [9.22864731435275, 51.46809612154787], [9.229646024896384, 51.4681426260546], [9.22953645291803, 51.466833402583404], [9.227483382997773, 51.46688212082184]]]]}, "properties": {"jahr": 2026, "schlag_id": 12, "name_sl": "Herlinghausen", "ha_calc": 2.0016, "betrieb_name": "Uwe Rüddenklau", "frucht_kurz": "SM", "inaktiv": 0}}, {"type": "Feature", "geometry": {"type": "MultiPolygon", "coordinates": [[[[9.276727068563616, 51.487241700071856], [9.277098276466667, 51.487387946565626], [9.277835688875943, 51.48764741985624], [9.279332233255417, 51.486211640567554], [9.279279130222315, 51.48617873926217], [9.279187572385348, 51.48614893223826], [9.278970866464562, 51.4861014082635], [9.27860950141312, 51.485991174841324], [9.278103644522417, 51.48584525319196], [9.276727068563616, 51.487241700071856]]]]}, "properties": {"jahr": 2026, "schlag_id": 10, "name_sl": "Hopfenber II", "ha_calc": 1.7161, "betrieb_name": "Joachim Wetekam", "frucht_kurz": "WR", "inaktiv": 0}}, {"type": "Feature", "geometry": {"type": "MultiPolygon", "coordinates": [[[[9.22135906917003, 51.47924348077031], [9.221367112087894, 51.47923016348928], [9.219895800997183, 51.47925287341868], [9.21989403669498, 51.47926249579379], [9.2196881503392, 51.47986317961646], [9.219983498133562, 51.48001209774182], [9.220220809704019, 51.48009564748017], [9.220413757402115, 51.48013790756172], [9.220560242887954, 51.48012133207659], [9.220718591375118, 51.48006712951008], [9.220919465112303, 51.47997123639278], [9.22135906917003, 51.47924348077031]]]]}, "properties": {"jahr": 2026, "schlag_id": 95, "name_sl": "unterer Diemelberg", "ha_calc": 0.8366, "betrieb_name": "Desenberg GbR", "frucht_kurz": "Br", "inaktiv": 0}}, {"type": "Feature", "geometry": {"type": "MultiPolygon", "coordinates": [[[[9.2222514134741, 51.49926089995473], [9.222230047815382, 51.4991855669586], [9.222183154442167, 51.49909523269763], [9.222126049628976, 51.49900983184823], [9.222067384668604, 51.49892738259546], [9.222023068828324, 51.498881272006756], [9.221818794179526, 51.49870041055366], [9.221502568179714, 51.49867535350565], [9.221469475784389, 51.498775812270594], [9.221061960791722, 51.498770058309454], [9.220843861935581, 51.49876948637797], [9.22042801662414, 51.49874373133737], [9.22041338899258, 51.498812559155205], [9.220829674312276, 51.49892922801047], [9.220883478451379, 51.49896007796879], [9.220950843782816, 51.498998563337054], [9.221187999669576, 51.49905659231006], [9.221662195271358, 51.499145064124875], [9.22200776954833, 51.499215761892906], [9.2222514134741, 51.49926089995473]]]]}, "properties": {"jahr": 2026, "schlag_id": 272, "name_sl": "z- 195-00", "ha_calc": 0.3907, "betrieb_name": "Gut Klingenburg", "frucht_kurz": "AB", "inaktiv": 0}}, {"type": "Feature", "geometry": {"type": "MultiPolygon", "coordinates": [[[[9.228097652960937, 51.49961402189032], [9.227142988781832, 51.49957243456114], [9.227079195687306, 51.49957212653695], [9.227017584822029, 51.49956748894338], [9.226992220846316, 51.499642454590145], [9.226924889196681, 51.499898799005265], [9.226906178124555, 51.49995147000647], [9.227205779966681, 51.499970044808464], [9.227553113975715, 51.49999171350992], [9.227782287463127, 51.50000690805687], [9.227989221568915, 51.5000459272634], [9.22798922299427, 51.50004592735062], [9.228114851927629, 51.50001173858396], [9.228314629963883, 51.50000615371368], [9.22836937840742, 51.50001246907875], [9.228440981957029, 51.50001456389014], [9.228526903989737, 51.50001663067026], [9.228566168035576, 51.49999421219566], [9.228633789469788, 51.49991588306992], [9.228751211948408, 51.499774899121896], [9.228839050859406, 51.49964700010269], [9.228508311177574, 51.49963149614304], [9.228336336494927, 51.49962421499714], [9.228248304432105, 51.49962082504387], [9.228097652960937, 51.49961402189032]]]]}, "properties": {"jahr": 2026, "schlag_id": 271, "name_sl": "z- 197-00", "ha_calc": 0.5342, "betrieb_name": "Gut Klingenburg", "frucht_kurz": "AB", "inaktiv": 0}}, {"type": "Feature", "geometry": {"type": "MultiPolygon", "coordinates": [[[[9.212585619905981, 51.497121755557096], [9.212506326081877, 51.497073902254975], [9.212411573276285, 51.497051982137556], [9.211445309003466, 51.496828515826444], [9.210925145582765, 51.496701571086874], [9.210305157402955, 51.496566704343074], [9.209955732688634, 51.49650101721616], [9.209906470978012, 51.49649175844172], [9.209084308150471, 51.49635492878154], [9.20774983823819, 51.49614228172656], [9.207623355416464, 51.4961207324543], [9.207677011471274, 51.49616054273353], [9.207727079299326, 51.49619432799413], [9.207728458033776, 51.49619455532218], [9.209062484227099, 51.49640713159229], [9.20988287120842, 51.49654366578396], [9.20993080979921, 51.49655267583666], [9.210278460458353, 51.49661802943873], [9.210895176032981, 51.49675218436879], [9.2114138353008, 51.49687876196294], [9.211415278749241, 51.496879104961046], [9.212381539492014, 51.49710257053658], [9.212459283855157, 51.49712055591003], [9.212558990700554, 51.49717035486052], [9.212585619905981, 51.497121755557096]]]]}, "properties": {"jahr": 2026, "schlag_id": 0, "name_sl": "nan", "ha_calc": 0.2148, "betrieb_name": "0", "frucht_kurz": "0", "inaktiv": 0}}, {"type": "Feature", "geometry": {"type": "MultiPolygon", "coordinates": [[[[9.23614978176043, 51.482219445460366], [9.238491131199353, 51.48326371695491], [9.23891268782819, 51.4828361525142], [9.237883463166675, 51.48189945298389], [9.236860764101065, 51.48148000005036], [9.23614978176043, 51.482219445460366]]]]}, "properties": {"jahr": 2026, "schlag_id": 273, "name_sl": "Pfefferhohl", "ha_calc": 1.7179, "betrieb_name": "Schmidt GbR", "frucht_kurz": "Ha", "inaktiv": 0}}, {"type": "Feature", "geometry": {"type": "MultiPolygon", "coordinates": [[[[9.277204209155553, 51.450749958185696], [9.276807547012725, 51.4507165466431], [9.276761900655085, 51.450963341864906], [9.276745449704327, 51.45116588521038], [9.276700806446483, 51.45157836344262], [9.276740580812284, 51.45230728517891], [9.2770853262078, 51.4523684426622], [9.277198876769036, 51.45239751689338], [9.277340626216136, 51.452428908956506], [9.277386784924209, 51.45166767190415], [9.277422041013462, 51.451219166060156], [9.277433681228636, 51.45105647810001], [9.27745465722598, 51.45076347463451], [9.277204209155553, 51.450749958185696]]]]}, "properties": {"jahr": 2026, "schlag_id": 35, "name_sl": "Auf dem Aalsberge", "ha_calc": 0.8317, "betrieb_name": "Martin Warburg", "frucht_kurz": "WW", "inaktiv": 0}}, {"type": "Feature", "geometry": {"type": "MultiPolygon", "coordinates": [[[[9.23151368202927, 51.457656476912376], [9.231450799233214, 51.45694446434601], [9.231428292807212, 51.45670580404702], [9.23142266609464, 51.45664611066683], [9.231387088561586, 51.456267593351], [9.22964652690639, 51.456437306681146], [9.228848609611289, 51.45651134185071], [9.228151241400612, 51.456576047090856], [9.228179612315174, 51.45695556408465], [9.228191482418826, 51.457113825368346], [9.228203845714356, 51.457279389102695], [9.22823143346208, 51.45764855229658], [9.228245135084741, 51.4578318799656], [9.228254388825265, 51.45795612560888], [9.22839840562964, 51.45796355698574], [9.228696510342306, 51.457934176373556], [9.228880280245843, 51.45697161580136], [9.230560922148582, 51.45677685567379], [9.230481302560445, 51.45812703959293], [9.230521634986935, 51.45833314599713], [9.231229561598711, 51.45825925042499], [9.23125848760033, 51.458231146667984], [9.23151368202927, 51.457656476912376]]]]}, "properties": {"jahr": 2026, "schlag_id": 201, "name_sl": "Hinter der H÷he", "ha_calc": 2.6267, "betrieb_name": "Martin Warburg", "frucht_kurz": "SM", "inaktiv": 0}}, {"type": "Feature", "geometry": {"type": "MultiPolygon", "coordinates": [[[[9.267036596326417, 51.44613244353145], [9.267084330269784, 51.44585675608239], [9.267131640494153, 51.44558422075165], [9.266850298997623, 51.44559424631231], [9.266743791643217, 51.44559804459349], [9.266663095489188, 51.44560092223111], [9.264478009386847, 51.44567883348954], [9.26439028233927, 51.446187346206976], [9.264325986929798, 51.44671708384992], [9.266923771973946, 51.44671118436068], [9.267036596326417, 51.44613244353145]]]]}, "properties": {"jahr": 2026, "schlag_id": 294, "name_sl": "In der Trischbreite", "ha_calc": 2.1979, "betrieb_name": "Martin Warburg", "frucht_kurz": "WW", "inaktiv": 0}}, {"type": "Feature", "geometry": {"type": "MultiPolygon", "coordinates": [[[[9.210899628751541, 51.44588745756582], [9.212064924427342, 51.44559816127847], [9.211407692487235, 51.44395078165267], [9.211208766857007, 51.44393457271082], [9.21097441388724, 51.443901858833], [9.210151882703878, 51.4437680307287], [9.210899628751541, 51.44588745756582]]]]}, "properties": {"jahr": 2026, "schlag_id": 180, "name_sl": "Am Klayen", "ha_calc": 1.7832, "betrieb_name": "Martin Warburg", "frucht_kurz": "WW", "inaktiv": 0}}, {"type": "Feature", "geometry": {"type": "MultiPolygon", "coordinates": [[[[9.24286011737972, 51.45762240090032], [9.242919229421407, 51.45765541516306], [9.242984058719825, 51.45765528048669], [9.2447636410307, 51.457600023091956], [9.244708861893384, 51.457276131179086], [9.24252250152478, 51.45730645876727], [9.24252250152478, 51.45730645876727], [9.24286011737972, 51.45762240090032]]]]}, "properties": {"jahr": 2026, "schlag_id": 329, "name_sl": "Stert 2", "ha_calc": 0.5356, "betrieb_name": "Martin Warburg", "frucht_kurz": "WW", "inaktiv": 0}}, {"type": "Feature", "geometry": {"type": "MultiPolygon", "coordinates": [[[[9.26190161239382, 51.44674172010335], [9.264275732530166, 51.44672401667082], [9.264451849143382, 51.4452482721169], [9.263410138211833, 51.44529595466794], [9.262546460343735, 51.44533910737901], [9.262151033998988, 51.445385326218954], [9.26215105765317, 51.44538944724576], [9.26190161239382, 51.44674172010335]]]]}, "properties": {"jahr": 2026, "schlag_id": 103, "name_sl": "? - 370-00", "ha_calc": 2.5667, "betrieb_name": "Martin Warburg", "frucht_kurz": "WW", "inaktiv": 0}}, {"type": "Feature", "geometry": {"type": "MultiPolygon", "coordinates": [[[[9.264843528576032, 51.49064513431907], [9.266213717931558, 51.4911526762496], [9.266636601486988, 51.49126662211811], [9.26696545648594, 51.49137655016301], [9.267266418013673, 51.49104016866913], [9.267409506504094, 51.490869052456304], [9.267390522040596, 51.49078813477257], [9.26732211715003, 51.490550396278344], [9.267148778027282, 51.490188453635575], [9.266836377151995, 51.48972143402448], [9.266648135682322, 51.489340536206186], [9.266450788684962, 51.4891061484639], [9.266189342008431, 51.48897881563905], [9.265883698521153, 51.48944039685091], [9.265807007386664, 51.489541401468955], [9.266112650642528, 51.48985819886529], [9.265910888030112, 51.4898332391083], [9.265762781606393, 51.48987419046812], [9.265660485688958, 51.48989527109312], [9.265579795760788, 51.48979267857957], [9.265346377770936, 51.49011236372814], [9.26537465187084, 51.490231462708984], [9.265524960934698, 51.49036305085608], [9.265785272325093, 51.4905083990281], [9.265801679305062, 51.49047161530623], [9.266263781923964, 51.4906145009263], [9.266730452476066, 51.49075022357687], [9.266743091783198, 51.49080427273157], [9.266746969131512, 51.49087486802441], [9.266697472846593, 51.49087921838467], [9.26661785123722, 51.490862580854035], [9.266410371139726, 51.49080936276059], [9.266234959642002, 51.49078787695717], [9.26612957658122, 51.490751641596596], [9.265860213089091, 51.49065012367027], [9.26553225329643, 51.49051955803718], [9.265460189023656, 51.49038064849811], [9.265346974730159, 51.49027319924822], [9.265254140094592, 51.4900932922766], [9.264843528576032, 51.49064513431907]]]]}, "properties": {"jahr": 2026, "schlag_id": 45, "name_sl": "In der Insel II", "ha_calc": 2.2879, "betrieb_name": "Schmidt GbR", "frucht_kurz": "SM", "inaktiv": 0}}, {"type": "Feature", "geometry": {"type": "MultiPolygon", "coordinates": [[[[9.279093158761432, 51.50161842547857], [9.27960159022622, 51.50183724793804], [9.280147452974012, 51.5020755786298], [9.280432796893603, 51.502224328065395], [9.280853881619809, 51.502392490557426], [9.281077273845934, 51.502492210106986], [9.281508278305925, 51.50266442132971], [9.28180997480807, 51.50279582543342], [9.281972228123802, 51.50282308544667], [9.282129734321297, 51.502875356473034], [9.282347112268667, 51.50296345073584], [9.282219802790765, 51.50257302074738], [9.281721873382219, 51.502344789920436], [9.281037738075396, 51.50203684991902], [9.280324322312323, 51.50173345002976], [9.279244968515314, 51.501298573346375], [9.279093158761432, 51.50161842547857]]]]}, "properties": {"jahr": 2026, "schlag_id": 281, "name_sl": "Am Eselspfad", "ha_calc": 0.983, "betrieb_name": "Joachim Wetekam", "frucht_kurz": "WW", "inaktiv": 0}}, {"type": "Feature", "geometry": {"type": "MultiPolygon", "coordinates": [[[[9.24133420092968, 51.48163810474485], [9.23803936600773, 51.48125555434118], [9.23795232463103, 51.48153813085389], [9.239679904449485, 51.481755098754476], [9.239626860506487, 51.48196613467577], [9.239518517627168, 51.48231024404339], [9.239497164040438, 51.482335526553655], [9.239457077675608, 51.48235255132841], [9.239280219675175, 51.48235903959407], [9.239148401143405, 51.48238603101244], [9.238316669584279, 51.48227518229352], [9.23865053336191, 51.482615514605136], [9.239433991174979, 51.48269756910205], [9.240740759367814, 51.48283466283924], [9.241773372762726, 51.48294443847568], [9.241809239848344, 51.48292476922363], [9.241793234365035, 51.48250003930134], [9.241771910801491, 51.48236188034716], [9.241655473584466, 51.48207510434892], [9.241558139348607, 51.48200558773607], [9.241466573218853, 51.48187484069062], [9.241390457299682, 51.48174072437922], [9.241371319041706, 51.48170700159891], [9.24133420092968, 51.48163810474485]]]]}, "properties": {"jahr": 2026, "schlag_id": 286, "name_sl": "Hofstück", "ha_calc": 2.6668, "betrieb_name": "Schmidt GbR", "frucht_kurz": "AG", "inaktiv": 0}}, {"type": "Feature", "geometry": {"type": "MultiPolygon", "coordinates": [[[[9.313258114955127, 51.50209327062285], [9.314602110792812, 51.50220731676238], [9.314720691809857, 51.500336253251845], [9.313379455282572, 51.50022633193867], [9.313258114955127, 51.50209327062285]]]]}, "properties": {"jahr": 2026, "schlag_id": 279, "name_sl": "Sauerbachs Feld", "ha_calc": 1.9475, "betrieb_name": "Schmidt GbR", "frucht_kurz": "WW", "inaktiv": 0}}, {"type": "Feature", "geometry": {"type": "MultiPolygon", "coordinates": [[[[9.274900437600031, 51.47723224183058], [9.277718873333768, 51.47826154379441], [9.278077485676704, 51.47792890655829], [9.2752735914539, 51.47689295430935], [9.274900437600031, 51.47723224183058]]]]}, "properties": {"jahr": 2026, "schlag_id": 282, "name_sl": "10 Morge", "ha_calc": 1.0212, "betrieb_name": "Armin Pöppler", "frucht_kurz": "WG", "inaktiv": 0}}, {"type": "Feature", "geometry": {"type": "MultiPolygon", "coordinates": [[[[9.227117504657805, 51.50023626168594], [9.227119013840317, 51.500383575295615], [9.227503640393003, 51.50032019948734], [9.227572242196976, 51.50030889559877], [9.227607012647507, 51.50022508500056], [9.227117504657805, 51.50023626168594]]]]}, "properties": {"jahr": 2026, "schlag_id": 278, "name_sl": "z - 193-00", "ha_calc": 0.0415, "betrieb_name": "Gut Klingenburg", "frucht_kurz": "Blü", "inaktiv": 0}}, {"type": "Feature", "geometry": {"type": "MultiPolygon", "coordinates": [[[[9.227985723872075, 51.4872964104642], [9.228437310574435, 51.487367986211474], [9.228784130373052, 51.48739598185238], [9.229130852396436, 51.487507267461964], [9.22935727690479, 51.487590929178886], [9.229740093263015, 51.487709924433936], [9.230681112740282, 51.48804051594179], [9.231360988240468, 51.48722983789689], [9.228978006851632, 51.486268627804556], [9.227985723872075, 51.4872964104642]]]]}, "properties": {"jahr": 2026, "schlag_id": 308, "name_sl": "Blockstation", "ha_calc": 2.2248, "betrieb_name": "Schmidt GbR", "frucht_kurz": "SM", "inaktiv": 0}}, {"type": "Feature", "geometry": {"type": "MultiPolygon", "coordinates": [[[[9.218965167206012, 51.498636730239745], [9.219203673153986, 51.49870683114235], [9.21932789061043, 51.498515107431786], [9.219168219075033, 51.49847006156692], [9.219093502297655, 51.49846264179224], [9.2190491180622, 51.498465241454525], [9.218950992380691, 51.49862668066126], [9.218965167206012, 51.498636730239745]]]]}, "properties": {"jahr": 2026, "schlag_id": 309, "name_sl": "z - 186-00", "ha_calc": 0.0443, "betrieb_name": "Gut Klingenburg", "frucht_kurz": "Blü", "inaktiv": 0}}, {"type": "Feature", "geometry": {"type": "MultiPolygon", "coordinates": [[[[9.286082858256522, 51.47197173357993], [9.288665841452199, 51.47246658061659], [9.288882758524924, 51.47175632585394], [9.289013242827922, 51.47151087981355], [9.28945970636908, 51.471474648318285], [9.289631852956928, 51.47137343496525], [9.28989850682623, 51.47131027631903], [9.290087889008184, 51.47090540804595], [9.290070819621938, 51.470778002228016], [9.29002066284944, 51.470255176068015], [9.288959912048217, 51.4702237683721], [9.288940956926412, 51.470391283582984], [9.288795709461482, 51.47045898578973], [9.28870639947911, 51.470732408927454], [9.288693198252645, 51.471071879681254], [9.287746718281074, 51.4708576890819], [9.287102568687365, 51.470730369830356], [9.286807452356848, 51.470798274812076], [9.286643500713476, 51.47100851522704], [9.286430043447409, 51.47133537685525], [9.286082858256522, 51.47197173357993]]]]}, "properties": {"jahr": 2026, "schlag_id": 324, "name_sl": "Bradberg h.", "ha_calc": 3.7332, "betrieb_name": "Armin Pöppler", "frucht_kurz": "WG", "inaktiv": 0}}, {"type": "Feature", "geometry": {"type": "MultiPolygon", "coordinates": [[[[9.269468006544464, 51.45539776755724], [9.269890136253238, 51.45519803233299], [9.27212843844613, 51.454451749302635], [9.272309554921343, 51.45440143931243], [9.272303869309685, 51.45436584605214], [9.271044182555624, 51.454777016456916], [9.27054306242536, 51.454941316193874], [9.26986044003031, 51.45516508064569], [9.269457314237872, 51.45535862778413], [9.269468006544464, 51.45539776755724]]]]}, "properties": {"jahr": 2026, "schlag_id": 316, "name_sl": "_ber dem Oelsbruch", "ha_calc": 0.082, "betrieb_name": "0", "frucht_kurz": "0", "inaktiv": 0}}, {"type": "Feature", "geometry": {"type": "MultiPolygon", "coordinates": [[[[9.30966255533821, 51.51164368146742], [9.310314870017693, 51.51176459922894], [9.3105336360073, 51.51183354133506], [9.310738644329115, 51.51199011432645], [9.31116709929944, 51.5122807160537], [9.31220596430878, 51.511539349194116], [9.310963935430761, 51.510677878159534], [9.30966255533821, 51.51164368146742]]]]}, "properties": {"jahr": 2026, "schlag_id": 267, "name_sl": "Ostheimer Brcke", "ha_calc": 1.4732, "betrieb_name": "Armin Pöppler", "frucht_kurz": "AB", "inaktiv": 0}}, {"type": "Feature", "geometry": {"type": "MultiPolygon", "coordinates": [[[[9.291080992461827, 51.49851156900544], [9.292009858405995, 51.49910117592768], [9.292158373436138, 51.49909499596524], [9.292595940782686, 51.49889230821199], [9.292820031290015, 51.498794047202786], [9.29165785164346, 51.4980439226057], [9.291080992461827, 51.49851156900544]]]]}, "properties": {"jahr": 2026, "schlag_id": 260, "name_sl": "Fr”mmel", "ha_calc": 0.6861, "betrieb_name": "Armin Pöppler", "frucht_kurz": "ZR", "inaktiv": 0}}, {"type": "Feature", "geometry": {"type": "MultiPolygon", "coordinates": [[[[9.286108426442874, 51.49737562332459], [9.28666503344227, 51.49766472921897], [9.287487137279827, 51.49691027200951], [9.28758470956363, 51.496796488950395], [9.287584851992975, 51.49678224830493], [9.287608337216975, 51.49672254596276], [9.287553775461866, 51.4966854132174], [9.287157110948398, 51.49648768915843], [9.286108426442874, 51.49737562332459]]]]}, "properties": {"jahr": 2026, "schlag_id": 119, "name_sl": "Lake Werner", "ha_calc": 0.5849, "betrieb_name": "Armin Pöppler", "frucht_kurz": "ZR", "inaktiv": 0}}, {"type": "Feature", "geometry": {"type": "MultiPolygon", "coordinates": [[[[9.28635434172883, 51.49819713659846], [9.28639850894311, 51.497939840885095], [9.286076866506944, 51.49775488091194], [9.285445034913858, 51.49738493037488], [9.285123846976404, 51.49727140768839], [9.284963342902078, 51.49722893399996], [9.284885858435812, 51.49765062463866], [9.284830326631514, 51.497922235649156], [9.285884486832677, 51.49810541196359], [9.28635434172883, 51.49819713659846]]]]}, "properties": {"jahr": 2026, "schlag_id": 99, "name_sl": "Stadtwiese", "ha_calc": 0.6183, "betrieb_name": "Armin Pöppler", "frucht_kurz": "ZR", "inaktiv": 0}}, {"type": "Feature", "geometry": {"type": "MultiPolygon", "coordinates": [[[[9.287327628973062, 51.4982590480778], [9.288060198018048, 51.498264391399154], [9.288701473119357, 51.4983128199879], [9.289320084802377, 51.49839702160392], [9.289820881036675, 51.497952848261626], [9.288385435596032, 51.49720626338186], [9.287327628973062, 51.4982590480778]]]]}, "properties": {"jahr": 2026, "schlag_id": 38, "name_sl": "Lake weg links", "ha_calc": 1.2123, "betrieb_name": "Armin Pöppler", "frucht_kurz": "ZR", "inaktiv": 0}}, {"type": "Feature", "geometry": {"type": "MultiPolygon", "coordinates": [[[[9.236852022926783, 51.47588742967409], [9.236968076548768, 51.47571014316049], [9.237234327465723, 51.475251846071124], [9.2371267259407, 51.475231001801674], [9.236959429115961, 51.475183756088754], [9.23691866560784, 51.475235083812976], [9.236797764207585, 51.47539113376302], [9.236553090179378, 51.47574569506375], [9.236567599335057, 51.47579678324764], [9.236655153468295, 51.47584872881031], [9.236799006513763, 51.47589602242077], [9.236852022926783, 51.47588742967409]]]]}, "properties": {"jahr": 2026, "schlag_id": 238, "name_sl": "Streuobst", "ha_calc": 0.1781, "betrieb_name": "Gut Grimelsheim", "frucht_kurz": "AB", "inaktiv": 0}}, {"type": "Feature", "geometry": {"type": "MultiPolygon", "coordinates": [[[[9.23195245985167, 51.48308430553743], [9.234273520521729, 51.484116539678055], [9.237031039638921, 51.48116211499249], [9.235224690056276, 51.47948205195231], [9.23195245985167, 51.48308430553743]], [[9.234076291234881, 51.48308793959971], [9.23405816232894, 51.48298895819265], [9.234363949809863, 51.48248775642523], [9.234558198681531, 51.482569881783945], [9.234076291234881, 51.48308793959971]], [[9.233532232028665, 51.48216796380345], [9.233304924289456, 51.482137810746345], [9.233497226118713, 51.48184037388694], [9.23375139297826, 51.48158131995905], [9.233849333008394, 51.48161560629606], [9.233532232028665, 51.48216796380345]]]]}, "properties": {"jahr": 2026, "schlag_id": 167, "name_sl": "Hauedarer Str", "ha_calc": 8.2238, "betrieb_name": "Desenberg GbR", "frucht_kurz": "SM", "inaktiv": 0}}, {"type": "Feature", "geometry": {"type": "MultiPolygon", "coordinates": [[[[9.223803877574177, 51.48405558496983], [9.223417845863665, 51.483591548597666], [9.22317023167427, 51.4837003594083], [9.223949664585785, 51.48468761275153], [9.224038591498132, 51.48464651017706], [9.22423188487268, 51.48457185075934], [9.223803877574177, 51.48405558496983]]]]}, "properties": {"jahr": 2026, "schlag_id": 157, "name_sl": "Kalitholz I", "ha_calc": 0.2701, "betrieb_name": "Gut Grimelsheim", "frucht_kurz": "AB", "inaktiv": 0}}, {"type": "Feature", "geometry": {"type": "MultiPolygon", "coordinates": [[[[9.243636376717621, 51.47391407390073], [9.243584447243057, 51.47389129082072], [9.241410567290304, 51.474028483270516], [9.240908599833208, 51.47405130735462], [9.240911517324044, 51.474247768663474], [9.240921608473457, 51.47441713378665], [9.240929148433, 51.47454371867047], [9.241024120691034, 51.47489288652442], [9.241080099327142, 51.475042401038735], [9.241146075960376, 51.475311820551916], [9.241238969973846, 51.47540943857022], [9.24139043058933, 51.475453964411294], [9.241444859004778, 51.47548750563805], [9.24149246905858, 51.475502865114144], [9.242153959143572, 51.475418205945566], [9.24270710612606, 51.47539546620832], [9.243018411411004, 51.47541332833493], [9.243092772061159, 51.47546253146832], [9.243314733107317, 51.476241054162585], [9.244105537980312, 51.47614036751026], [9.244107920666888, 51.4761407328394], [9.244362734346023, 51.476077900126526], [9.24437118660895, 51.47607154948663], [9.244371741486423, 51.47607296315416], [9.244372045425225, 51.47607279519769], [9.244229328857728, 51.47562745026055], [9.243945228528219, 51.47492560759974], [9.243907405122233, 51.47476382346133], [9.243782416604784, 51.47438717002879], [9.243725280756456, 51.474149170776286], [9.243636376717621, 51.47391407390073]]]]}, "properties": {"jahr": 2026, "schlag_id": 247, "name_sl": "Grundberg", "ha_calc": 3.8768, "betrieb_name": "Desenberg GbR", "frucht_kurz": "SM", "inaktiv": 0}}, {"type": "Feature", "geometry": {"type": "MultiPolygon", "coordinates": [[[[9.23053005156761, 51.47910180521494], [9.230422725738697, 51.47923985513125], [9.230324525935922, 51.479325097795645], [9.230235807917783, 51.4794279181032], [9.230067571687904, 51.47959541489798], [9.229561954997006, 51.479919008946375], [9.229347027512814, 51.48014231823086], [9.22917937499343, 51.48042712184389], [9.229133114772765, 51.48056798359626], [9.22908229008407, 51.480735248849776], [9.229019407319768, 51.48130725459], [9.229546808484208, 51.48197226149563], [9.229711911818773, 51.48206189094627], [9.23171447786781, 51.4829332715636], [9.231805399148058, 51.48297282809712], [9.234024281185878, 51.48057330432856], [9.233835493404417, 51.480488878501674], [9.233594074037232, 51.48038091860187], [9.233301105851561, 51.48024989851679], [9.233232649322089, 51.480219771867056], [9.232783218895051, 51.48002197465805], [9.23261250501913, 51.47994684060862], [9.232172981017253, 51.47975141220719], [9.23188843568911, 51.479624874939795], [9.231789437466901, 51.479580858349294], [9.231339626148314, 51.47944626905067], [9.23053005156761, 51.47910180521494]]]]}, "properties": {"jahr": 2026, "schlag_id": 242, "name_sl": "Kehlbreite", "ha_calc": 8.7135, "betrieb_name": "Desenberg GbR", "frucht_kurz": "SM", "inaktiv": 0}}, {"type": "Feature", "geometry": {"type": "MultiPolygon", "coordinates": [[[[9.234307829533734, 51.48794589426713], [9.234149636555477, 51.48812085050436], [9.233853608724813, 51.48837965520644], [9.233893294959538, 51.48847118586391], [9.234056709942955, 51.488523711520116], [9.234781517168674, 51.488606973681236], [9.235605314375388, 51.488610091201046], [9.235816563121842, 51.48861121017732], [9.235769721263367, 51.48859055109928], [9.235816563121835, 51.48861121017629], [9.236999816568483, 51.48861745704411], [9.23716560185461, 51.48843708867979], [9.237080243977854, 51.48839945936161], [9.237165600717514, 51.488437087604645], [9.237321782725907, 51.488265279575835], [9.237468098310483, 51.48810715452084], [9.236415545506091, 51.48764695371176], [9.235105406576714, 51.48706203813521], [9.234971529087284, 51.487221371291085], [9.234807602258678, 51.48739751298476], [9.234923319186864, 51.48744853332215], [9.234807599653731, 51.48739751295108], [9.234617501567177, 51.4876087556403], [9.234493790292078, 51.48774094672121], [9.234307829533734, 51.48794589426713]]]]}, "properties": {"jahr": 2026, "schlag_id": 204, "name_sl": "Wackenmuhle III", "ha_calc": 2.5654, "betrieb_name": "Desenberg GbR", "frucht_kurz": "SM", "inaktiv": 0}}, {"type": "Feature", "geometry": {"type": "MultiPolygon", "coordinates": [[[[9.231676184006085, 51.487008859725485], [9.234087399809779, 51.48806119550035], [9.234985121204682, 51.48707744806942], [9.235916249867406, 51.4860394971727], [9.233535298086794, 51.48499960035106], [9.23267924393041, 51.48591271005921], [9.231939756930615, 51.48673530173213], [9.231939756930615, 51.48673530173213], [9.231676184006085, 51.487008859725485]]]]}, "properties": {"jahr": 2026, "schlag_id": 243, "name_sl": "Wackenmuhle I", "ha_calc": 5.2279, "betrieb_name": "Desenberg GbR", "frucht_kurz": "SM", "inaktiv": 0}}, {"type": "Feature", "geometry": {"type": "MultiPolygon", "coordinates": [[[[9.22272599077974, 51.477987384571115], [9.221341195779775, 51.478058204219025], [9.221341195779775, 51.478058204219025], [9.220996646287574, 51.47811986829135], [9.220353246552104, 51.47818568383724], [9.22024991404996, 51.478211001267894], [9.218790839274611, 51.47837524377907], [9.217653355960188, 51.4784850354962], [9.21773664850521, 51.47907705971354], [9.217909126439249, 51.479087505322866], [9.219030002164171, 51.47910694500338], [9.219047158612046, 51.479088968040976], [9.219139119415665, 51.4790887957434], [9.219190916380134, 51.47910305452586], [9.219823268195126, 51.47912699027755], [9.220777466498133, 51.479146726463235], [9.221444409659455, 51.47919212195414], [9.221524526802856, 51.47912019090695], [9.221810664884039, 51.47886483197214], [9.222411283628121, 51.4782751008172], [9.22272599077974, 51.477987384571115]]]]}, "properties": {"jahr": 2026, "schlag_id": 140, "name_sl": "mittlerer Diemelberg", "ha_calc": 3.0039, "betrieb_name": "Desenberg GbR", "frucht_kurz": "WR", "inaktiv": 0}}, {"type": "Feature", "geometry": {"type": "MultiPolygon", "coordinates": [[[[9.326560962301226, 51.45628740752012], [9.326674555959762, 51.458091672888344], [9.328362632268428, 51.45802966153137], [9.328223644285615, 51.45627877120751], [9.327844697012084, 51.45627988668708], [9.326560962301226, 51.45628740752012]]]]}, "properties": {"jahr": 2026, "schlag_id": 40, "name_sl": "Saulen", "ha_calc": 2.3052, "betrieb_name": "Desenberg GbR", "frucht_kurz": "WR", "inaktiv": 0}}, {"type": "Feature", "geometry": {"type": "MultiPolygon", "coordinates": [[[[9.311530629410136, 51.45301988800862], [9.312107647957147, 51.453346323800524], [9.31284918198113, 51.453703244438444], [9.313224883843844, 51.45384574065677], [9.313709308829747, 51.453981843331654], [9.31378486879202, 51.45302860996153], [9.311530629410136, 51.45301988800862]]]]}, "properties": {"jahr": 2026, "schlag_id": 142, "name_sl": "Tinkenber I", "ha_calc": 0.9365, "betrieb_name": "Desenberg GbR", "frucht_kurz": "WR", "inaktiv": 0}}, {"type": "Feature", "geometry": {"type": "MultiPolygon", "coordinates": [[[[9.328667369044608, 51.4536092496392], [9.328642714955643, 51.453624792093635], [9.330663796493425, 51.45365004528693], [9.330702323434492, 51.453498298900385], [9.330745623930255, 51.45332178185856], [9.330828436280656, 51.45312967988569], [9.33084266783326, 51.45304298963352], [9.33081290489989, 51.45303688448495], [9.330609853542178, 51.45304055294453], [9.330357473368244, 51.45307221210715], [9.330119907194469, 51.45309763965084], [9.329872479390962, 51.4531292837982], [9.329704255089752, 51.453154515017005], [9.329600353065121, 51.45317028091879], [9.329521350079554, 51.45320454448038], [9.329378113635014, 51.45326065130031], [9.329239896799203, 51.45332602775219], [9.329022675826863, 51.45342566726675], [9.328869732451627, 51.45350965254207], [9.328667369044608, 51.4536092496392]]]]}, "properties": {"jahr": 2026, "schlag_id": 135, "name_sl": "Bodenberg am Wald", "ha_calc": 0.6689, "betrieb_name": "Desenberg GbR", "frucht_kurz": "Br", "inaktiv": 0}}, {"type": "Feature", "geometry": {"type": "MultiPolygon", "coordinates": [[[[9.285796637865406, 51.453862688353894], [9.286094027386017, 51.45393407635773], [9.286535589354935, 51.45399915150592], [9.287530496470845, 51.45302093645257], [9.287497659287077, 51.45298214562469], [9.287546865602941, 51.45290167353481], [9.286989841137288, 51.452662314643696], [9.285796637865406, 51.453862688353894]]]]}, "properties": {"jahr": 2026, "schlag_id": 5, "name_sl": "Niederlistinger", "ha_calc": 0.778, "betrieb_name": "Desenberg GbR", "frucht_kurz": "Br", "inaktiv": 0}}, {"type": "Feature", "geometry": {"type": "MultiPolygon", "coordinates": [[[[9.310047597245335, 51.470326337546354], [9.310997398955735, 51.470793643700915], [9.311284081943898, 51.47074506522157], [9.311817471077186, 51.47052813060796], [9.31209088559089, 51.47039681582973], [9.312414639880357, 51.47018118807707], [9.312900073380765, 51.470096782967275], [9.313634009645865, 51.46998921232889], [9.314369880472178, 51.470030021045204], [9.314506240772007, 51.46967936897902], [9.313817331318045, 51.4696345967794], [9.313446471200692, 51.46964540203786], [9.312275466548979, 51.46979305111487], [9.311154769643073, 51.46997642314704], [9.310355362417205, 51.470196081907226], [9.310047597245335, 51.470326337546354]]]]}, "properties": {"jahr": 2026, "schlag_id": 318, "name_sl": "Knübel II", "ha_calc": 1.6042, "betrieb_name": "Desenberg GbR", "frucht_kurz": "WR", "inaktiv": 0}}, {"type": "Feature", "geometry": {"type": "MultiPolygon", "coordinates": [[[[9.305279696798857, 51.46843942085629], [9.305650211517081, 51.46857886003629], [9.308228911968763, 51.469449363273874], [9.308929033830545, 51.46982323642626], [9.309593512801563, 51.469541787883976], [9.310807347029579, 51.46918177904141], [9.311597183578488, 51.46902379338433], [9.31216777847134, 51.468977114973136], [9.313730117613716, 51.46892339378244], [9.313570139257829, 51.46955342673489], [9.314545687069199, 51.469604378526725], [9.314889811183352, 51.46888408137058], [9.315338988986726, 51.46901346380159], [9.31586608226935, 51.469100200670866], [9.316176190368541, 51.468422333339774], [9.315585896264684, 51.46828492280642], [9.315076830799502, 51.46814689627788], [9.314071038561593, 51.46806371696774], [9.31315174560538, 51.46805665161081], [9.311968694506682, 51.468125932918866], [9.311442501935439, 51.46814609510866], [9.30986122208757, 51.46826619231229], [9.309569674358844, 51.468292417113496], [9.30923950006102, 51.46829875942954], [9.308604075972053, 51.468178188335926], [9.307951266397273, 51.468001370607766], [9.307454239017593, 51.467886205294036], [9.307115438271099, 51.46800117872936], [9.306769307406523, 51.46810236348873], [9.305924142560642, 51.46812749939417], [9.30537956114899, 51.468293557459525], [9.305279696798857, 51.46843942085629]]]]}, "properties": {"jahr": 2026, "schlag_id": 156, "name_sl": "Knübel I", "ha_calc": 8.5303, "betrieb_name": "Desenberg GbR", "frucht_kurz": "WR", "inaktiv": 0}}, {"type": "Feature", "geometry": {"type": "MultiPolygon", "coordinates": [[[[9.312645141988511, 51.46546058819401], [9.312895344496086, 51.465543989029875], [9.313389077444365, 51.46568410243412], [9.314286470438198, 51.46592096080796], [9.314900300590113, 51.46607441834595], [9.31533732097001, 51.466184507449285], [9.315450584840724, 51.46605348787252], [9.315511582420509, 51.4658635458707], [9.315297420115071, 51.46566840571147], [9.314923932987542, 51.46543282650183], [9.314489006949008, 51.46510989544681], [9.314100710224498, 51.4648159656775], [9.313668171930605, 51.46448333326518], [9.313468280486918, 51.464402036978996], [9.312904943157386, 51.4643402724604], [9.312645141988511, 51.46546058819401]]]]}, "properties": {"jahr": 2026, "schlag_id": 59, "name_sl": "Rosenberg", "ha_calc": 2.0164, "betrieb_name": "Desenberg GbR", "frucht_kurz": "WR", "inaktiv": 0}}, {"type": "Feature", "geometry": {"type": "MultiPolygon", "coordinates": [[[[9.28278584544928, 51.489595604169466], [9.284767135250268, 51.490641892946655], [9.285789390325542, 51.49023415116081], [9.286395651111453, 51.48993081078201], [9.286931875955975, 51.489742015729384], [9.286392886061776, 51.48910760769566], [9.286406575669165, 51.48839726910887], [9.286342813689478, 51.48776143568762], [9.286193447538713, 51.48727378040534], [9.2860324298321, 51.487129135660616], [9.285622780642829, 51.48693636161499], [9.28278584544928, 51.489595604169466]]]]}, "properties": {"jahr": 2026, "schlag_id": 152, "name_sl": "Hopfenberg", "ha_calc": 6.1903, "betrieb_name": "Armin Pöppler", "frucht_kurz": "WG", "inaktiv": 0}}, {"type": "Feature", "geometry": {"type": "MultiPolygon", "coordinates": [[[[9.221313815157835, 51.48838560822005], [9.221447549228918, 51.48831137450468], [9.22149072663505, 51.488281397753525], [9.22156139398277, 51.488223344131676], [9.221590355004682, 51.488168920857625], [9.221603526592544, 51.488080686688356], [9.22160725379121, 51.48805571877228], [9.22159147257023, 51.48795439633861], [9.221513934416452, 51.487866561238306], [9.221424103902384, 51.48777725583607], [9.221293257664993, 51.4876471737015], [9.2209095950689, 51.48733669525508], [9.22089081102902, 51.48732149417475], [9.220530294181925, 51.48701966957476], [9.22014869598066, 51.48678286381246], [9.220054798530153, 51.48672459403241], [9.220006243162691, 51.48670021547873], [9.219597043484496, 51.4864947641351], [9.219431478456649, 51.4864265248112], [9.219079276855828, 51.48628135968781], [9.21849320541268, 51.48607027704607], [9.218232500315617, 51.485995268397204], [9.218099055592482, 51.48595784507135], [9.217760632566145, 51.48589318489383], [9.217602652281208, 51.485851041599474], [9.217246081282319, 51.48567668902377], [9.217622404142759, 51.485414663139494], [9.218098477406489, 51.485111272874576], [9.218482607203555, 51.484895806058034], [9.218654106354716, 51.4847996073493], [9.218745406217623, 51.48473122932133], [9.218759218259372, 51.484671795902585], [9.218761801410176, 51.48454648929359], [9.218334717268856, 51.48439923914807], [9.218044232917736, 51.48429908498385], [9.218044233173414, 51.48429908453342], [9.217111350509184, 51.48397743279118], [9.216782215012655, 51.483883871875314], [9.21653300754738, 51.48384168982663], [9.216496253436047, 51.483933229368404], [9.216496253434652, 51.483933229368404], [9.216490976943067, 51.48394637091987], [9.21636972134593, 51.48424836624444], [9.216304114389324, 51.48448264874289], [9.216197307789818, 51.484764468217016], [9.216176166194192, 51.4848071505412], [9.215971896135438, 51.48524106601364], [9.21575867657736, 51.48558882330773], [9.215648427291805, 51.485745384536266], [9.215532688602977, 51.48594257140044], [9.215527867698638, 51.48597868097123], [9.215522386239977, 51.486019738156216], [9.215513435894826, 51.486086777787165], [9.215526373579415, 51.48625922236612], [9.215547700656986, 51.48641186817462], [9.215554595054076, 51.48647881199525], [9.215566807929328, 51.486597397042544], [9.215566870357424, 51.486598003258244], [9.215590166188075, 51.48682420028201], [9.215595276363992, 51.486865984370084], [9.215611625283975, 51.486999662638716], [9.215635091929027, 51.48713841794694], [9.215683885661267, 51.48752655772323], [9.215705912094379, 51.48771153273916], [9.215767017797948, 51.488224682253254], [9.215782930513438, 51.48831965706894], [9.21584846125991, 51.48892548211178], [9.216667743895435, 51.48904781389113], [9.21791323632769, 51.48923377339914], [9.218070017500146, 51.48925718069284], [9.218073613147425, 51.48924915788699], [9.218156456266874, 51.48906435250976], [9.218244569889134, 51.48885535666057], [9.21824991560402, 51.488855861906], [9.218317072955942, 51.4888624671094], [9.218742486382796, 51.488904307775755], [9.218866584913629, 51.48885930115137], [9.21923476956568, 51.4887150728034], [9.219551045748581, 51.488591176447734], [9.21970603465902, 51.4885602836724], [9.219837641372086, 51.48857820291956], [9.219876204956927, 51.48858345367584], [9.219901812830939, 51.48858694032269], [9.220015410186505, 51.488602407247484], [9.220080723026495, 51.488616148572056], [9.220112868458333, 51.4886189544743], [9.22021055691433, 51.48864200935869], [9.22021268394676, 51.48864189547478], [9.220499694378702, 51.48862651546973], [9.220882624865924, 51.488541475665464], [9.221079086197074, 51.48849007106499], [9.221168184881904, 51.488450419076585], [9.22119521050887, 51.48843839153548], [9.221178618571306, 51.48844577564906], [9.221313815157835, 51.48838560822005]], [[9.218651159894115, 51.48759881017109], [9.218995930039917, 51.48771253933192], [9.21856553937188, 51.48757208109998], [9.218651159894115, 51.48759881017109]]]]}, "properties": {"jahr": 2026, "schlag_id": 70, "name_sl": "22", "ha_calc": 13.9991, "betrieb_name": "Desenberg GbR", "frucht_kurz": "Di", "inaktiv": 0}}, {"type": "Feature", "geometry": {"type": "MultiPolygon", "coordinates": [[[[9.227805387039854, 51.486580859669516], [9.228331457672441, 51.48678198346315], [9.228705448645433, 51.48632231842076], [9.229036062222, 51.48593922615787], [9.229697768239664, 51.485271380906035], [9.23081194100185, 51.48409999722765], [9.230066550078314, 51.48378458247483], [9.229408810611018, 51.48349630861441], [9.229163305729372, 51.48339844679048], [9.229084223081356, 51.48333303963667], [9.229367515854404, 51.4833928134554], [9.229956252986119, 51.483638659730204], [9.230316396213212, 51.48378530487654], [9.230652817431332, 51.483927636930375], [9.230784366753804, 51.484011742234905], [9.230868472058335, 51.484065655891655], [9.2317267774738, 51.48311677553284], [9.231687959640936, 51.48308658388506], [9.230672226347762, 51.48262292643702], [9.229979974995087, 51.48230807068159], [9.229519742649934, 51.48205621555256], [9.229335163929305, 51.482156069614554], [9.229005342936706, 51.482376958903174], [9.228481865581479, 51.48271283165711], [9.228206828492391, 51.48291344371001], [9.228205782548123, 51.482912200348636], [9.228198305073928, 51.48290861801238], [9.227953953180274, 51.483040218703074], [9.227805634985168, 51.483127923806], [9.227753706258213, 51.483242758589036], [9.227675580779566, 51.48336857135932], [9.227597536692087, 51.483510774435246], [9.227554602830846, 51.48367476317306], [9.227424436747649, 51.48389355661427], [9.22736386470491, 51.48403026203963], [9.22738185613669, 51.48412857017081], [9.227338893685168, 51.484287095360656], [9.227243563729335, 51.48447303982124], [9.227139536840467, 51.48466992810057], [9.227088012907066, 51.484866714348314], [9.226958113199158, 51.485140141757086], [9.226732551508643, 51.48553395160393], [9.226671866578384, 51.48564880282947], [9.226532125391502, 51.48570370862636], [9.226480136274372, 51.48580761589794], [9.226515763930495, 51.485933207499244], [9.226638737519718, 51.486025848832654], [9.226893056408228, 51.486134625813854], [9.227163081524726, 51.485882780460734], [9.227198221009596, 51.48591002972584], [9.227295488132537, 51.48611199038897], [9.227576007213214, 51.48620978795893], [9.227988091802088, 51.48636742701109], [9.227805387039854, 51.486580859669516]]]]}, "properties": {"jahr": 2026, "schlag_id": 257, "name_sl": "Grube III", "ha_calc": 9.1328, "betrieb_name": "Desenberg GbR", "frucht_kurz": "SM", "inaktiv": 0}}, {"type": "Feature", "geometry": {"type": "MultiPolygon", "coordinates": [[[[9.30177240566488, 51.506627455627296], [9.301799588912967, 51.506677523122995], [9.302006702302482, 51.50678824257948], [9.303577522923895, 51.50564746268657], [9.302789899125964, 51.50510760530755], [9.302767071309724, 51.50559198363996], [9.302705629947884, 51.50573260966464], [9.302652795853655, 51.505822516287466], [9.302298084434607, 51.50611955580121], [9.301826114946715, 51.50654928187105], [9.30177240566488, 51.506627455627296]]]]}, "properties": {"jahr": 2026, "schlag_id": 258, "name_sl": "Auf dem K”nigsbe", "ha_calc": 0.6717, "betrieb_name": "Armin Pöppler", "frucht_kurz": "AB", "inaktiv": 0}}, {"type": "Feature", "geometry": {"type": "MultiPolygon", "coordinates": [[[[9.224269430230033, 51.48301713777253], [9.224774043240577, 51.48273555837254], [9.225396760586342, 51.48238058552022], [9.225757368844706, 51.48217837519787], [9.226376214668006, 51.48182951653238], [9.227099498235896, 51.481410703608866], [9.22787821940516, 51.4813388110253], [9.2286807031159, 51.48122773762747], [9.228856443382963, 51.481120766208406], [9.22888319214601, 51.48096249217063], [9.228865837745225, 51.48079742523113], [9.228770656445908, 51.48049148685198], [9.228610167887773, 51.48034389777172], [9.228437732900998, 51.48001059326402], [9.22807851304568, 51.47977740138618], [9.227723980745182, 51.479379098332984], [9.227480479308603, 51.479152558425874], [9.22707212430712, 51.47900544907863], [9.226956123892863, 51.47894032179299], [9.226159445683455, 51.47935117791529], [9.2252585007525, 51.47984477992872], [9.224489367850929, 51.48026245076396], [9.223824292255221, 51.48055953133608], [9.222915384853774, 51.48109464407858], [9.221380809473986, 51.48187527590222], [9.222214817832567, 51.48258918705715], [9.223088858592359, 51.48358999708746], [9.223302364732156, 51.483529948485646], [9.224256423853143, 51.48302460824516], [9.224269430230033, 51.48301713777253]]]]}, "properties": {"jahr": 2026, "schlag_id": 48, "name_sl": "Fuchslöcher-02", "ha_calc": 11.9597, "betrieb_name": "Desenberg GbR", "frucht_kurz": "AB", "inaktiv": 0}}, {"type": "Feature", "geometry": {"type": "MultiPolygon", "coordinates": [[[[9.225744045110181, 51.47579464855688], [9.225595380349038, 51.47587036486878], [9.225043044066487, 51.47615167089659], [9.224863807958293, 51.47624295807251], [9.224599058923992, 51.47637784910819], [9.22445706392797, 51.476450108059176], [9.224452450217592, 51.47645436832458], [9.22293803907612, 51.47785418076975], [9.223945400416348, 51.47822494174076], [9.225032476469458, 51.47869294810985], [9.225606735460126, 51.478973889145195], [9.226081492704932, 51.47918278809518], [9.2262360340165, 51.47924440208887], [9.226532631587888, 51.479071847794906], [9.226807364696063, 51.47893373118181], [9.22709848404488, 51.47876806527456], [9.227674991810463, 51.4784665869644], [9.228037148969843, 51.4782742983887], [9.228198953730368, 51.47818838837267], [9.228208906798068, 51.47818310476097], [9.228274781145343, 51.478148135145496], [9.228306910935427, 51.478131079235055], [9.22841532423034, 51.47807352851508], [9.228566489860208, 51.477993238402654], [9.228717238038971, 51.47791304777993], [9.228826469478632, 51.47785494125693], [9.229468588161703, 51.47751339072411], [9.229894815258529, 51.47729054565762], [9.230310270786616, 51.47707320303255], [9.230492013316221, 51.476978109587755], [9.230903011235549, 51.476762751030485], [9.231362478640504, 51.476512600773226], [9.230761216609938, 51.47627551204512], [9.229845404898363, 51.47591176621297], [9.229051473183317, 51.47559649050891], [9.228388354445055, 51.47533254618334], [9.22747863350396, 51.474970387815034], [9.227466694640661, 51.47497184914675], [9.227323288804255, 51.47499028411828], [9.226509124221678, 51.47540505057191], [9.22639441324432, 51.47546342622665], [9.225936689849522, 51.4756965384788], [9.225744045110181, 51.47579464855688]]]]}, "properties": {"jahr": 2026, "schlag_id": 313, "name_sl": "Pflanzenbreite", "ha_calc": 13.9938, "betrieb_name": "Desenberg GbR", "frucht_kurz": "WW", "inaktiv": 0}}, {"type": "Feature", "geometry": {"type": "MultiPolygon", "coordinates": [[[[9.288311817271893, 51.49249160263158], [9.291433410747999, 51.49397846929548], [9.292121651536313, 51.493464176608754], [9.292493097163678, 51.49316548581165], [9.29240874558521, 51.49310673981389], [9.28963760808838, 51.491754465014424], [9.289566022931274, 51.49177346950661], [9.288311817271893, 51.49249160263158]]]]}, "properties": {"jahr": 2026, "schlag_id": 319, "name_sl": "Buchen To", "ha_calc": 3.1578, "betrieb_name": "Armin Pöppler", "frucht_kurz": "WW", "inaktiv": 0}}, {"type": "Feature", "geometry": {"type": "MultiPolygon", "coordinates": [[[[9.300778948479692, 51.50048779564695], [9.302130064379705, 51.501384599472374], [9.303353063160396, 51.50153732146685], [9.303550064831397, 51.500175736284426], [9.30354808240068, 51.50007350991938], [9.301643321372396, 51.500243412454886], [9.30124370791421, 51.50031676552599], [9.300944777121062, 51.500392000460465], [9.300778948479692, 51.50048779564695]]]]}, "properties": {"jahr": 2026, "schlag_id": 147, "name_sl": "Ost.Höhe o.", "ha_calc": 2.0283, "betrieb_name": "Armin Pöppler", "frucht_kurz": "SM", "inaktiv": 0}}, {"type": "Feature", "geometry": {"type": "MultiPolygon", "coordinates": [[[[9.301640220088448, 51.50184813872769], [9.303189201663733, 51.5020411253937], [9.303333284353592, 51.501558676109426], [9.302097771606439, 51.50142568911637], [9.301640220088448, 51.50184813872769]]]]}, "properties": {"jahr": 2026, "schlag_id": 104, "name_sl": "Ost.Höhe h.", "ha_calc": 0.5241, "betrieb_name": "Armin Pöppler", "frucht_kurz": "SM", "inaktiv": 0}}, {"type": "Feature", "geometry": {"type": "MultiPolygon", "coordinates": [[[[9.317137228292697, 51.5196973307607], [9.317421345199337, 51.519890906332144], [9.318176843851717, 51.520324216744186], [9.318667620972427, 51.52010729683545], [9.319785581146164, 51.51948020679285], [9.319000199733193, 51.519083962795314], [9.318595868515672, 51.51882508870273], [9.317137228292697, 51.5196973307607]]]]}, "properties": {"jahr": 2026, "schlag_id": 223, "name_sl": "Tecenwinkel", "ha_calc": 1.5142, "betrieb_name": "Armin Pöppler", "frucht_kurz": "AB", "inaktiv": 0}}, {"type": "Feature", "geometry": {"type": "MultiPolygon", "coordinates": [[[[9.283480738969885, 51.49354742181723], [9.285505024336562, 51.49391356500712], [9.285789297034752, 51.49380550245176], [9.286040692272922, 51.493712373656045], [9.286302669786924, 51.49339483761611], [9.286593054534915, 51.49312635938978], [9.28698485308076, 51.49289361418868], [9.287672836871117, 51.49263753509839], [9.288191519206906, 51.49241390662023], [9.288660621085837, 51.49221102053677], [9.289195405997045, 51.49189467940943], [9.289466070361298, 51.491667663524204], [9.289584390797383, 51.491529340888604], [9.289674276367537, 51.49125834778385], [9.289712596354052, 51.49105724957295], [9.288719358366176, 51.49110039640563], [9.28789303332936, 51.49114396011271], [9.28691230856071, 51.49131374208687], [9.285456502350687, 51.49161139751638], [9.28459686810654, 51.49185540023808], [9.284087176237856, 51.49214302405466], [9.283880653085607, 51.49242247358774], [9.283675275915694, 51.49290242289072], [9.283480738969885, 51.49354742181723]]]]}, "properties": {"jahr": 2026, "schlag_id": 225, "name_sl": "Buchen Jud", "ha_calc": 7.2571, "betrieb_name": "Armin Pöppler", "frucht_kurz": "AB", "inaktiv": 0}}, {"type": "Feature", "geometry": {"type": "MultiPolygon", "coordinates": [[[[9.28231749721322, 51.506568076023775], [9.282314581941623, 51.50678299321253], [9.282363267489837, 51.50698994964353], [9.282427972563196, 51.50718656908227], [9.282419933635168, 51.507332806423314], [9.28244311570859, 51.50744457993436], [9.282674322068349, 51.5074625104914], [9.282961358875061, 51.50729577607966], [9.283414505980184, 51.50699664399439], [9.28374332167941, 51.50672448222838], [9.284309715265046, 51.50650453034394], [9.284670212033983, 51.50635204640872], [9.284086722395342, 51.505902338832364], [9.28341342407364, 51.505301238136], [9.28279046557798, 51.505860489184386], [9.282369797511805, 51.506365562189536], [9.28231749721322, 51.506568076023775]]]]}, "properties": {"jahr": 2026, "schlag_id": 143, "name_sl": "Stckelmorgen", "ha_calc": 1.9709, "betrieb_name": "Armin Pöppler", "frucht_kurz": "WG", "inaktiv": 0}}, {"type": "Feature", "geometry": {"type": "MultiPolygon", "coordinates": [[[[9.275638119590909, 51.48803405095625], [9.27521395420294, 51.48681473016208], [9.27253752864931, 51.48628261838586], [9.272308810060375, 51.48648952842403], [9.27210883350792, 51.48669637117052], [9.272023885606774, 51.486911919141754], [9.271983123674115, 51.48730682304277], [9.271983123674115, 51.48730682304277], [9.275638119590909, 51.48803405095625]]]]}, "properties": {"jahr": 2026, "schlag_id": 173, "name_sl": "auf der Lied", "ha_calc": 2.8667, "betrieb_name": "Armin Pöppler", "frucht_kurz": "AB", "inaktiv": 0}}, {"type": "Feature", "geometry": {"type": "MultiPolygon", "coordinates": [[[[9.229870496379123, 51.47465576172257], [9.229248545436773, 51.47474297270369], [9.228527451047269, 51.47483037416256], [9.228202660763257, 51.47486540444552], [9.2279495063552, 51.474907173430026], [9.227641307303639, 51.474955928238785], [9.228451591071, 51.475257194677084], [9.229113554074159, 51.47551960515413], [9.229926664946422, 51.47584104774505], [9.230839716726747, 51.476201924046336], [9.23105024744207, 51.47596521207513], [9.231137265650004, 51.4758679666305], [9.23123015342677, 51.47576423457308], [9.231479439811208, 51.475480523709635], [9.23167099633641, 51.4752497800559], [9.231908672208156, 51.474963463536994], [9.231918855851392, 51.47491705665557], [9.230638370222186, 51.47455960966912], [9.229870496379123, 51.47465576172257]]]]}, "properties": {"jahr": 2026, "schlag_id": 289, "name_sl": "Woth", "ha_calc": 2.7336, "betrieb_name": "Desenberg GbR", "frucht_kurz": "WR", "inaktiv": 0}}, {"type": "Feature", "geometry": {"type": "MultiPolygon", "coordinates": [[[[9.253878728171282, 51.47169532467136], [9.25397397782158, 51.47324724597256], [9.255812909810672, 51.47349771210298], [9.255710636014102, 51.471939022919216], [9.253878728171282, 51.47169532467136]]]]}, "properties": {"jahr": 2026, "schlag_id": 71, "name_sl": "Berg II", "ha_calc": 2.1862, "betrieb_name": "Uwe Rüddenklau", "frucht_kurz": "Br", "inaktiv": 0}}, {"type": "Feature", "geometry": {"type": "MultiPolygon", "coordinates": [[[[9.223652425304042, 51.4869147458557], [9.223635889524209, 51.4872256206988], [9.223758566701598, 51.48742212898092], [9.223994269553279, 51.4876891132663], [9.223971800956562, 51.48771026757191], [9.224167385241147, 51.48787881824523], [9.224684990310243, 51.48750625573698], [9.224550792001192, 51.48742394342093], [9.224348157914003, 51.48716295174802], [9.224250950600549, 51.4869475077982], [9.224058352876755, 51.48679308642334], [9.224039788822948, 51.48678709233799], [9.223866538397187, 51.48670257368843], [9.223682302152158, 51.48670406751118], [9.223639166856364, 51.48683218379653], [9.223652425304042, 51.4869147458557]]]]}, "properties": {"jahr": 2026, "schlag_id": 159, "name_sl": "Hahnekam Wiese", "ha_calc": 0.5224, "betrieb_name": "Sebastian Ide-Knorr", "frucht_kurz": "GL", "inaktiv": 0}}, {"type": "Feature", "geometry": {"type": "MultiPolygon", "coordinates": [[[[9.252290967322674, 51.494886058788815], [9.253809036283947, 51.495204267525736], [9.253809377421609, 51.495203564247014], [9.254054946786624, 51.49469726822895], [9.252907573399424, 51.49447840149127], [9.252672813044713, 51.494608941099735], [9.252664112103018, 51.49461525606848], [9.252290967322674, 51.494886058788815]]]]}, "properties": {"jahr": 2026, "schlag_id": 26, "name_sl": "Steinbruch", "ha_calc": 0.5658, "betrieb_name": "Sebastian Ide-Knorr", "frucht_kurz": "WG", "inaktiv": 0}}, {"type": "Feature", "geometry": {"type": "MultiPolygon", "coordinates": [[[[9.251037401983808, 51.49786432345186], [9.251563995751642, 51.49788405682083], [9.251566751191884, 51.49788388090071], [9.25156656631114, 51.49788384871725], [9.251568731568657, 51.49788370826293], [9.251575629163451, 51.49788490243884], [9.251819578199564, 51.49792714704328], [9.252152628913564, 51.49727721806731], [9.2522766396863, 51.49703522284901], [9.25231587336765, 51.49695818273382], [9.25245746343701, 51.49659093566334], [9.252692498461599, 51.496130593300016], [9.252018712509756, 51.4959842305459], [9.251745562364539, 51.496506570980706], [9.251524241485608, 51.496929796874625], [9.251437620644605, 51.497096075817204], [9.2513314349836, 51.49717427513726], [9.251055730435048, 51.497737000382344], [9.251000251839056, 51.497861066748705], [9.251037401983808, 51.49786432345186]]]]}, "properties": {"jahr": 2026, "schlag_id": 290, "name_sl": "Bergwiese", "ha_calc": 1.1422, "betrieb_name": "Sebastian Ide-Knorr", "frucht_kurz": "GL", "inaktiv": 0}}, {"type": "Feature", "geometry": {"type": "MultiPolygon", "coordinates": [[[[9.254151537272366, 51.49479224441252], [9.253987876828752, 51.49517304015179], [9.253814360545348, 51.49560412903659], [9.2537092983272, 51.49582595083971], [9.253617411855897, 51.49598631354111], [9.253517009310816, 51.496194019060646], [9.254438554905022, 51.49636141157395], [9.255363598329156, 51.49653636640344], [9.256151974348361, 51.49668211819586], [9.256304215557558, 51.49667850757275], [9.256604510328431, 51.495927364804935], [9.256865399122779, 51.49525580380595], [9.256865399122786, 51.49525580380595], [9.257013773766648, 51.494949853262206], [9.257334675828929, 51.494133118588366], [9.25735489900001, 51.49399543059586], [9.257354233016407, 51.49387745190526], [9.257301048579206, 51.493756311492184], [9.257242614445325, 51.49363518259662], [9.257102739156789, 51.4936311676941], [9.256858703048891, 51.49360733680211], [9.256654395069301, 51.49359714768183], [9.256396464227262, 51.49347645581242], [9.256269966664346, 51.49336449149009], [9.256124973945727, 51.49324963473566], [9.255910212635953, 51.49322574676999], [9.255855618290282, 51.493262654699606], [9.255782185681722, 51.49337316286818], [9.255719476198156, 51.49352381860116], [9.255430854605997, 51.493897157989394], [9.255408629288908, 51.4939420304445], [9.25540216553627, 51.494048867942396], [9.255180765196673, 51.494505213171365], [9.255088273456, 51.494589013695354], [9.254938871364836, 51.49475775921422], [9.254760623961939, 51.49480402863874], [9.254634767590716, 51.49483052042533], [9.254240515091707, 51.494742892706476], [9.254151537272366, 51.49479224441252]]]]}, "properties": {"jahr": 2026, "schlag_id": 76, "name_sl": "Hessenfeld", "ha_calc": 5.7103, "betrieb_name": "Desenberg GbR", "frucht_kurz": "WG", "inaktiv": 0}}, {"type": "Feature", "geometry": {"type": "MultiPolygon", "coordinates": [[[[9.253434020254083, 51.48738808365267], [9.253932272280364, 51.48709110125458], [9.25430159590474, 51.4868576616448], [9.25495792792285, 51.48645377048159], [9.25474534318946, 51.48646619858431], [9.254106529147618, 51.48650402944684], [9.253838656059749, 51.48653096696721], [9.253446910660939, 51.48657316286196], [9.253443196812276, 51.48680693146108], [9.253434020254083, 51.48738808365267]]]]}, "properties": {"jahr": 2026, "schlag_id": 231, "name_sl": "Seltersberg", "ha_calc": 0.4885, "betrieb_name": "Sebastian Ide-Knorr", "frucht_kurz": "GL", "inaktiv": 0}}, {"type": "Feature", "geometry": {"type": "MultiPolygon", "coordinates": [[[[9.23138693986521, 51.48970175451078], [9.23142412901558, 51.48956847695419], [9.230969662201018, 51.48958141972942], [9.230915836598035, 51.48957869405093], [9.230831268529132, 51.48957441155953], [9.230682828087463, 51.49011408295702], [9.230569441191134, 51.49052605496032], [9.230560269945904, 51.4905594013495], [9.231130301774092, 51.49061192322181], [9.231144283081893, 51.490570668005645], [9.23128555219239, 51.49006507616352], [9.231362618824553, 51.489789166867524], [9.23138693986521, 51.48970175451078]]]]}, "properties": {"jahr": 2026, "schlag_id": 4, "name_sl": "Krommel", "ha_calc": 0.4595, "betrieb_name": "Sebastian Ide-Knorr", "frucht_kurz": "AG", "inaktiv": 0}}, {"type": "Feature", "geometry": {"type": "MultiPolygon", "coordinates": [[[[9.232210705573829, 51.46900301933732], [9.23224000018899, 51.46940654073439], [9.232454826446492, 51.469523383460164], [9.233999795244031, 51.469524042619874], [9.233972817565126, 51.4690433821898], [9.232210705573829, 51.46900301933732]]]]}, "properties": {"jahr": 2026, "schlag_id": 177, "name_sl": "unterm Stubbig N", "ha_calc": 0.6693, "betrieb_name": "Volker Rüddenklau", "frucht_kurz": "SM", "inaktiv": 0}}, {"type": "Feature", "geometry": {"type": "MultiPolygon", "coordinates": [[[[9.240455129974173, 51.46365219999763], [9.240558802299123, 51.46414653483898], [9.240601218440572, 51.46499409880985], [9.241388040637556, 51.46495447808942], [9.241306180999107, 51.46358921933752], [9.240455129974173, 51.46365219999763]]]]}, "properties": {"jahr": 2026, "schlag_id": 158, "name_sl": "Buschweg II", "ha_calc": 0.8351, "betrieb_name": "Volker Rüddenklau", "frucht_kurz": "SM", "inaktiv": 0}}, {"type": "Feature", "geometry": {"type": "MultiPolygon", "coordinates": [[[[9.244951519777961, 51.49768644752599], [9.245430962008266, 51.49776019437679], [9.245854104329974, 51.497803689726666], [9.24635573916771, 51.49782833037304], [9.246928482247267, 51.497852818813044], [9.247770712243659, 51.49788140602502], [9.248029552901729, 51.497860155146235], [9.24807489025931, 51.49738319557937], [9.245057452397468, 51.49720267576677], [9.244951519777961, 51.49768644752599]]]]}, "properties": {"jahr": 2026, "schlag_id": 123, "name_sl": "Kruckenberg (K„c", "ha_calc": 1.2517, "betrieb_name": "Joachim Wetekam", "frucht_kurz": "WW", "inaktiv": 0}}, {"type": "Feature", "geometry": {"type": "MultiPolygon", "coordinates": [[[[9.274382606360493, 51.50452178270039], [9.273715893492037, 51.50431568965727], [9.273384843446165, 51.50459679677694], [9.273087747170528, 51.504992033571355], [9.272939818857605, 51.50529347736234], [9.272975269130741, 51.505656789630116], [9.273094154793807, 51.5060614380419], [9.273178647690662, 51.506279277789254], [9.273246939763009, 51.5065698342735], [9.273248246973113, 51.50678786814885], [9.273149791111264, 51.5070165176163], [9.272985592176662, 51.507380295587694], [9.272837158259067, 51.50759867862613], [9.27315327586062, 51.50759794122608], [9.273519306750872, 51.50759708633017], [9.2738351124051, 51.50754443427483], [9.274083866896062, 51.5074088767414], [9.274249619099889, 51.50730466134088], [9.274331994951739, 51.507169493043655], [9.27434750757835, 51.50698256789362], [9.274296907591733, 51.50686847668345], [9.274244933412325, 51.50652596902555], [9.274227234040442, 51.506349504405385], [9.274109336664075, 51.50611097823238], [9.27404160164579, 51.50591386533076], [9.273974116859492, 51.505758282648685], [9.274006642031372, 51.50563361394825], [9.274055429458706, 51.50544661087617], [9.274137490319843, 51.505259529840565], [9.274219488046196, 51.50506206617507], [9.27425169969781, 51.504885484554684], [9.274201477056996, 51.50483368866647], [9.274382606360493, 51.50452178270039]]]]}, "properties": {"jahr": 2026, "schlag_id": 124, "name_sl": "Körbecker Str.", "ha_calc": 2.6028, "betrieb_name": "Joachim Wetekam", "frucht_kurz": "WW", "inaktiv": 0}}, {"type": "Feature", "geometry": {"type": "MultiPolygon", "coordinates": [[[[9.244180477939608, 51.45301393418868], [9.24562106551279, 51.45299427452551], [9.24551229357249, 51.4525406715376], [9.245473207388827, 51.45237535156535], [9.245431335837763, 51.4521981505651], [9.24542195419186, 51.4521584125037], [9.245337260171265, 51.45179950668004], [9.245318021327428, 51.45171807259584], [9.245267552456648, 51.451500280696344], [9.245267906778826, 51.451500221635094], [9.245267823773453, 51.451499863428566], [9.244698767457507, 51.45159499868085], [9.24383044613846, 51.451558789841236], [9.244180477939608, 51.45301393418868]]]]}, "properties": {"jahr": 2026, "schlag_id": 328, "name_sl": "Am schelen Busch", "ha_calc": 1.6094, "betrieb_name": "Martin Warburg", "frucht_kurz": "GL", "inaktiv": 0}}, {"type": "Feature", "geometry": {"type": "MultiPolygon", "coordinates": [[[[9.266519483875271, 51.451826456069924], [9.264470646728563, 51.451633823721565], [9.264473368590007, 51.45167039433248], [9.266521283308101, 51.45186140270012], [9.266519483875271, 51.451826456069924]]]]}, "properties": {"jahr": 2026, "schlag_id": 217, "name_sl": "In den Kõmpen Feldrand", "ha_calc": 0.0563, "betrieb_name": "0", "frucht_kurz": "0", "inaktiv": 0}}, {"type": "Feature", "geometry": {"type": "MultiPolygon", "coordinates": [[[[9.26407059298979, 51.4903550805276], [9.264620741281643, 51.49051432803451], [9.264790386819456, 51.4905035571378], [9.264865571677511, 51.49046645631588], [9.265338238932314, 51.48987939718568], [9.26569396830201, 51.4895928710589], [9.265868981192673, 51.4893760751369], [9.26615411636197, 51.48894971568526], [9.265264605475503, 51.488703704944015], [9.26407059298979, 51.4903550805276]]]]}, "properties": {"jahr": 2026, "schlag_id": 131, "name_sl": "In der Insel I", "ha_calc": 1.2559, "betrieb_name": "Schmidt GbR", "frucht_kurz": "SM", "inaktiv": 0}}, {"type": "Feature", "geometry": {"type": "MultiPolygon", "coordinates": [[[[9.241614207716117, 51.451457470925696], [9.241405252970122, 51.45144775970046], [9.241784293580444, 51.453050384153606], [9.241983403434828, 51.45304997247407], [9.24177362677405, 51.452128302642386], [9.241768328797425, 51.452128089737386], [9.241614207716117, 51.451457470925696]]]]}, "properties": {"jahr": 2026, "schlag_id": 303, "name_sl": "_ber dem Gemeindesiegen", "ha_calc": 0.2516, "betrieb_name": "Martin Warburg", "frucht_kurz": "AB", "inaktiv": 0}}, {"type": "Feature", "geometry": {"type": "MultiPolygon", "coordinates": [[[[9.223043748667484, 51.45539736075433], [9.222560685525846, 51.45538759929243], [9.222560685525846, 51.45538759929243], [9.222600260712248, 51.45649043860278], [9.223073611571605, 51.45625987385783], [9.223043748667484, 51.45539736075433]]]]}, "properties": {"jahr": 2026, "schlag_id": 127, "name_sl": "Silberflut", "ha_calc": 0.3661, "betrieb_name": "Martin Warburg", "frucht_kurz": "SW", "inaktiv": 0}}, {"type": "Feature", "geometry": {"type": "MultiPolygon", "coordinates": [[[[9.237439795181292, 51.45369248412129], [9.237519621049094, 51.453932872445336], [9.240276762450884, 51.45377014573602], [9.240181336763149, 51.45355433727737], [9.240181336763149, 51.45355433727737], [9.237439795181292, 51.45369248412129]]]]}, "properties": {"jahr": 2026, "schlag_id": 207, "name_sl": "Untere Schäferbreite", "ha_calc": 0.4948, "betrieb_name": "Martin Warburg", "frucht_kurz": "WW", "inaktiv": 0}}, {"type": "Feature", "geometry": {"type": "MultiPolygon", "coordinates": [[[[9.249809990887679, 51.4326079994341], [9.24952944697865, 51.4322155754534], [9.248373953741531, 51.43277997953379], [9.24711150118146, 51.4334076134154], [9.247019768152853, 51.43354253952363], [9.246779479918942, 51.43402149216607], [9.246721497966796, 51.43417692927382], [9.246721530209667, 51.434176913365924], [9.246598979775202, 51.43472679985502], [9.247264643642362, 51.43436702185625], [9.248079123857961, 51.433933286272506], [9.249026998725112, 51.43347962413877], [9.250148069927056, 51.43310413129293], [9.249809990887679, 51.4326079994341]]]]}, "properties": {"jahr": 2026, "schlag_id": 183, "name_sl": "Kleines Feld", "ha_calc": 2.4474, "betrieb_name": "Martin Warburg", "frucht_kurz": "WW", "inaktiv": 0}}, {"type": "Feature", "geometry": {"type": "MultiPolygon", "coordinates": [[[[9.242496905998054, 51.48619118180537], [9.24380003121771, 51.48436299372055], [9.243646803112746, 51.48417324133439], [9.243436391358657, 51.48396380863079], [9.243125880156976, 51.48401197233338], [9.242928725323997, 51.483909426465665], [9.242781591469443, 51.48367214236746], [9.239354573926011, 51.48324362423427], [9.239642046538899, 51.48363901824378], [9.240018751872796, 51.48411738479972], [9.240344309882511, 51.48451665870768], [9.24091119354702, 51.48497483229538], [9.241395554327486, 51.48541733414446], [9.241395554327486, 51.48541733414446], [9.242496905998054, 51.48619118180537]]]]}, "properties": {"jahr": 2026, "schlag_id": 153, "name_sl": "Grimelsberg", "ha_calc": 4.9382, "betrieb_name": "Schmidt GbR", "frucht_kurz": "WG", "inaktiv": 0}}, {"type": "Feature", "geometry": {"type": "MultiPolygon", "coordinates": [[[[9.289759598597609, 51.50271811389221], [9.289839453688169, 51.50267505159289], [9.288747121672904, 51.50190618913256], [9.287757799005584, 51.501129919115115], [9.287148124752356, 51.50065276196214], [9.286931094921831, 51.500724735217055], [9.28679441336908, 51.5008322316958], [9.28661208047447, 51.50096127210969], [9.286738349936353, 51.5010181156018], [9.28670437021488, 51.5010753516261], [9.286521946300988, 51.50119010392182], [9.286832707672142, 51.501460818421414], [9.287085700095508, 51.501645944643954], [9.287327157937543, 51.50181681044116], [9.287591330559248, 51.501959043539024], [9.28801571277089, 51.502093737803236], [9.289070752016718, 51.50239833292223], [9.289759598597609, 51.50271811389221]]]]}, "properties": {"jahr": 2026, "schlag_id": 200, "name_sl": "Nösselweg", "ha_calc": 1.4241, "betrieb_name": "Armin Pöppler", "frucht_kurz": "AB", "inaktiv": 0}}, {"type": "Feature", "geometry": {"type": "MultiPolygon", "coordinates": [[[[9.245645152313351, 51.49234980000361], [9.245208332434878, 51.49235529798577], [9.244756816916075, 51.49235795085904], [9.244498543227877, 51.49236415363204], [9.244452641144806, 51.49287166632977], [9.244381238581138, 51.49366120732783], [9.244630293860551, 51.49367983192959], [9.245070634202815, 51.4937104588224], [9.245504058496095, 51.49374127763993], [9.245539794990197, 51.49338878676554], [9.24557952570919, 51.49299680971582], [9.24560592105219, 51.49273665790776], [9.245645152313351, 51.49234980000361]]]]}, "properties": {"jahr": 2026, "schlag_id": 220, "name_sl": "Bünge 3", "ha_calc": 1.182, "betrieb_name": "Sebastian Ide-Knorr", "frucht_kurz": "WG", "inaktiv": 0}}, {"type": "Feature", "geometry": {"type": "MultiPolygon", "coordinates": [[[[9.231524380422808, 51.45670136193396], [9.231927016620181, 51.45668960065621], [9.23259189968297, 51.45667003470833], [9.232818308672638, 51.45666239371332], [9.233649745234066, 51.456634131719525], [9.233597271009941, 51.45635973466343], [9.233559283609761, 51.45616197768061], [9.233533972781695, 51.45602387850533], [9.23351103665171, 51.455898632449205], [9.233427717212843, 51.45544453204177], [9.233296599027057, 51.45472969023741], [9.232377939727, 51.45496063414723], [9.231385958486106, 51.45519296288788], [9.231420595440161, 51.45557304302026], [9.231455578652092, 51.45595673389026], [9.23146760513878, 51.45608757783411], [9.231480402346309, 51.45622938900816], [9.231498811662147, 51.45642628648537], [9.231524380422808, 51.45670136193396]]]]}, "properties": {"jahr": 2026, "schlag_id": 263, "name_sl": "Auf der H÷he", "ha_calc": 2.7055, "betrieb_name": "Martin Warburg", "frucht_kurz": "WR", "inaktiv": 0}}, {"type": "Feature", "geometry": {"type": "MultiPolygon", "coordinates": [[[[9.301281751990409, 51.50594828983403], [9.301337134789106, 51.506154632044655], [9.30139186792581, 51.506282816040326], [9.301283506679091, 51.50640578693297], [9.301365289704107, 51.50643350028147], [9.30226682092763, 51.50559562870739], [9.301737037332815, 51.505446017704834], [9.301413148110662, 51.50556268815895], [9.301324170770423, 51.505702351980005], [9.301281751990409, 51.50594828983403]]]]}, "properties": {"jahr": 2026, "schlag_id": 285, "name_sl": "Auf dem K”nigsbe", "ha_calc": 0.3701, "betrieb_name": "Armin Pöppler", "frucht_kurz": "Br", "inaktiv": 0}}, {"type": "Feature", "geometry": {"type": "MultiPolygon", "coordinates": [[[[9.219319169268905, 51.499076241664035], [9.218997712930047, 51.499019466959595], [9.21918160209174, 51.49873459212265], [9.218899696163128, 51.498672632583855], [9.218734644230496, 51.49893800871717], [9.218621632236486, 51.499119711369865], [9.218687038952677, 51.49913272358566], [9.218673077610143, 51.49916232433887], [9.219236592023522, 51.499208371431166], [9.219275917323772, 51.49914082779038], [9.219319169268905, 51.499076241664035]]]]}, "properties": {"jahr": 2026, "schlag_id": 288, "name_sl": "z - 187-00", "ha_calc": 0.1518, "betrieb_name": "Gut Klingenburg", "frucht_kurz": "Blü", "inaktiv": 0}}, {"type": "Feature", "geometry": {"type": "MultiPolygon", "coordinates": [[[[9.243039580129464, 51.4566326821096], [9.244152395951676, 51.45662127217515], [9.244639223782908, 51.456616286248426], [9.244647278570612, 51.456409146219684], [9.244657479970867, 51.456164999092806], [9.24461927926221, 51.45613055640234], [9.244245050342055, 51.456131336580306], [9.242720448001132, 51.45615587857716], [9.241593525824468, 51.45616622201743], [9.24174240959356, 51.45644313326315], [9.241782941028221, 51.45651729594068], [9.241886921192648, 51.456645160707865], [9.241888213220314, 51.45664514670237], [9.2418877179383, 51.45664453122388], [9.243039580129464, 51.4566326821096]]]]}, "properties": {"jahr": 2026, "schlag_id": 296, "name_sl": "Auf dem Sterz", "ha_calc": 1.0913, "betrieb_name": "Martin Warburg", "frucht_kurz": "WW", "inaktiv": 0}}, {"type": "Feature", "geometry": {"type": "MultiPolygon", "coordinates": [[[[9.241991147121885, 51.453054777720205], [9.244183138678968, 51.453013402421114], [9.24380988917851, 51.45153774097057], [9.241617305388012, 51.45145392611178], [9.241617305388012, 51.45145392611178], [9.241991147121885, 51.453054777720205]]]]}, "properties": {"jahr": 2026, "schlag_id": 299, "name_sl": "Am schelen Busch 1", "ha_calc": 2.5999, "betrieb_name": "Martin Warburg", "frucht_kurz": "WW", "inaktiv": 0}}, {"type": "Feature", "geometry": {"type": "MultiPolygon", "coordinates": [[[[9.245194566917748, 51.44941934017657], [9.245477646664494, 51.44929434848547], [9.245388137885428, 51.44869300724189], [9.245205611740861, 51.44863626520594], [9.245090085579077, 51.44873572245961], [9.245194566917748, 51.44941934017657]]]]}, "properties": {"jahr": 2026, "schlag_id": 311, "name_sl": "Vor'm Dorf", "ha_calc": 0.1601, "betrieb_name": "0", "frucht_kurz": "0", "inaktiv": 0}}, {"type": "Feature", "geometry": {"type": "MultiPolygon", "coordinates": [[[[9.239700249840924, 51.447763698506584], [9.24041021478506, 51.44798576700544], [9.240412593580727, 51.447949858052446], [9.240408519444264, 51.44794858273627], [9.240409062956916, 51.447955781264774], [9.239700363002811, 51.44772691544021], [9.239700249840924, 51.447763698506584]]]]}, "properties": {"jahr": 2026, "schlag_id": 310, "name_sl": "Auf d. s. Heinew. Feldrand", "ha_calc": 0.0183, "betrieb_name": "0", "frucht_kurz": "0", "inaktiv": 0}}]}