{"type": "FeatureCollection", "features": [{"type": "Feature", "geometry": {"type": "MultiPolygon", "coordinates": [[[[9.315605788247305, 51.51493782353577], [9.315872878014838, 51.51525102858208], [9.315965288841609, 51.51513129900121], [9.316141352681088, 51.51483188334902], [9.316324455817233, 51.51447993946977], [9.316540046090966, 51.51425976170077], [9.316723976556982, 51.51384554042167], [9.316923470754576, 51.513564282814684], [9.31707341336914, 51.51332885090878], [9.316614120868632, 51.51315243711331], [9.315605788247305, 51.51493782353577]]]]}, "properties": {"schlag_id": 392, "name_sl": "alte Mhle", "betrieb_name": "Armin Pöppler", "frucht_kurz": "---", "ha_calc": 0.7302, "inaktiv": 0}}, {"type": "Feature", "geometry": {"type": "MultiPolygon", "coordinates": [[[[9.301764529238437, 51.5066310116153], [9.301791712578595, 51.506681079292356], [9.301998826710975, 51.506791799158634], [9.303569653268887, 51.50565101526372], [9.302782026664097, 51.50511115589982], [9.302759198690183, 51.505595535969796], [9.302697757081491, 51.50573616249567], [9.302644922779725, 51.50582606943811], [9.30229021001412, 51.50612310999712], [9.301818238729242, 51.50655283758161], [9.301764529238437, 51.5066310116153]]]]}, "properties": {"schlag_id": 258, "name_sl": "Auf dem K”nigsbe", "betrieb_name": "Armin Pöppler", "frucht_kurz": "---", "ha_calc": 0.6717, "inaktiv": 0}}, {"type": "Feature", "geometry": {"type": "MultiPolygon", "coordinates": [[[[9.301273873867823, 51.505951843354666], [9.301329256838159, 51.50615818630935], [9.30138399015606, 51.50628637076843], [9.301275628493046, 51.506409342096106], [9.301357411813836, 51.506437055548965], [9.302258946472458, 51.505599181020564], [9.301729160957079, 51.5054495694494], [9.301405270528985, 51.50556624030309], [9.301316292841014, 51.50570590462025], [9.301273873867823, 51.505951843354666]]]]}, "properties": {"schlag_id": 285, "name_sl": "Auf dem K”nigsbe", "betrieb_name": "Armin Pöppler", "frucht_kurz": "---", "ha_calc": 0.3701, "inaktiv": 0}}, {"type": "Feature", "geometry": {"type": "MultiPolygon", "coordinates": [[[[9.31307117761503, 51.50693007579648], [9.313090345996494, 51.507173701772324], [9.313163866815248, 51.507268439547055], [9.314385006973467, 51.50736825089064], [9.314368517079249, 51.507037587911114], [9.31307117761503, 51.50693007579648]]]]}, "properties": {"schlag_id": 341, "name_sl": "Auf dem Stederbe", "betrieb_name": "Armin Pöppler", "frucht_kurz": "---", "ha_calc": 0.327, "inaktiv": 0}}, {"type": "Feature", "geometry": {"type": "MultiPolygon", "coordinates": [[[[9.337443192494453, 51.49841730010054], [9.337855718352564, 51.49847416728204], [9.338498053024244, 51.497144321407], [9.338018863791698, 51.497155173963534], [9.337443192494453, 51.49841730010054]]]]}, "properties": {"schlag_id": 57, "name_sl": "Friedr.Mitte", "betrieb_name": "Armin Pöppler", "frucht_kurz": "---", "ha_calc": 0.4569, "inaktiv": 0}}, {"type": "Feature", "geometry": {"type": "MultiPolygon", "coordinates": [[[[9.339673970827358, 51.497064429532514], [9.34001137981049, 51.49704342184886], [9.340862284109829, 51.49527469413661], [9.340553352501866, 51.495291918547906], [9.339673970827358, 51.497064429532514]]]]}, "properties": {"schlag_id": 221, "name_sl": "Friedr.oben", "betrieb_name": "Armin Pöppler", "frucht_kurz": "---", "ha_calc": 0.429, "inaktiv": 0}}, {"type": "Feature", "geometry": {"type": "MultiPolygon", "coordinates": [[[[9.323156166261967, 51.51547146914411], [9.323586415706961, 51.51568196999735], [9.324949887433378, 51.514660562938836], [9.32464512859024, 51.514383019037126], [9.323156166261967, 51.51547146914411]]]]}, "properties": {"schlag_id": 342, "name_sl": "Hegeholz", "betrieb_name": "Armin Pöppler", "frucht_kurz": "---", "ha_calc": 0.5678, "inaktiv": 0}}, {"type": "Feature", "geometry": {"type": "MultiPolygon", "coordinates": [[[[9.294170712318875, 51.50019278778435], [9.29620696205604, 51.500228142815494], [9.295875232580055, 51.49999302830889], [9.294176315679792, 51.499962870393034], [9.294170712318875, 51.50019278778435]]]]}, "properties": {"schlag_id": 393, "name_sl": "Mönchebreite", "betrieb_name": "Armin Pöppler", "frucht_kurz": "---", "ha_calc": 0.3311, "inaktiv": 0}}, {"type": "Feature", "geometry": {"type": "MultiPolygon", "coordinates": [[[[9.3016323439069, 51.501851677550235], [9.30318133113443, 51.502044665001115], [9.303325414426359, 51.50156221399341], [9.302089897167654, 51.50142922644953], [9.3016323439069, 51.501851677550235]]]]}, "properties": {"schlag_id": 104, "name_sl": "Ost.Höhe h.", "betrieb_name": "Armin Pöppler", "frucht_kurz": "---", "ha_calc": 0.5241, "inaktiv": 0}}, {"type": "Feature", "geometry": {"type": "MultiPolygon", "coordinates": [[[[9.300771069346712, 51.500491329534704], [9.302122190065637, 51.501388136659955], [9.303345193308969, 51.50154085927532], [9.30354219591015, 51.50017926921655], [9.303540213487748, 51.50007704248439], [9.301635445447133, 51.50024694551672], [9.301235830512017, 51.5003202988274], [9.300936898610948, 51.500395534014196], [9.300771069346712, 51.500491329534704]]]]}, "properties": {"schlag_id": 147, "name_sl": "Ost.Höhe o.", "betrieb_name": "Armin Pöppler", "frucht_kurz": "---", "ha_calc": 2.0283, "inaktiv": 0}}, {"type": "Feature", "geometry": {"type": "MultiPolygon", "coordinates": [[[[9.31248045215856, 51.5038141234351], [9.313519543451346, 51.50389645322044], [9.313586421415357, 51.502181017947095], [9.312594639406976, 51.502108382613486], [9.31248045215856, 51.5038141234351]]]]}, "properties": {"schlag_id": 395, "name_sl": "Rdiger", "betrieb_name": "Armin Pöppler", "frucht_kurz": "---", "ha_calc": 1.3462, "inaktiv": 0}}, {"type": "Feature", "geometry": {"type": "MultiPolygon", "coordinates": [[[[9.321653309725228, 51.516755717859866], [9.32446518691148, 51.518104303020266], [9.325103411080313, 51.51758532040335], [9.322286392951508, 51.51624201705678], [9.321653309725228, 51.516755717859866]]]]}, "properties": {"schlag_id": 391, "name_sl": "Roden", "betrieb_name": "Armin Pöppler", "frucht_kurz": "---", "ha_calc": 1.7816, "inaktiv": 0}}, {"type": "Feature", "geometry": {"type": "MultiPolygon", "coordinates": [[[[9.28462804195748, 51.50387599040172], [9.286170628099207, 51.50435264910219], [9.286833888542166, 51.5038890829059], [9.288086761447028, 51.50302679239746], [9.286903877684253, 51.50283027055731], [9.286391162274064, 51.50275094364718], [9.286017965739966, 51.502756924008395], [9.28574662640565, 51.50283851320827], [9.28488066662144, 51.50284524366518], [9.284540451886128, 51.502887646131605], [9.284363187588145, 51.502948129509505], [9.284267398474544, 51.503017653609014], [9.284156920941195, 51.50310569099811], [9.283839886509043, 51.503305095644656], [9.28350833316158, 51.503550728859665], [9.283938496609629, 51.503688268832455], [9.28462804195748, 51.50387599040172]], [[9.285893949151143, 51.5039052409593], [9.285159294141188, 51.50360677051289], [9.28529926219319, 51.50350018259787], [9.28570014202728, 51.503688601184685], [9.285915285308514, 51.50376660605297], [9.285989766620565, 51.503840334898484], [9.285893949151143, 51.5039052409593]]]]}, "properties": {"schlag_id": 394, "name_sl": "Sichenberg I", "betrieb_name": "Armin Pöppler", "frucht_kurz": "---", "ha_calc": 3.1327, "inaktiv": 0}}, {"type": "Feature", "geometry": {"type": "MultiPolygon", "coordinates": [[[[9.311295696339926, 51.507099265052254], [9.312466731475684, 51.50720662458284], [9.312513718669754, 51.507088829159386], [9.312514072616459, 51.50698209806574], [9.312461729534538, 51.50692169285649], [9.312403267692126, 51.50686460043804], [9.311349718095977, 51.5067799659742], [9.311295696339926, 51.507099265052254]]]]}, "properties": {"schlag_id": 410, "name_sl": "Stenderberg", "betrieb_name": "Armin Pöppler", "frucht_kurz": "---", "ha_calc": 0.2974, "inaktiv": 0}}, {"type": "Feature", "geometry": {"type": "MultiPolygon", "coordinates": [[[[9.311964151180174, 51.50206304855281], [9.31327279738551, 51.50215098654753], [9.313355975863203, 51.5002117534759], [9.312197215997031, 51.50012294743178], [9.31211952010781, 51.50013703810715], [9.312055948528782, 51.50128196660694], [9.311964151180174, 51.50206304855281]]]]}, "properties": {"schlag_id": 387, "name_sl": "Unt.Lindberg I", "betrieb_name": "Armin Pöppler", "frucht_kurz": "---", "ha_calc": 1.8936, "inaktiv": 0}}, {"type": "Feature", "geometry": {"type": "MultiPolygon", "coordinates": [[[[9.3150738066753, 51.502315956794305], [9.315879731001912, 51.5023399085369], [9.316009289796323, 51.500480037065955], [9.315981816289312, 51.500445270850584], [9.315875037253363, 51.500400130018036], [9.315247704508872, 51.500366345181206], [9.3150738066753, 51.502315956794305]]]]}, "properties": {"schlag_id": 389, "name_sl": "Unt.Lindberg III", "betrieb_name": "Armin Pöppler", "frucht_kurz": "---", "ha_calc": 1.179, "inaktiv": 0}}, {"type": "Feature", "geometry": {"type": "MultiPolygon", "coordinates": [[[[9.325202021794246, 51.516469613573044], [9.325901105813685, 51.51680825686371], [9.327214026098707, 51.51588702991699], [9.326563272535394, 51.51548582278698], [9.325202021794246, 51.516469613573044]]]]}, "properties": {"schlag_id": 343, "name_sl": "Vor dem Hegeholz", "betrieb_name": "Armin Pöppler", "frucht_kurz": "---", "ha_calc": 0.8778, "inaktiv": 0}}, {"type": "Feature", "geometry": {"type": "MultiPolygon", "coordinates": [[[[9.288303893639698, 51.49249510707029], [9.291425498335256, 51.49398197925837], [9.292113741726324, 51.4934676847665], [9.292485188761612, 51.493168992919294], [9.292400836882809, 51.4931102467056], [9.289629689431077, 51.49175796688615], [9.289558104008545, 51.491776971442285], [9.288303893639698, 51.49249510707029]]]]}, "properties": {"schlag_id": 319, "name_sl": "Buchen To", "betrieb_name": "Armin Pöppler", "frucht_kurz": "SM", "ha_calc": 3.1578, "inaktiv": 0}}, {"type": "Feature", "geometry": {"type": "MultiPolygon", "coordinates": [[[[9.291073078061515, 51.49851509522061], [9.292001947322012, 51.49910470431499], [9.292150462897812, 51.49909852433922], [9.292588031880294, 51.49889583588448], [9.292812123224582, 51.49879757453591], [9.291649939430572, 51.49804744717656], [9.291073078061515, 51.49851509522061]]]]}, "properties": {"schlag_id": 260, "name_sl": "Fr”mmel", "betrieb_name": "Armin Pöppler", "frucht_kurz": "SM", "ha_calc": 0.6861, "inaktiv": 0}}, {"type": "Feature", "geometry": {"type": "MultiPolygon", "coordinates": [[[[9.296943249580051, 51.496476708854225], [9.2971254545355, 51.49654989333328], [9.299726568342473, 51.4971750213998], [9.300745891370584, 51.49743043320599], [9.301542077077723, 51.49750592058754], [9.301500650644009, 51.49726167524456], [9.301550718967828, 51.496805974595645], [9.301655372874935, 51.496577919076984], [9.300253177007015, 51.49624605806175], [9.300479858048272, 51.4959131146796], [9.300409005805328, 51.49572796305503], [9.29991065389339, 51.49561741892585], [9.29965724975203, 51.4954234145811], [9.29929151797123, 51.495300103521714], [9.29868599386217, 51.49552095683113], [9.297157929691455, 51.49626573435875], [9.29697565720588, 51.49637758941517], [9.296943249580051, 51.496476708854225]]]]}, "properties": {"schlag_id": 181, "name_sl": "Kugel", "betrieb_name": "Armin Pöppler", "frucht_kurz": "SM", "ha_calc": 4.1065, "inaktiv": 0}}, {"type": "Feature", "geometry": {"type": "MultiPolygon", "coordinates": [[[[9.287796818758892, 51.49679202703424], [9.288258902015194, 51.49704163561777], [9.288667850250853, 51.496713896129855], [9.288872348682382, 51.496811150692054], [9.288884868850227, 51.49686681256279], [9.2889113064398, 51.4969156733121], [9.288954306399312, 51.497001187671366], [9.288929070028436, 51.497141912249795], [9.288828922597954, 51.49731543905182], [9.2896154253729, 51.49773344363619], [9.2899562312882, 51.49791199513697], [9.290563652056202, 51.4973886113084], [9.289658166882845, 51.49659687055456], [9.28950435071864, 51.49643573016141], [9.289359902418074, 51.4963312699251], [9.289260561118693, 51.496252550755464], [9.289156901285345, 51.49623537189214], [9.288922157531626, 51.49623999525773], [9.288697489967632, 51.49611906445458], [9.287796818758892, 51.49679202703424]]]]}, "properties": {"schlag_id": 155, "name_sl": "Lace Weg Cra", "betrieb_name": "Armin Pöppler", "frucht_kurz": "SM", "ha_calc": 1.615, "inaktiv": 0}}, {"type": "Feature", "geometry": {"type": "MultiPolygon", "coordinates": [[[[9.286100493979818, 51.49737914516437], [9.286657102976122, 51.49766825212992], [9.287479209944708, 51.49691379226131], [9.287576782603837, 51.49680000879957], [9.287576925035896, 51.496785768103], [9.287600410355198, 51.496726065547904], [9.287545848405692, 51.496688932665975], [9.287149182467864, 51.496491207873476], [9.286100493979818, 51.49737914516437]]]]}, "properties": {"schlag_id": 119, "name_sl": "Lake Werner", "betrieb_name": "Armin Pöppler", "frucht_kurz": "SM", "ha_calc": 0.5849, "inaktiv": 0}}, {"type": "Feature", "geometry": {"type": "MultiPolygon", "coordinates": [[[[9.30079538675589, 51.50028003548794], [9.301731596193342, 51.50013076157067], [9.302854615454715, 51.50003347071197], [9.30356406053618, 51.499994230536096], [9.303724062654407, 51.49879160403833], [9.303674336585003, 51.498735394405294], [9.30359484203966, 51.498691691990196], [9.303674028424354, 51.49866665631165], [9.30376264140423, 51.49862295362778], [9.30376169832869, 51.498461455546746], [9.303829721011667, 51.498331820951954], [9.303877465703959, 51.49803098477278], [9.303915934292283, 51.49787849492104], [9.303818236977602, 51.497828862865894], [9.30362255902872, 51.49777215582955], [9.30311034410416, 51.49777308201917], [9.302582347056148, 51.49768704449849], [9.302138697738304, 51.49763199168819], [9.30131697957658, 51.49754513602037], [9.30079538675589, 51.50028003548794]]]]}, "properties": {"schlag_id": 249, "name_sl": "Mittelwand", "betrieb_name": "Armin Pöppler", "frucht_kurz": "SM", "ha_calc": 4.9636, "inaktiv": 0}}, {"type": "Feature", "geometry": {"type": "MultiPolygon", "coordinates": [[[[9.309654707092887, 51.51164725593208], [9.310307024147232, 51.51176817416635], [9.31052579092897, 51.511837116532924], [9.310730799979115, 51.51199369009858], [9.311159256477195, 51.512284292894485], [9.312198125410793, 51.51154292343483], [9.31095609210696, 51.510681449234035], [9.309654707092887, 51.51164725593208]]]]}, "properties": {"schlag_id": 267, "name_sl": "Ostheimer Brcke", "betrieb_name": "Armin Pöppler", "frucht_kurz": "SM", "ha_calc": 1.4732, "inaktiv": 0}}, {"type": "Feature", "geometry": {"type": "MultiPolygon", "coordinates": [[[[9.295402566615447, 51.49611385532565], [9.29593439599472, 51.49626781337091], [9.298395448448366, 51.495010730263466], [9.297871185525683, 51.494769301911965], [9.2977132106417, 51.49468204822642], [9.295896419349209, 51.495571266071444], [9.295660150892514, 51.495809506344656], [9.295402566615447, 51.49611385532565]]]]}, "properties": {"schlag_id": 93, "name_sl": "Wahmbrcke", "betrieb_name": "Armin Pöppler", "frucht_kurz": "SM", "ha_calc": 1.2867, "inaktiv": 0}}, {"type": "Feature", "geometry": {"type": "MultiPolygon", "coordinates": [[[[9.316010950974587, 51.50141755733929], [9.3176435730439, 51.50152532804003], [9.317716297287149, 51.50094080173228], [9.318505221224216, 51.50098605412897], [9.318502880460985, 51.50079528760949], [9.318856136351064, 51.500825177011095], [9.319308092874193, 51.50086218790148], [9.319220172591343, 51.500657082547235], [9.316068548514156, 51.50045671629098], [9.316010950974587, 51.50141755733929]]]]}, "properties": {"schlag_id": 388, "name_sl": "Wochenend", "betrieb_name": "Armin Pöppler", "frucht_kurz": "SM", "ha_calc": 1.576, "inaktiv": 0}}, {"type": "Feature", "geometry": {"type": "MultiPolygon", "coordinates": [[[[9.298266404088105, 51.50101930290166], [9.299778396887747, 51.50213497293585], [9.3002144808789, 51.50237017037441], [9.300619057186587, 51.50252260014406], [9.300856735963299, 51.50240469593928], [9.301054996199776, 51.502278506181476], [9.301380364904544, 51.50196596579853], [9.30173837460195, 51.50163816771304], [9.302048427117732, 51.501415666910916], [9.300718469894912, 51.50048621848863], [9.300604933040322, 51.50054102499517], [9.300095662555119, 51.50060234364396], [9.300057409713592, 51.500606739972405], [9.298369567119673, 51.500938669827775], [9.298266404088105, 51.50101930290166]]]]}, "properties": {"schlag_id": 68, "name_sl": "Ost.Höhe u.", "betrieb_name": "Armin Pöppler", "frucht_kurz": "WG", "ha_calc": 3.2214, "inaktiv": 0}}, {"type": "Feature", "geometry": {"type": "MultiPolygon", "coordinates": [[[[9.292941314367681, 51.49287964534628], [9.294553545933617, 51.494015404700434], [9.296301264922645, 51.493345454983164], [9.29634691149565, 51.49299074470288], [9.29634875715155, 51.49250792738932], [9.294755348769577, 51.49136741840107], [9.292941314367681, 51.49287964534628]]]]}, "properties": {"schlag_id": 43, "name_sl": "Buchen Haus", "betrieb_name": "Armin Pöppler", "frucht_kurz": "WR", "ha_calc": 4.0153, "inaktiv": 0}}, {"type": "Feature", "geometry": {"type": "MultiPolygon", "coordinates": [[[[9.283472797459172, 51.4935509297569], [9.28549709019296, 51.49391707438248], [9.285781363950251, 51.49380901145623], [9.286032760124654, 51.493715882341256], [9.286294738648177, 51.49339834517709], [9.286585124502308, 51.49312986600436], [9.286976924520689, 51.49289711999116], [9.2876649108733, 51.49264104002276], [9.28818359514549, 51.49241741077282], [9.288652698775806, 51.49221452398909], [9.28918748569665, 51.49189818175808], [9.289458151088263, 51.491671165074074], [9.289576471979451, 51.49153284194899], [9.289666357920773, 51.491261847876785], [9.289704678078643, 51.49106074894624], [9.28871143644193, 51.491103895874446], [9.28788510836829, 51.491147459688506], [9.28690437997725, 51.49131724221349], [9.285448568383032, 51.49161489862443], [9.28458893094907, 51.49185890217057], [9.284079237167088, 51.492146526989146], [9.283872713214523, 51.492425977512994], [9.283667335217627, 51.4929059285266], [9.283472797459172, 51.4935509297569]]]]}, "properties": {"schlag_id": 225, "name_sl": "Buchen Jud", "betrieb_name": "Armin Pöppler", "frucht_kurz": "WR", "ha_calc": 7.2571, "inaktiv": 0}}, {"type": "Feature", "geometry": {"type": "MultiPolygon", "coordinates": [[[[9.29669001098031, 51.49256009590813], [9.296710226820082, 51.493102171625885], [9.29675793491108, 51.49337031275242], [9.296970347443652, 51.493818178199845], [9.29863693948525, 51.493368450431824], [9.298541930976322, 51.493156651704844], [9.298335624930273, 51.49292545662065], [9.298053656888083, 51.49250382860279], [9.297701827088046, 51.49199744021765], [9.297384175792661, 51.49168844982839], [9.296866210986796, 51.49216016007753], [9.29669001098031, 51.49256009590813]]]]}, "properties": {"schlag_id": 18, "name_sl": "Fischstok", "betrieb_name": "Armin Pöppler", "frucht_kurz": "WR", "ha_calc": 1.9079, "inaktiv": 0}}, {"type": "Feature", "geometry": {"type": "MultiPolygon", "coordinates": [[[[9.282309549429362, 51.50657163063548], [9.282306634113901, 51.506786548595564], [9.28235531980876, 51.50699350577242], [9.282420025089126, 51.50719012592088], [9.282411986109036, 51.50733636378643], [9.282435168250247, 51.50744813770011], [9.28266637545537, 51.50746606833541], [9.282953413340746, 51.50729933334235], [9.283406562154287, 51.507000200210484], [9.283735379101666, 51.506728037487214], [9.284301774798884, 51.50650808484717], [9.284662272913712, 51.5063556003862], [9.284078781204045, 51.505905891160445], [9.283405480505271, 51.505304788265796], [9.282782519638246, 51.50586404128439], [9.282361849951052, 51.50636911607739], [9.282309549429362, 51.50657163063548]]]]}, "properties": {"schlag_id": 143, "name_sl": "Stckelmorgen", "betrieb_name": "Armin Pöppler", "frucht_kurz": "WR", "ha_calc": 1.9709, "inaktiv": 0}}, {"type": "Feature", "geometry": {"type": "MultiPolygon", "coordinates": [[[[9.2748924671431, 51.4772356906869], [9.277710913050107, 51.478264996515016], [9.27806952675887, 51.477932358106294], [9.275265622417155, 51.476896401970144], [9.2748924671431, 51.4772356906869]]]]}, "properties": {"schlag_id": 282, "name_sl": "10 Morge", "betrieb_name": "Armin Pöppler", "frucht_kurz": "WW", "ha_calc": 1.0213, "inaktiv": 0}}, {"type": "Feature", "geometry": {"type": "MultiPolygon", "coordinates": [[[[9.275630150171942, 51.488037538632966], [9.27520598341699, 51.486818213436194], [9.272529548132436, 51.48628609958866], [9.272300828672918, 51.48649301035581], [9.272100851355264, 51.486699853832754], [9.27201590310932, 51.486915402572635], [9.271975140966132, 51.48731030788881], [9.271975140966132, 51.48731030788881], [9.275630150171942, 51.488037538632966]]]]}, "properties": {"schlag_id": 173, "name_sl": "auf der Lied", "betrieb_name": "Armin Pöppler", "frucht_kurz": "WW", "ha_calc": 2.8667, "inaktiv": 0}}, {"type": "Feature", "geometry": {"type": "MultiPolygon", "coordinates": [[[[9.286074929598028, 51.47197516422194], [9.288657922185804, 51.47247001318915], [9.28887484016223, 51.471759755889714], [9.28900532498103, 51.47151430897599], [9.2894517901642, 51.47147807737728], [9.289623937398506, 51.47137686367115], [9.289890592254858, 51.471313704814094], [9.290079975192826, 51.470908835098875], [9.290062905763476, 51.47078142882253], [9.290012748886998, 51.47025860078265], [9.288951994202591, 51.47022719291078], [9.288933038985702, 51.47039470872189], [9.288787790978049, 51.470462411163034], [9.28869848062653, 51.470735835277], [9.288685279299779, 51.47107530724865], [9.28773879589177, 51.47086111582394], [9.287094643956504, 51.4707337960769], [9.286799526533896, 51.47080170128476], [9.286635574257408, 51.47101194244472], [9.286422116158915, 51.47133880523355], [9.286074929598028, 51.47197516422194]]]]}, "properties": {"schlag_id": 324, "name_sl": "Bradberg h.", "betrieb_name": "Armin Pöppler", "frucht_kurz": "WW", "ha_calc": 3.7332, "inaktiv": 0}}, {"type": "Feature", "geometry": {"type": "MultiPolygon", "coordinates": [[[[9.29139117739654, 51.49417769059712], [9.293069031359833, 51.49536460224794], [9.294546759692066, 51.494802668786846], [9.292491389609173, 51.493261358035255], [9.29139117739654, 51.49417769059712]]]]}, "properties": {"schlag_id": 189, "name_sl": "Buchen Die.", "betrieb_name": "Armin Pöppler", "frucht_kurz": "WW", "ha_calc": 2.4227, "inaktiv": 0}}, {"type": "Feature", "geometry": {"type": "MultiPolygon", "coordinates": [[[[9.282777901998486, 51.489599097881104], [9.284759198903732, 51.49064539053304], [9.2857814577902, 51.490237647344664], [9.286387720845804, 51.48993430591322], [9.286923947685588, 51.489745510214924], [9.286384955912395, 51.48911109987152], [9.286398645679041, 51.48840075873556], [9.286334883563171, 51.487764923027925], [9.286185516939586, 51.487277265986094], [9.28602449866478, 51.48713262071249], [9.285614848003066, 51.48693984595034], [9.282777901998486, 51.489599097881104]]]]}, "properties": {"schlag_id": 152, "name_sl": "Hopfenberg", "betrieb_name": "Armin Pöppler", "frucht_kurz": "WW", "ha_calc": 6.1903, "inaktiv": 0}}, {"type": "Feature", "geometry": {"type": "MultiPolygon", "coordinates": [[[[9.292116239775462, 51.49953925183474], [9.292330179134487, 51.49982839524559], [9.292864479977148, 51.500510331965444], [9.293187216729155, 51.500852136371535], [9.293475022099864, 51.50107812239219], [9.293793694956012, 51.50129111383744], [9.293959152419434, 51.501172105549315], [9.29373379576999, 51.50098859977859], [9.293600618231679, 51.50083949603419], [9.29363738805872, 51.500754343198366], [9.293777888894827, 51.50059708258909], [9.293866069516143, 51.500481056960815], [9.293815301700151, 51.50036527794143], [9.293718456026758, 51.50021091210389], [9.29299239702785, 51.499364626117845], [9.292768340480754, 51.49905009193339], [9.292116239775462, 51.49953925183474]]]]}, "properties": {"schlag_id": 67, "name_sl": "Lake Kramer", "betrieb_name": "Armin Pöppler", "frucht_kurz": "WW", "ha_calc": 1.2742, "inaktiv": 0}}, {"type": "Feature", "geometry": {"type": "MultiPolygon", "coordinates": [[[[9.291545344445613, 51.50212095449775], [9.29296650677565, 51.502907810972964], [9.293815827447538, 51.503216223407485], [9.295527932413462, 51.503918113437344], [9.295936393163254, 51.50332666102444], [9.295437399407687, 51.50311318117272], [9.29515137244047, 51.502900220456844], [9.294779980681882, 51.50267412609238], [9.294580553983977, 51.502321775101116], [9.294541377630836, 51.50201033620871], [9.294523268576672, 51.501693261349146], [9.29437600985371, 51.50151447504146], [9.294154633319845, 51.5013023984704], [9.293932339379772, 51.50118263717363], [9.293771492109508, 51.501294069923084], [9.293517531574619, 51.5011212572024], [9.291545344445613, 51.50212095449775]]]]}, "properties": {"schlag_id": 47, "name_sl": "Lake Stadt", "betrieb_name": "Armin Pöppler", "frucht_kurz": "WW", "ha_calc": 3.9487, "inaktiv": 0}}, {"type": "Feature", "geometry": {"type": "MultiPolygon", "coordinates": [[[[9.308634083388197, 51.515928936113674], [9.309150972233388, 51.51603674680418], [9.309299451799362, 51.51608902881121], [9.3117159432017, 51.515516114826774], [9.311520541834367, 51.51523126069353], [9.308665235352587, 51.51589244826691], [9.308634083388197, 51.515928936113674]]]]}, "properties": {"schlag_id": 408, "name_sl": "Masch", "betrieb_name": "Armin Pöppler", "frucht_kurz": "WW", "ha_calc": 0.6942, "inaktiv": 0}}, {"type": "Feature", "geometry": {"type": "MultiPolygon", "coordinates": [[[[9.293680831660318, 51.498132243742056], [9.296718577433603, 51.500274073580464], [9.296718577433603, 51.500274073580464], [9.296819476488489, 51.50028954573423], [9.297173563384714, 51.50048786838767], [9.297274018705725, 51.5004351866807], [9.297130266311813, 51.50028875717878], [9.296952711183712, 51.50011095729373], [9.296732237939427, 51.49979171408255], [9.296545638857118, 51.4995143259195], [9.29628232207667, 51.49906412381827], [9.295898833033991, 51.49821578258354], [9.295337685011685, 51.49716866718947], [9.295295417645454, 51.49712683252585], [9.295219621690626, 51.49709556775099], [9.295169328662368, 51.49711142258969], [9.295068538955015, 51.497111676731464], [9.294607466767966, 51.497249147485036], [9.294565640261917, 51.49727546608002], [9.294473892629835, 51.497375307564944], [9.294348886180552, 51.49752765926048], [9.294173923105186, 51.49774829101569], [9.294065476544338, 51.49786390213162], [9.293940197034242, 51.49797431275753], [9.293806314913212, 51.49805328886411], [9.293680831660318, 51.498132243742056]]]]}, "properties": {"schlag_id": 227, "name_sl": "Ostheimer Weg", "betrieb_name": "Armin Pöppler", "frucht_kurz": "WW", "ha_calc": 3.0536, "inaktiv": 0}}, {"type": "Feature", "geometry": {"type": "MultiPolygon", "coordinates": [[[[9.317129406249233, 51.5197009345807], [9.317413524169076, 51.519894510863885], [9.31816902552809, 51.52032782287617], [9.318659804482698, 51.52011090221766], [9.319777768854046, 51.51948380998974], [9.318992384619136, 51.51908756452331], [9.318588051957168, 51.51882868947745], [9.317129406249233, 51.5197009345807]]]]}, "properties": {"schlag_id": 223, "name_sl": "Tecenwinkel", "betrieb_name": "Armin Pöppler", "frucht_kurz": "WW", "ha_calc": 1.5142, "inaktiv": 0}}, {"type": "Feature", "geometry": {"type": "MultiPolygon", "coordinates": [[[[9.305714340682599, 51.49266448645748], [9.307096239070567, 51.49298615424588], [9.308017607171914, 51.493189324412384], [9.308840565744514, 51.49332732524471], [9.309443025005606, 51.493395522838625], [9.309890360987719, 51.493415812828346], [9.310443507488579, 51.49355063643301], [9.310509046482425, 51.493268788623936], [9.310414510824774, 51.49292879162409], [9.310313551593662, 51.49276072490126], [9.309218847862711, 51.49213968155692], [9.30844548193393, 51.49165929094012], [9.30821186617692, 51.49155952885286], [9.307968693855539, 51.49141255488566], [9.307762071395686, 51.491194287762156], [9.307068139811959, 51.49057548612025], [9.30624992041749, 51.491739727039764], [9.305714340682599, 51.49266448645748]]]]}, "properties": {"schlag_id": 36, "name_sl": "Wahmberg II", "betrieb_name": "Armin Pöppler", "frucht_kurz": "WW", "ha_calc": 5.1351, "inaktiv": 0}}, {"type": "Feature", "geometry": {"type": "Polygon", "coordinates": [[[9.208400032794644, 51.494928301144306], [9.20827882664179, 51.495279217537146], [9.20812003424219, 51.49564676731688], [9.208251839391336, 51.49567735306044], [9.209616855100428, 51.495915491481355], [9.208688448118394, 51.49577930920189], [9.208389900624827, 51.495737896480684], [9.208075066867966, 51.49571105467578], [9.207914140040733, 51.495947798892345], [9.207897506273579, 51.49605795969703], [9.20799050341931, 51.496081948919496], [9.208920523824432, 51.49623388408048], [9.209719635791009, 51.49634549917586], [9.210430003019729, 51.49647933914687], [9.210463303638267, 51.49648480244006], [9.210498060770231, 51.49649216157911], [9.210898921524795, 51.496577036875415], [9.211347816535838, 51.49668546904683], [9.212172442303324, 51.49688226275035], [9.212534761118272, 51.49696558433255], [9.212900026114937, 51.49704009858284], [9.21329650951945, 51.49710974189213], [9.213672719430003, 51.49717364304521], [9.213884784985742, 51.497209662899735], [9.21389755921654, 51.49712385579479], [9.213905855249976, 51.497031882475035], [9.213937600293752, 51.49680341220733], [9.212695497913806, 51.49652504178348], [9.213953817704752, 51.49677962812266], [9.213979297416923, 51.49667821841328], [9.21400977495957, 51.49660408659656], [9.214041176021226, 51.49652770829847], [9.214088700975095, 51.49642628046811], [9.214146513094857, 51.49630289734415], [9.21426356736526, 51.49611698642713], [9.214371712403226, 51.49593444563129], [9.214648682118392, 51.49549304762277], [9.214745891881229, 51.495303722379475], [9.21466443605265, 51.49526300055064], [9.214782681626305, 51.49524650246312], [9.215015018124264, 51.49467623789213], [9.215227350676267, 51.49408768945818], [9.21545360432966, 51.49346053704955], [9.215631316800566, 51.492980444986145], [9.215910847827994, 51.492225268070314], [9.2159304484755, 51.49216313598631], [9.215974882392862, 51.491967569139845], [9.215983498318833, 51.4915366489886], [9.215975153328602, 51.49077701380728], [9.215885364254603, 51.489903422746416], [9.215875110179542, 51.48981225115563], [9.215843759560288, 51.48953350249323], [9.215752099502376, 51.48865041343505], [9.215604152870355, 51.48854190958898], [9.215535558352707, 51.48849160237736], [9.21553495374628, 51.4883636899875], [9.215718001972466, 51.488353827526616], [9.215601391539797, 51.48745586984629], [9.215554448974212, 51.48709437892495], [9.215473484659938, 51.486512421442455], [9.215430638265032, 51.486212162231254], [9.2154272064512, 51.486154768844706], [9.215427122859092, 51.48615337084661], [9.212934669132599, 51.485737787152566], [9.212930699365938, 51.48574585801273], [9.212738912255409, 51.4861357732119], [9.212580825999966, 51.486456424573134], [9.211321087907288, 51.48903618558072], [9.211321087915842, 51.489036185580716], [9.21125287646459, 51.489175864035445], [9.211167069429187, 51.48935276659761], [9.210864936245956, 51.489957666873416], [9.209512614511315, 51.492682735898214], [9.209441416112522, 51.49282719810506], [9.209092046267223, 51.49353252128175], [9.20890575345102, 51.49390860800778], [9.20873244916713, 51.4942580497697], [9.208400032794644, 51.494928301144306]], [[9.213241589943765, 51.49503374891298], [9.212465634850995, 51.494908725570916], [9.211686374904478, 51.49477290441628], [9.213241589943765, 51.49503374891298]]]}, "properties": {"schlag_id": 314, "name_sl": "2026-01-31 00:00:00", "betrieb_name": "Desenberg GbR", "frucht_kurz": "AB", "ha_calc": 43.1986, "inaktiv": 0}}, {"type": "Feature", "geometry": {"type": "MultiPolygon", "coordinates": [[[[9.221805061095646, 51.49856758244761], [9.221870392329013, 51.49863230484043], [9.22190775483024, 51.49868051672577], [9.221996854595423, 51.49879548887302], [9.222157902303053, 51.498978153178115], [9.222300645918734, 51.49914005512963], [9.222785350508488, 51.49925460020203], [9.223398687206018, 51.499389458193455], [9.22382134663123, 51.4994783158535], [9.2239094297782, 51.499495378744754], [9.22391217838549, 51.49949594283959], [9.22413349108517, 51.499543938237096], [9.224500993009647, 51.49962363609693], [9.22471990023652, 51.49966077627229], [9.225359103975766, 51.49973232023857], [9.226020267365307, 51.499793145807054], [9.226292842665268, 51.499816178891614], [9.226299957658169, 51.49981697030692], [9.226752022484327, 51.49987953160446], [9.226912844164438, 51.49990178726443], [9.226984071230662, 51.49964598096962], [9.227005036879406, 51.49957068390708], [9.227053784698244, 51.49943993560047], [9.227122744856741, 51.49925497377853], [9.227186646660194, 51.4991033109505], [9.227243127277559, 51.4989746196636], [9.227444717104104, 51.498508228554854], [9.227637954083404, 51.49804427899809], [9.227797087100575, 51.497636288546595], [9.227351719229192, 51.49769207137131], [9.226911311696703, 51.497747230995216], [9.226432182445421, 51.49780723842547], [9.225536884839535, 51.49791948208817], [9.22495585307929, 51.497993924199726], [9.224569032422043, 51.49804662943377], [9.224490909869917, 51.49805883516533], [9.224030280415441, 51.498111384940955], [9.223850204401765, 51.498128927203716], [9.223650117519819, 51.49814841841705], [9.22347698364843, 51.49815791433854], [9.223090165258947, 51.498187989054365], [9.223034598861332, 51.498190915524745], [9.222360289192457, 51.49823501542246], [9.221782061424829, 51.49823956391973], [9.221749387556, 51.49824052687315], [9.221622548972082, 51.49824081818473], [9.221459943907968, 51.49824119147903], [9.221400755790475, 51.49830123012593], [9.221478279066309, 51.49833488356556], [9.221532669101276, 51.49836697036481], [9.221699403766026, 51.498468457753226], [9.22177613924885, 51.498538930182455], [9.221805061095646, 51.49856758244761]]]]}, "properties": {"schlag_id": 325, "name_sl": "45", "betrieb_name": "Desenberg GbR", "frucht_kurz": "AB", "ha_calc": 6.5482, "inaktiv": 0}}, {"type": "Feature", "geometry": {"type": "Polygon", "coordinates": [[[9.208400032794644, 51.494928301144306], [9.20827882664179, 51.495279217537146], [9.20812003424219, 51.49564676731688], [9.208251839391336, 51.49567735306044], [9.209616855100428, 51.495915491481355], [9.208688448118394, 51.49577930920189], [9.208389900624827, 51.495737896480684], [9.208075066867966, 51.49571105467578], [9.207914140040733, 51.495947798892345], [9.207897506273579, 51.49605795969703], [9.20799050341931, 51.496081948919496], [9.208920523824432, 51.49623388408048], [9.209719635791009, 51.49634549917586], [9.210430003019729, 51.49647933914687], [9.210463303638267, 51.49648480244006], [9.210498060770231, 51.49649216157911], [9.210898921524795, 51.496577036875415], [9.211347816535838, 51.49668546904683], [9.212172442303324, 51.49688226275035], [9.212534761118272, 51.49696558433255], [9.212900026114937, 51.49704009858284], [9.21329650951945, 51.49710974189213], [9.213672719430003, 51.49717364304521], [9.213884784985742, 51.497209662899735], [9.21389755921654, 51.49712385579479], [9.213905855249976, 51.497031882475035], [9.213937600293752, 51.49680341220733], [9.212695497913806, 51.49652504178348], [9.213953817704752, 51.49677962812266], [9.213979297416923, 51.49667821841328], [9.21400977495957, 51.49660408659656], [9.214041176021226, 51.49652770829847], [9.214088700975095, 51.49642628046811], [9.214146513094857, 51.49630289734415], [9.21426356736526, 51.49611698642713], [9.214371712403226, 51.49593444563129], [9.214648682118392, 51.49549304762277], [9.214745891881229, 51.495303722379475], [9.21466443605265, 51.49526300055064], [9.214782681626305, 51.49524650246312], [9.215015018124264, 51.49467623789213], [9.215227350676267, 51.49408768945818], [9.21545360432966, 51.49346053704955], [9.215631316800566, 51.492980444986145], [9.215910847827994, 51.492225268070314], [9.2159304484755, 51.49216313598631], [9.215974882392862, 51.491967569139845], [9.215983498318833, 51.4915366489886], [9.215975153328602, 51.49077701380728], [9.215885364254603, 51.489903422746416], [9.215875110179542, 51.48981225115563], [9.215843759560288, 51.48953350249323], [9.215752099502376, 51.48865041343505], [9.215604152870355, 51.48854190958898], [9.215535558352707, 51.48849160237736], [9.21553495374628, 51.4883636899875], [9.215718001972466, 51.488353827526616], [9.215601391539797, 51.48745586984629], [9.215554448974212, 51.48709437892495], [9.215473484659938, 51.486512421442455], [9.215430638265032, 51.486212162231254], [9.2154272064512, 51.486154768844706], [9.215427122859092, 51.48615337084661], [9.212934669132599, 51.485737787152566], [9.212930699365938, 51.48574585801273], [9.212738912255409, 51.4861357732119], [9.212580825999966, 51.486456424573134], [9.211321087907288, 51.48903618558072], [9.211321087915842, 51.489036185580716], [9.21125287646459, 51.489175864035445], [9.211167069429187, 51.48935276659761], [9.210864936245956, 51.489957666873416], [9.209512614511315, 51.492682735898214], [9.209441416112522, 51.49282719810506], [9.209092046267223, 51.49353252128175], [9.20890575345102, 51.49390860800778], [9.20873244916713, 51.4942580497697], [9.208400032794644, 51.494928301144306]], [[9.213241589943765, 51.49503374891298], [9.212465634850995, 51.494908725570916], [9.211686374904478, 51.49477290441628], [9.213241589943765, 51.49503374891298]]]}, "properties": {"schlag_id": 314, "name_sl": "2026-01-31 00:00:00", "betrieb_name": "Desenberg GbR", "frucht_kurz": "AB", "ha_calc": 43.1986, "inaktiv": 0}}, {"type": "Feature", "geometry": {"type": "MultiPolygon", "coordinates": [[[[9.228266639635168, 51.47815158445226], [9.228298769545715, 51.4781345284826], [9.228407183247095, 51.478076977562715], [9.228558349443736, 51.477996687171405], [9.228709098187714, 51.47791649627014], [9.228818330036928, 51.477858389545304], [9.229460451127549, 51.477516837826045], [9.229886679821826, 51.477293991985896], [9.230302136907008, 51.47707664860627], [9.230483880117767, 51.4769815548313], [9.23089487957751, 51.47676619552628], [9.231354348706017, 51.47651604439939], [9.23075308450904, 51.476278954783304], [9.22983726949816, 51.47591520758918], [9.229043334922938, 51.475599930704604], [9.228380213795889, 51.4753359853908], [9.227470489577716, 51.474973825666524], [9.227458550670427, 51.47497528700275], [9.227315144305507, 51.47499372203163], [9.226500976673343, 51.47540848992387], [9.226386265266319, 51.475466865781065], [9.225928540156227, 51.47569997884107], [9.226665374290176, 51.476135065945236], [9.226024003705529, 51.477112440258345], [9.228200765040208, 51.478186554190124], [9.228266639635168, 51.47815158445226]]]]}, "properties": {"schlag_id": 337, "name_sl": "Pflanzenbreite-01", "betrieb_name": "Desenberg GbR", "frucht_kurz": "AB", "ha_calc": 7.2944, "inaktiv": 0}}, {"type": "Feature", "geometry": {"type": "MultiPolygon", "coordinates": [[[[9.228266639635168, 51.47815158445226], [9.228298769545715, 51.4781345284826], [9.228407183247095, 51.478076977562715], [9.228558349443736, 51.477996687171405], [9.228709098187714, 51.47791649627014], [9.228818330036928, 51.477858389545304], [9.229460451127549, 51.477516837826045], [9.229886679821826, 51.477293991985896], [9.230302136907008, 51.47707664860627], [9.230483880117767, 51.4769815548313], [9.23089487957751, 51.47676619552628], [9.231354348706017, 51.47651604439939], [9.23075308450904, 51.476278954783304], [9.22983726949816, 51.47591520758918], [9.229043334922938, 51.475599930704604], [9.228380213795889, 51.4753359853908], [9.227470489577716, 51.474973825666524], [9.227458550670427, 51.47497528700275], [9.227315144305507, 51.47499372203163], [9.226500976673343, 51.47540848992387], [9.226386265266319, 51.475466865781065], [9.225928540156227, 51.47569997884107], [9.226665374290176, 51.476135065945236], [9.226024003705529, 51.477112440258345], [9.228200765040208, 51.478186554190124], [9.228266639635168, 51.47815158445226]]]]}, "properties": {"schlag_id": 337, "name_sl": "Pflanzenbreite-01", "betrieb_name": "Desenberg GbR", "frucht_kurz": "AB", "ha_calc": 7.2944, "inaktiv": 0}}, {"type": "Feature", "geometry": {"type": "MultiPolygon", "coordinates": [[[[9.205781539851474, 51.48269687985813], [9.205706356399705, 51.48260520595367], [9.205257427745853, 51.48269607370257], [9.205005011260377, 51.48274266109362], [9.204454615372164, 51.48286444099886], [9.204221259232908, 51.48292309275158], [9.204032675121004, 51.48297670182463], [9.204009302207652, 51.48298452220441], [9.203813175560253, 51.483061047954266], [9.203631445232773, 51.48316796218345], [9.203488349945898, 51.48328974437882], [9.203585530342487, 51.48336703906821], [9.203610324009214, 51.48338326123921], [9.203668385183558, 51.48343293949847], [9.203967523118898, 51.48367086317787], [9.203975378000923, 51.4836673831538], [9.204010057338655, 51.48365202151642], [9.204017737689277, 51.48365008565847], [9.204048813729734, 51.48363666447487], [9.204068297393537, 51.48363277396892], [9.204137701350222, 51.483614479863], [9.204204463584773, 51.483598666674574], [9.204242323625783, 51.483587395163994], [9.204243135507918, 51.48358409109854], [9.204252548699701, 51.483565163208496], [9.204316549628789, 51.483441303181884], [9.204615778028659, 51.48320872430314], [9.204737523521398, 51.48310795653832], [9.204757114502955, 51.48309657932441], [9.204850752936924, 51.48305216893903], [9.205158272523647, 51.48290653717105], [9.205355518835681, 51.48283145405427], [9.205781539851474, 51.48269687985813]]]]}, "properties": {"schlag_id": 52, "name_sl": "52", "betrieb_name": "Desenberg GbR", "frucht_kurz": "Br", "ha_calc": 0.5957, "inaktiv": 0}}, {"type": "Feature", "geometry": {"type": "MultiPolygon", "coordinates": [[[[9.32865959922817, 51.453612616870444], [9.328634945046549, 51.45362815937927], [9.330656033986457, 51.45365341278081], [9.330694561091313, 51.45350166585171], [9.330737861772041, 51.45332514817866], [9.330820674454513, 51.45313304552092], [9.330834906072178, 51.45304635495837], [9.330805143030657, 51.45304024978613], [9.330602090928364, 51.45304391824709], [9.330349709824919, 51.45307557750866], [9.330112142776844, 51.453101005129845], [9.329864714061976, 51.45313264937643], [9.329696489140586, 51.45315788067602], [9.329592586732877, 51.45317364662837], [9.32951358345271, 51.453207910308365], [9.329370346474947, 51.4532640173214], [9.329232129122918, 51.45332939399994], [9.32901490733976, 51.453429033859585], [9.328861963391569, 51.45351301942753], [9.32865959922817, 51.453612616870444]]]]}, "properties": {"schlag_id": 135, "name_sl": "Bodenberg am Wald", "betrieb_name": "Desenberg GbR", "frucht_kurz": "Br", "ha_calc": 0.6689, "inaktiv": 0}}, {"type": "Feature", "geometry": {"type": "MultiPolygon", "coordinates": [[[[9.311032477767103, 51.45606758991592], [9.311821053988913, 51.45610641460004], [9.312337749269457, 51.45622718775273], [9.312880481836991, 51.45636130133484], [9.313216262578177, 51.45647050758448], [9.313279131697676, 51.45640773415203], [9.312449451668323, 51.456047457710966], [9.311885112686975, 51.45587959938021], [9.311512193858029, 51.45582553262657], [9.311032477767103, 51.45606758991592]]]]}, "properties": {"schlag_id": 323, "name_sl": "Hinter der Laibe", "betrieb_name": "Desenberg GbR", "frucht_kurz": "Br", "ha_calc": 0.3045, "inaktiv": 0}}, {"type": "Feature", "geometry": {"type": "MultiPolygon", "coordinates": [[[[9.321460727534909, 51.46759219305414], [9.321989997365783, 51.46771760834645], [9.322755888075736, 51.46626668675057], [9.32231432380663, 51.46613745661327], [9.321460727534909, 51.46759219305414]]]]}, "properties": {"schlag_id": 213, "name_sl": "Hog Weg oben", "betrieb_name": "Desenberg GbR", "frucht_kurz": "Br", "ha_calc": 0.6245, "inaktiv": 0}}, {"type": "Feature", "geometry": {"type": "MultiPolygon", "coordinates": [[[[9.320349688847314, 51.465404335310026], [9.322723206791979, 51.46606251484363], [9.32292571204675, 51.465785270977655], [9.322348355391064, 51.46559280227162], [9.32171647806445, 51.46541617468791], [9.32086579221622, 51.465173878213875], [9.320537933124474, 51.465088486708495], [9.320349688847314, 51.465404335310026]]]]}, "properties": {"schlag_id": 246, "name_sl": "Hog Weg unten", "betrieb_name": "Desenberg GbR", "frucht_kurz": "Br", "ha_calc": 0.6728, "inaktiv": 0}}, {"type": "Feature", "geometry": {"type": "MultiPolygon", "coordinates": [[[[9.285788710926754, 51.45386605396992], [9.286086101526086, 51.453937442247735], [9.28652766510294, 51.45400251765583], [9.287522576013352, 51.45302429915006], [9.28748973871519, 51.45298550818096], [9.287538945223615, 51.45290503580515], [9.286981918753598, 51.452665676021624], [9.285788710926754, 51.45386605396992]]]]}, "properties": {"schlag_id": 5, "name_sl": "Niederlistinger", "betrieb_name": "Desenberg GbR", "frucht_kurz": "Br", "ha_calc": 0.778, "inaktiv": 0}}, {"type": "Feature", "geometry": {"type": "MultiPolygon", "coordinates": [[[[9.221350902137438, 51.47924693358193], [9.221358945086896, 51.4792336162536], [9.21988762859959, 51.47925632617351], [9.219885864289392, 51.47926594858307], [9.219679977083604, 51.47986663454905], [9.21997532593692, 51.4800155532272], [9.220212638363979, 51.48009910328014], [9.22040558676262, 51.48014136352531], [9.220552072788031, 51.48012478798975], [9.220710421864222, 51.48007058523849], [9.220911296352924, 51.47997469178938], [9.221350902137438, 51.47924693358193]]]]}, "properties": {"schlag_id": 95, "name_sl": "unterer Diemelberg", "betrieb_name": "Desenberg GbR", "frucht_kurz": "Br", "ha_calc": 0.8366, "inaktiv": 0}}, {"type": "Feature", "geometry": {"type": "MultiPolygon", "coordinates": [[[[9.30470176014737, 51.46303945685697], [9.306633244466743, 51.463746067403484], [9.306750031793854, 51.463672502625485], [9.306866678070255, 51.46357800704442], [9.307017254332804, 51.46354621549631], [9.307134392524716, 51.46352497705078], [9.307284545828185, 51.46343039310101], [9.305084024364488, 51.462577977583415], [9.30470176014737, 51.46303945685697]]]]}, "properties": {"schlag_id": 86, "name_sl": "Zweger Str", "betrieb_name": "Desenberg GbR", "frucht_kurz": "Br", "ha_calc": 0.9251, "inaktiv": 0}}, {"type": "Feature", "geometry": {"type": "MultiPolygon", "coordinates": [[[[9.198399719840435, 51.48999728845113], [9.198626380476016, 51.49001402176395], [9.198626462030838, 51.49001402720584], [9.199220955101167, 51.49005371697289], [9.199246702573735, 51.49003247960053], [9.19978960196445, 51.48973968211954], [9.200333604729884, 51.48933342918022], [9.200437313167727, 51.489226825355566], [9.200485176160834, 51.489139721166666], [9.200589473254958, 51.48845327248505], [9.200599188274683, 51.48836963235308], [9.200601877396554, 51.48797977405503], [9.199277201386218, 51.488197587782935], [9.19866639820256, 51.488236769003564], [9.19864721617684, 51.48838766099661], [9.198689103857363, 51.488799407129775], [9.19868832583363, 51.48880262685878], [9.198689154200634, 51.488810988373615], [9.198686330745367, 51.48881088533666], [9.198685020592826, 51.488816308634654], [9.198687136693959, 51.48881637434984], [9.198640703025898, 51.48899976022747], [9.198493546898243, 51.48960890626315], [9.198480484405296, 51.48966626531471], [9.198476195941996, 51.48968072590128], [9.198399719840435, 51.48999728845113]]]]}, "properties": {"schlag_id": 61, "name_sl": "Brache", "betrieb_name": "Desenberg GbR", "frucht_kurz": "Br", "ha_calc": 2.4841, "inaktiv": 0}}, {"type": "Feature", "geometry": {"type": "MultiPolygon", "coordinates": [[[[9.209000438936874, 51.484955474040916], [9.209192792634262, 51.48496726374825], [9.21060842186329, 51.485174154069085], [9.211769319220096, 51.48534180121549], [9.212953272415112, 51.48551216288285], [9.213021875835969, 51.48541989055748], [9.21297539876327, 51.485413087247125], [9.212686987327382, 51.485379454462404], [9.210112214610362, 51.48499662013645], [9.209222732521024, 51.48487376138737], [9.20932998498912, 51.48399257218127], [9.209386723278005, 51.4836081026623], [9.20938649821944, 51.48355173262499], [9.209215591537465, 51.483547863707315], [9.209118853158094, 51.484180776373826], [9.209023541191243, 51.48480432782347], [9.209000438936874, 51.484955474040916]]]]}, "properties": {"schlag_id": 112, "name_sl": "z - 232-00", "betrieb_name": "Desenberg GbR", "frucht_kurz": "Br", "ha_calc": 0.5018, "inaktiv": 0}}, {"type": "Feature", "geometry": {"type": "MultiPolygon", "coordinates": [[[[9.227797242475562, 51.48658433921587], [9.22832331500496, 51.48678546376386], [9.22869730742176, 51.4863257970946], [9.229027922270967, 51.48594270347702], [9.229689630820051, 51.48527485586879], [9.23080380785184, 51.484103468054414], [9.230058414245601, 51.48378805212355], [9.229400672412668, 51.48349977718786], [9.229155166646503, 51.48340191499754], [9.22907608371892, 51.48333650760408], [9.228917977566194, 51.483260763880004], [9.228748431508894, 51.48318752141601], [9.228368680084962, 51.48301583308405], [9.22819868597992, 51.482916910117275], [9.228197640032016, 51.48291566675135], [9.228190162530975, 51.48291208440178], [9.227945809720762, 51.48304368554978], [9.22779749096808, 51.48313139095838], [9.2277455620326, 51.483246226150406], [9.227667436247659, 51.48337203936746], [9.22758939185159, 51.483514242949006], [9.227546457807016, 51.48367823227279], [9.227416291212034, 51.48389702649132], [9.227355718925613, 51.484033732403645], [9.22737371040779, 51.48413204088879], [9.227330747773692, 51.484290566645], [9.227235417438965, 51.48447651176712], [9.227131390137584, 51.484673400746765], [9.227079865984154, 51.48487018769767], [9.226949965756758, 51.48514361607986], [9.226724403176998, 51.48553742732635], [9.226663718006083, 51.485652278960366], [9.226523976298216, 51.4857071849457], [9.226471986974042, 51.48581109258704], [9.22650761474089, 51.48593668464135], [9.226630588766271, 51.48602932631487], [9.2268849085699, 51.48613810370222], [9.227154934716191, 51.48588625746177], [9.227190074325572, 51.48591350682686], [9.227287341773128, 51.48611546822091], [9.227567861866728, 51.4862132661592], [9.227979947941385, 51.486370905802616], [9.227797242475562, 51.48658433921587]]]]}, "properties": {"schlag_id": 257, "name_sl": "Grube III", "betrieb_name": "Desenberg GbR", "frucht_kurz": "Di", "ha_calc": 6.5265, "inaktiv": 0}}, {"type": "Feature", "geometry": {"type": "MultiPolygon", "coordinates": [[[[9.231944331043033, 51.48308777278862], [9.234265400059039, 51.484120010777104], [9.237022929750232, 51.48116557565602], [9.23521657381058, 51.47948550647445], [9.231944331043033, 51.48308777278862]], [[9.234068170211335, 51.483091406994525], [9.234050041254541, 51.482992425231075], [9.234355829935435, 51.482491221683354], [9.234550079506244, 51.482573347348804], [9.234068170211335, 51.483091406994525]], [[9.23352410915574, 51.4821714278626], [9.233296800588024, 51.48214127468331], [9.233489103169115, 51.48184383676809], [9.233743271001213, 51.481584781925946], [9.233841211384963, 51.48161906839204], [9.23352410915574, 51.4821714278626]]]]}, "properties": {"schlag_id": 167, "name_sl": "Hauedarer Str", "betrieb_name": "Desenberg GbR", "frucht_kurz": "Di", "ha_calc": 8.2239, "inaktiv": 0}}, {"type": "Feature", "geometry": {"type": "MultiPolygon", "coordinates": [[[[9.215215000294823, 51.49898862415981], [9.215249961810486, 51.49892864120487], [9.215347771257688, 51.49875917014579], [9.214862679104458, 51.498604861002235], [9.214833565237395, 51.498617338248835], [9.214523447627608, 51.49898466368724], [9.214561244018242, 51.49898176493924], [9.215215000294823, 51.49898862415981]]]]}, "properties": {"schlag_id": 242, "name_sl": "Blühfläche Am Hof", "betrieb_name": "Desenberg GbR", "frucht_kurz": "---", "ha_calc": 0.1546, "inaktiv": 0}}, {"type": "Feature", "geometry": {"type": "MultiPolygon", "coordinates": [[[[9.203407935340172, 51.50169472567216], [9.203368396516105, 51.50172950978549], [9.203433660012816, 51.5017340593421], [9.203535696328187, 51.5017509733777], [9.203541632694652, 51.501751734918585], [9.203544256404289, 51.50174889193566], [9.204090523594447, 51.50182215242082], [9.20480531832999, 51.50195106751199], [9.20520166834199, 51.502022548072], [9.20539628365403, 51.50205764576668], [9.205882658355616, 51.50214535890861], [9.206612548273426, 51.502276309112695], [9.206614354743424, 51.50227492901562], [9.206681021681254, 51.5022239967499], [9.206122595796678, 51.50212280686342], [9.205665008668795, 51.50203988715793], [9.204922342222332, 51.50190530351281], [9.20417526347855, 51.501769914826625], [9.204002779181527, 51.50173865581009], [9.203821556868172, 51.50170581268962], [9.203464849190024, 51.50164489152375], [9.203407935340172, 51.50169472567216]]]]}, "properties": {"schlag_id": 19, "name_sl": "z - 178-00", "betrieb_name": "Desenberg GbR", "frucht_kurz": "---", "ha_calc": 0.1738, "inaktiv": 0}}, {"type": "Feature", "geometry": {"type": "MultiPolygon", "coordinates": [[[[9.22124309868327, 51.501208789347935], [9.22134644129058, 51.50120049325627], [9.222297420051193, 51.5010359653873], [9.22273580809867, 51.50095310747501], [9.222903009738246, 51.500899869815676], [9.223810881983253, 51.50059252713621], [9.224022459051714, 51.50051142008891], [9.224159961998394, 51.500454268251865], [9.224227695685979, 51.50043429370595], [9.224286982909481, 51.50042095029796], [9.224445165851145, 51.50041448429957], [9.225017797657202, 51.50037772581825], [9.225331883162191, 51.50035924623665], [9.225467274985519, 51.50033930711214], [9.225621474104448, 51.50027950632348], [9.225749633771608, 51.50021543525764], [9.225871592804383, 51.500177081710085], [9.225991763353415, 51.500161363687376], [9.226094475682391, 51.500156392027385], [9.22611026477132, 51.50011317960624], [9.22598507981915, 51.50010757490122], [9.225974033724809, 51.500108560447465], [9.225853863308421, 51.50012427845183], [9.225832697463762, 51.500128901754906], [9.225710738526683, 51.50016725526191], [9.22569559429713, 51.50017332765753], [9.2255714659898, 51.50023538336364], [9.225433663187815, 51.500288825279355], [9.22531783479272, 51.50030588331355], [9.225009685291516, 51.50032401360877], [9.22500895362549, 51.500324058572566], [9.224437917049451, 51.50036071468833], [9.224281333842711, 51.500367115337795], [9.224257660689803, 51.50037019883524], [9.224198373523494, 51.50038354222829], [9.224190768009008, 51.50038551427347], [9.224123034377467, 51.50040548879804], [9.224112049348559, 51.500409363962966], [9.223975866984263, 51.50046596691999], [9.223767623725482, 51.50054579599827], [9.222862755608384, 51.500852121481415], [9.222703384914062, 51.500902865785385], [9.222273344258042, 51.500984145982194], [9.221802744937861, 51.501065564938216], [9.221771738387334, 51.501076488950524], [9.221731988913746, 51.501077806377396], [9.221329295263486, 51.501147474915705], [9.221232071012317, 51.501155279930124], [9.22124309868327, 51.501208789347935]]]]}, "properties": {"schlag_id": 130, "name_sl": "z - 190-00", "betrieb_name": "Desenberg GbR", "frucht_kurz": "---", "ha_calc": 0.2172, "inaktiv": 0}}, {"type": "Feature", "geometry": {"type": "MultiPolygon", "coordinates": [[[[9.198640703025898, 51.48899976022747], [9.198686330745367, 51.48881088533666], [9.198425216377181, 51.48880133189674], [9.198214545971808, 51.4887936238547], [9.198182390428276, 51.48879244726406], [9.198151164978816, 51.48879130473318], [9.198141688298794, 51.48879176498626], [9.19813470550522, 51.488791504532806], [9.198121914784183, 51.488791027360016], [9.198110456477128, 51.48879060004525], [9.198092514031842, 51.48878993069114], [9.198053386887677, 51.48878847108972], [9.19801427173707, 51.48878701199507], [9.197855708569586, 51.48878109695293], [9.197685622346714, 51.48877475183924], [9.197369476042129, 51.488762957252845], [9.19736913361184, 51.48896529326946], [9.198640703025898, 51.48899976022747]]]]}, "properties": {"schlag_id": 315, "name_sl": "z - 221-00", "betrieb_name": "Desenberg GbR", "frucht_kurz": "---", "ha_calc": 0.196, "inaktiv": 0}}, {"type": "Feature", "geometry": {"type": "MultiPolygon", "coordinates": [[[[9.221187041416227, 51.48844187734082], [9.221170449416656, 51.48844926147985], [9.221305646508396, 51.48838909384325], [9.221439381081563, 51.48831485986972], [9.221482558650752, 51.48828488301365], [9.22155322626677, 51.48822682918779], [9.221582187403502, 51.488172405720185], [9.221595359053662, 51.48808417123502], [9.221599086269963, 51.488059203229554], [9.221583305007217, 51.48795788043124], [9.221505766583117, 51.48787004501085], [9.221415935753905, 51.48778073928252], [9.22128508905747, 51.48765065667291], [9.220901425104143, 51.487340177088356], [9.220882640997814, 51.48732497595228], [9.220522122876977, 51.487023150246635], [9.220140523314377, 51.48678634361072], [9.220046625528896, 51.48672807361572], [9.219998069987302, 51.486703694971524], [9.219588868841615, 51.48649824286512], [9.219423303217654, 51.48643000328601], [9.21907110034873, 51.486284837619756], [9.218485026790619, 51.48607375418407], [9.218224320749748, 51.48599874524981], [9.21809087554336, 51.48596132178137], [9.217752451286664, 51.48589666135079], [9.217594470429278, 51.48585451789538], [9.21723789815096, 51.485680164671756], [9.217614222432655, 51.485418137870305], [9.218090297489868, 51.48511474654594], [9.218474428729365, 51.484899278979825], [9.218645928524516, 51.484803079936405], [9.218737228732982, 51.48473470166864], [9.21875104083481, 51.48467526803744], [9.218753624015003, 51.484549960978846], [9.218326538331466, 51.48440271027833], [9.2180360529314, 51.484302555736626], [9.218036053187081, 51.48430255528618], [9.217103167154233, 51.483980902331616], [9.21677403046605, 51.48388734105951], [9.216524822093948, 51.483845158843984], [9.216488067833318, 51.483936698712036], [9.216587502020987, 51.48396756423427], [9.216715229091161, 51.48398918385782], [9.217025474097975, 51.48407737492832], [9.217465439530589, 51.484246396458175], [9.217952509453404, 51.484397010858125], [9.218242995015737, 51.48449716596674], [9.218326130249498, 51.48452582950935], [9.2185889494775, 51.48461115488053], [9.218601342983797, 51.48461688685033], [9.218597013194978, 51.484635942861054], [9.218578696262531, 51.48465147523931], [9.21856382898232, 51.4846640824749], [9.218536052442147, 51.48468117256178], [9.218482409462633, 51.484714599274504], [9.218374152591199, 51.48478259392828], [9.21825377386304, 51.48485831300042], [9.218023483765563, 51.48500717251446], [9.217546962876922, 51.485315191131946], [9.217163376367957, 51.485571198354165], [9.217087999719629, 51.48562660126125], [9.216991288571961, 51.48569768511394], [9.216984684485666, 51.48570253917096], [9.217045700209612, 51.48573213572971], [9.217126040602706, 51.48577110592419], [9.217485250878328, 51.485938052698856], [9.217709314876373, 51.48600476883279], [9.21797264458373, 51.48605567347661], [9.2181593491822, 51.486100016871795], [9.218206789523194, 51.48610996634813], [9.21823560961297, 51.48612032602855], [9.218798705661273, 51.48631632812593], [9.219070256628012, 51.48640920714321], [9.219241739328302, 51.486478924584056], [9.219656704968994, 51.48668048646931], [9.21991659058973, 51.48682001959057], [9.219958751206166, 51.48684041586815], [9.220161243618934, 51.48695137297398], [9.220221199676425, 51.486984226174705], [9.220344691004877, 51.48708230895934], [9.220433597914049, 51.48715292273316], [9.220476886724425, 51.487187304556016], [9.22073312904666, 51.48739206713263], [9.22099968051526, 51.48760482335424], [9.221035234969506, 51.48763270694215], [9.221149577864056, 51.48773078002377], [9.221165890971184, 51.48774448763164], [9.22121475308785, 51.48778552679705], [9.221247746174447, 51.48782391297109], [9.221332734392705, 51.48791733432284], [9.221342574355429, 51.48792790267096], [9.221395523905224, 51.48799167038127], [9.221406569385941, 51.488016452541075], [9.22140887656161, 51.488038168596006], [9.221416464580278, 51.488105189669135], [9.2214185553846, 51.48812290822751], [9.221372548665705, 51.488169675012834], [9.22133661180217, 51.48820128633934], [9.221323097996413, 51.488213173527235], [9.221226110789388, 51.48828528514754], [9.221176806538436, 51.488313755608175], [9.22116470221064, 51.488320745181404], [9.22103089636332, 51.48837866434523], [9.221023378357206, 51.48838069263166], [9.221057245579168, 51.488391158478485], [9.221170904946208, 51.48843955021475], [9.221171489095529, 51.488439798864064], [9.221183707556781, 51.488435120823425], [9.221187041416227, 51.48844187734082]]]]}, "properties": {"schlag_id": 284, "name_sl": "z - 225-00", "betrieb_name": "Desenberg GbR", "frucht_kurz": "---", "ha_calc": 1.0002, "inaktiv": 0}}, {"type": "Feature", "geometry": {"type": "MultiPolygon", "coordinates": [[[[9.20208523788131, 51.50308367062366], [9.202138354339722, 51.50304438071974], [9.202273444118187, 51.5029444555646], [9.202284259721427, 51.502935559101395], [9.2025595860031, 51.502682929528476], [9.202728197272242, 51.502528216043345], [9.202731557427093, 51.50252501207446], [9.203118513253619, 51.502141343033244], [9.203435076177486, 51.50185838466477], [9.203481532647508, 51.5018168592947], [9.203541454651049, 51.50175192791825], [9.203433660012816, 51.5017340593421], [9.203368396516105, 51.50172950978549], [9.20335755064875, 51.501739204434216], [9.202974398201704, 51.50208168318377], [9.202585242484506, 51.5024675322963], [9.202483248876275, 51.50256111883918], [9.202393023727709, 51.502643906729176], [9.202253704032568, 51.50277174139275], [9.202141304245382, 51.502874874724064], [9.201949928031244, 51.50301643431714], [9.201664587685732, 51.50325362923104], [9.201444324823571, 51.50343672501246], [9.20140862933703, 51.50345539576726], [9.201376173565482, 51.50347237200318], [9.20157929083794, 51.5035003045209], [9.20208523788131, 51.50308367062366]]]]}, "properties": {"schlag_id": 30, "name_sl": "z- 170-00", "betrieb_name": "Desenberg GbR", "frucht_kurz": "---", "ha_calc": 0.2848, "inaktiv": 0}}, {"type": "Feature", "geometry": {"type": "MultiPolygon", "coordinates": [[[[9.205248577221216, 51.50190297131835], [9.20523379375616, 51.50192695977084], [9.206028737200151, 51.50206843518172], [9.206717606803265, 51.50219165006285], [9.206762279180442, 51.502139854350155], [9.206403363938211, 51.502065671050644], [9.20543003764003, 51.5019034024355], [9.205265243483606, 51.50187592774826], [9.205248577221216, 51.50190297131835]]]]}, "properties": {"schlag_id": 62, "name_sl": "z- 175-00", "betrieb_name": "Desenberg GbR", "frucht_kurz": "---", "ha_calc": 0.073, "inaktiv": 0}}, {"type": "Feature", "geometry": {"type": "MultiPolygon", "coordinates": [[[[9.2052666907517, 51.50187357926726], [9.205218445432752, 51.501861838460115], [9.20519201688527, 51.50185705033198], [9.205128027267783, 51.501845456911134], [9.204987174515416, 51.5018199377865], [9.204953233723968, 51.50181545586457], [9.204609145820141, 51.50175917274029], [9.204514877982817, 51.50174566763448], [9.204426517658323, 51.501743668146666], [9.204426505631902, 51.50174366636767], [9.204426483079784, 51.50174366163693], [9.20422983538756, 51.50170314380475], [9.204030728757639, 51.50166211889888], [9.20398391773451, 51.501652473716575], [9.203963063510837, 51.501647625666735], [9.203607558333717, 51.501565219229704], [9.203573930759303, 51.50160011753115], [9.203650314875828, 51.50161701172754], [9.2039526658171, 51.50169573433399], [9.205233793782408, 51.50192695968079], [9.2052666907517, 51.50187357926726]]]]}, "properties": {"schlag_id": 164, "name_sl": "z- 176-00", "betrieb_name": "Desenberg GbR", "frucht_kurz": "---", "ha_calc": 0.0653, "inaktiv": 0}}, {"type": "Feature", "geometry": {"type": "MultiPolygon", "coordinates": [[[[9.220072549819678, 51.488619634946396], [9.220104695368924, 51.488622440860716], [9.2202023841794, 51.4886454958339], [9.220204511219649, 51.48864538194972], [9.220491522706268, 51.488630001907254], [9.220874454610904, 51.48854496182145], [9.221070916670485, 51.48849355704862], [9.221160015688262, 51.48845390492338], [9.221187041416227, 51.48844187734082], [9.221183707556781, 51.488435120823425], [9.221171489095529, 51.488439798864064], [9.221057245579168, 51.488391158478485], [9.221023378357206, 51.48838069263166], [9.221017009254956, 51.48838241095124], [9.220947535835052, 51.48840705092962], [9.220876425712794, 51.48842960594163], [9.220803286218667, 51.488447890525485], [9.220746106257941, 51.488463808165974], [9.220637910715421, 51.48848882000097], [9.220526808454167, 51.488508443121795], [9.220429310207798, 51.488522120616665], [9.22038568831016, 51.488528562472304], [9.22033029024489, 51.48853057798999], [9.22032843321197, 51.48853054322869], [9.220319168578524, 51.48853108002573], [9.220233102292928, 51.488528466790335], [9.220224990639627, 51.48852703724758], [9.220182939335578, 51.48852173427503], [9.220103146026354, 51.48850781214506], [9.220017590882163, 51.488492299394636], [9.219821346157492, 51.488464101021115], [9.219728787379376, 51.48845434311864], [9.219702714525129, 51.48845422825508], [9.219659128582126, 51.488455453443855], [9.219617912601349, 51.4884627303007], [9.219526116661736, 51.48848355634243], [9.21942790085287, 51.48851351261775], [9.219345604415633, 51.48854003909491], [9.219316269027335, 51.48854995952431], [9.219246437617295, 51.488582380322434], [9.219173998142379, 51.4886121885633], [9.219132329717109, 51.48863048492548], [9.218958047991318, 51.4887067406616], [9.218881064317229, 51.48873737089834], [9.218847308045927, 51.48875148501651], [9.218838701265788, 51.4887542262871], [9.218821250387105, 51.48876116961454], [9.218771532389434, 51.48877561976317], [9.218706923827769, 51.4887961977031], [9.218698500552987, 51.48879684575351], [9.218698154185248, 51.488796946389755], [9.2186333396562, 51.48880284624931], [9.218611877033286, 51.488800938201905], [9.21853648499592, 51.488796515426614], [9.218271552310556, 51.488770038770234], [9.218263267803923, 51.488790051992076], [9.218245206293409, 51.488833683834685], [9.218241735646993, 51.4888593490273], [9.218308893244073, 51.488865954258586], [9.21873430822392, 51.48890779510148], [9.218858407216885, 51.48886278832326], [9.219226593241713, 51.48871855948041], [9.219542870603837, 51.48859466269963], [9.219697860087404, 51.488563769823024], [9.219829467280121, 51.48858168914266], [9.219868031005506, 51.48858693992017], [9.219893638972845, 51.48859042658111], [9.220007236742424, 51.488605893568455], [9.220072549819678, 51.488619634946396]]]]}, "properties": {"schlag_id": 199, "name_sl": "z- 209-00", "betrieb_name": "Desenberg GbR", "frucht_kurz": "---", "ha_calc": 0.2508, "inaktiv": 0}}, {"type": "Feature", "geometry": {"type": "MultiPolygon", "coordinates": [[[[9.203417202940642, 51.49910305633898], [9.203534585072106, 51.49912043380706], [9.203565740424924, 51.49904990013361], [9.203582954353273, 51.49901381208077], [9.203600802165639, 51.49897190053497], [9.20396779523981, 51.49820699644241], [9.203967814325074, 51.4982069564491], [9.204149443954426, 51.49782615890458], [9.204024598746829, 51.497805411924865], [9.203947782687468, 51.49796694668415], [9.203553516470883, 51.498809268528774], [9.203444074974259, 51.4990454382413], [9.203417202940642, 51.49910305633898]]]]}, "properties": {"schlag_id": 268, "name_sl": "z- 239-00", "betrieb_name": "Desenberg GbR", "frucht_kurz": "---", "ha_calc": 0.1293, "inaktiv": 0}}, {"type": "Feature", "geometry": {"type": "MultiPolygon", "coordinates": [[[[9.21273957832087, 51.497218687924764], [9.212754948691668, 51.49721200469992], [9.212860505683594, 51.497214234630334], [9.2130285895357, 51.497274275030406], [9.213258781024651, 51.49735581927387], [9.213739303125985, 51.49752571801227], [9.214028022174851, 51.49764472344857], [9.214080105041884, 51.49768105827486], [9.214120227562825, 51.49765098162436], [9.213987309911388, 51.4973709922687], [9.213894044803057, 51.497289019998725], [9.213227826438848, 51.497181523508154], [9.21289078284704, 51.49711449162869], [9.212801842240456, 51.4971315692274], [9.21271697762078, 51.497192114561955], [9.21273957832087, 51.497218687924764]]]]}, "properties": {"schlag_id": 134, "name_sl": "z70363826", "betrieb_name": "Desenberg GbR", "frucht_kurz": "---", "ha_calc": 0.1977, "inaktiv": 0}}, {"type": "Feature", "geometry": {"type": "MultiPolygon", "coordinates": [[[[9.22771979380627, 51.500294484846314], [9.227721567902508, 51.50029836860666], [9.228061437609018, 51.50023211418849], [9.228467117713858, 51.50017569715865], [9.22858636606326, 51.50017769745142], [9.228590408276133, 51.50011888523813], [9.228592932062886, 51.50008226322908], [9.227942870958337, 51.50004740674924], [9.22790703009329, 51.50006242329559], [9.227696586176716, 51.50018293136661], [9.22771979380627, 51.500294484846314]]]]}, "properties": {"schlag_id": 241, "name_sl": "z70409808", "betrieb_name": "Desenberg GbR", "frucht_kurz": "---", "ha_calc": 0.1011, "inaktiv": 0}}, {"type": "Feature", "geometry": {"type": "MultiPolygon", "coordinates": [[[[9.216458113890207, 51.48383901661869], [9.216524822093948, 51.483845158843984], [9.21677403046605, 51.48388734105951], [9.217103167154233, 51.483980902331616], [9.218036053187049, 51.48430255528618], [9.218151874517314, 51.48412849678429], [9.2180989836525, 51.48411623595548], [9.218068988715867, 51.48412726529539], [9.217995944144992, 51.48413612492154], [9.217951848034108, 51.4841298317095], [9.217896873124252, 51.4840963820153], [9.217651879927676, 51.484020742048735], [9.217419148372818, 51.483952532306134], [9.217133017381476, 51.48388024964986], [9.216817878240551, 51.483804613868934], [9.216654306679976, 51.483775948217996], [9.216588051050286, 51.48377776917956], [9.216522474797408, 51.48378924237442], [9.216484844370495, 51.48380977621091], [9.216458113890207, 51.48383901661869]]]]}, "properties": {"schlag_id": 136, "name_sl": "z704098081", "betrieb_name": "Desenberg GbR", "frucht_kurz": "---", "ha_calc": 0.1526, "inaktiv": 0}}, {"type": "Feature", "geometry": {"type": "MultiPolygon", "coordinates": [[[[9.23030749597691, 51.49971932390107], [9.230793945397247, 51.49980136529708], [9.23116767640212, 51.499897627886554], [9.231475799962046, 51.49995184660174], [9.231821472633829, 51.50001266841377], [9.231956945979954, 51.4999316149972], [9.23222034201833, 51.499774008621], [9.232085044294953, 51.499810606682146], [9.23196652068752, 51.49984082512868], [9.2318484696213, 51.49985631216397], [9.23169951790802, 51.4998726775111], [9.231668762092179, 51.49987056583592], [9.23155812121335, 51.49987750239886], [9.231551537288853, 51.499877915268684], [9.23153602443832, 51.499877001609605], [9.23149661120349, 51.49987468044855], [9.23143436381595, 51.49986856221819], [9.231421575031636, 51.499867305217556], [9.231418978958146, 51.499866801747864], [9.231327734392092, 51.499849101196055], [9.231225343020428, 51.49982693252163], [9.23117086895843, 51.49981513852483], [9.231029359202669, 51.49978724166153], [9.230706210375995, 51.49973765052837], [9.230532660047077, 51.49971101912056], [9.23030749597691, 51.49971932390107]]]]}, "properties": {"schlag_id": 171, "name_sl": "zz70409808", "betrieb_name": "Desenberg GbR", "frucht_kurz": "---", "ha_calc": 0.1033, "inaktiv": 0}}, {"type": "Feature", "geometry": {"type": "MultiPolygon", "coordinates": [[[[9.218176769724062, 51.4890042764757], [9.218267751007378, 51.48909929396204], [9.218400216584351, 51.48913861689702], [9.218650851098664, 51.489108902836186], [9.218711354360273, 51.48908298386393], [9.21878544693991, 51.489017470054335], [9.21866658731187, 51.48894199362386], [9.218564353940584, 51.488946326731714], [9.218481624855299, 51.48892876926634], [9.218358157291958, 51.48890435694531], [9.218248423791067, 51.48891457212361], [9.218206681231155, 51.48893754930155], [9.218176769724062, 51.4890042764757]]]]}, "properties": {"schlag_id": 298, "name_sl": "zzz70409808", "betrieb_name": "Desenberg GbR", "frucht_kurz": "---", "ha_calc": 0.0761, "inaktiv": 0}}, {"type": "Feature", "geometry": {"type": "MultiPolygon", "coordinates": [[[[9.215840272485421, 51.48892896933356], [9.215949106722492, 51.489871604962985], [9.215929324188998, 51.48986848035216], [9.216051057142813, 51.49123610166018], [9.216052267478299, 51.491809843054696], [9.216034535411161, 51.491995545136945], [9.216032770261988, 51.492014030942414], [9.215982778141232, 51.49217656586759], [9.215973274935472, 51.492207462660254], [9.215841642678535, 51.49255399169079], [9.215793305957597, 51.49269060087429], [9.21567742510954, 51.493010583034085], [9.215662217989923, 51.49305208503938], [9.21532252204053, 51.493988793047755], [9.215185312444284, 51.494376617510724], [9.21516047118697, 51.49444718995362], [9.215017364121776, 51.494820660441974], [9.214994570253847, 51.49488014573494], [9.215016171813328, 51.49489372651077], [9.215027167273705, 51.49490063934918], [9.21500670881575, 51.494939351796596], [9.215001264291654, 51.49494965421287], [9.214963677676133, 51.494969041864366], [9.214869951013519, 51.495199064813484], [9.21484957071533, 51.49524346655024], [9.214816459497447, 51.49531560441562], [9.21474400103781, 51.495467837294285], [9.214629636629455, 51.495663495306694], [9.21463694615568, 51.4957043486469], [9.21471819269984, 51.49572996306197], [9.214739625004245, 51.49575219152439], [9.214774609411405, 51.49578847535873], [9.214752075669013, 51.49586527267567], [9.214726355183362, 51.495952930495996], [9.214630263765903, 51.496098810788794], [9.214382544080761, 51.49638710550653], [9.214213673491146, 51.49656842658629], [9.214175494580578, 51.496624850014534], [9.214156082731852, 51.49665670570523], [9.214099660211017, 51.496765193674015], [9.214080460191878, 51.496919809770084], [9.214106985179153, 51.497112544745725], [9.214117580093177, 51.49721143216187], [9.214492267879004, 51.49727260942869], [9.215196879239826, 51.497381847299415], [9.216434016053435, 51.49757557347569], [9.218266129558733, 51.4978617665518], [9.218764944558396, 51.49793837987385], [9.219005962170513, 51.497972004197344], [9.219243997764634, 51.49800084342077], [9.21973520398722, 51.49805836165897], [9.220225279168053, 51.498093449272865], [9.220330725097387, 51.4981027791174], [9.220402243975121, 51.49810557839367], [9.220505177387945, 51.4981108339866], [9.220931346629476, 51.49721669478966], [9.221407035260917, 51.496192762437275], [9.221578084131874, 51.49582036353476], [9.221822768108655, 51.495297746337606], [9.222389311412686, 51.49408762648237], [9.222981904143413, 51.49282179426744], [9.223172019372715, 51.492415675404246], [9.223409015996902, 51.49179384662818], [9.223142745162733, 51.491679521149635], [9.2232646608184, 51.49153255638047], [9.22355102594756, 51.491576666961386], [9.223763411939926, 51.491123305190904], [9.219508878714711, 51.4904551243472], [9.218884982663086, 51.49034783955629], [9.218686304896007, 51.490313627035825], [9.22377639136884, 51.49111975301692], [9.223919416861163, 51.490795479802976], [9.224052026321358, 51.4905278520932], [9.224116847755896, 51.490385502143994], [9.224079554875361, 51.490326051410776], [9.223918300769558, 51.49023574211009], [9.22366028409177, 51.49017008915711], [9.220266889544313, 51.4896188968686], [9.218061836818293, 51.48926066924507], [9.215840272485421, 51.48892896933356]]]]}, "properties": {"schlag_id": 253, "name_sl": "21", "betrieb_name": "Desenberg GbR", "frucht_kurz": "SM", "ha_calc": 45.6031, "inaktiv": 0}}, {"type": "Feature", "geometry": {"type": "MultiPolygon", "coordinates": [[[[9.199245490021735, 51.49003347976293], [9.199226474094667, 51.49004916474275], [9.199224141832396, 51.49005387337958], [9.199118110062777, 51.490452157023306], [9.199120356306429, 51.49045761118788], [9.199018627978205, 51.49044320408463], [9.198263662217789, 51.490375257468294], [9.198273877266132, 51.490323466532736], [9.198394498249943, 51.48999853991868], [9.198476195940056, 51.48968072590174], [9.1984804844037, 51.48966626531373], [9.198493546900027, 51.48960890626303], [9.198536801827112, 51.489418959132095], [9.198534462972228, 51.489419345233664], [9.198640703026097, 51.48899976022746], [9.19736913361334, 51.48896529326887], [9.197369051438823, 51.489196974796315], [9.197368725353611, 51.489206849278844], [9.197368666156065, 51.48924150444411], [9.197360689730012, 51.489449748600215], [9.197358026057705, 51.48953027527097], [9.197356770962735, 51.489557656735855], [9.197321144779055, 51.49055815356559], [9.19732219967243, 51.49070640911154], [9.197350363264718, 51.490709111498965], [9.19731587016431, 51.49070628844953], [9.197314491783356, 51.49074500214714], [9.197347714760985, 51.491653857863085], [9.197353728694205, 51.49178267552607], [9.197345834528425, 51.491956295615694], [9.19732843862522, 51.4922648604129], [9.19723175412437, 51.49289918552317], [9.197211518292919, 51.4930331352298], [9.19719709958232, 51.49317915580686], [9.197143587305499, 51.49348864296232], [9.19708755677, 51.493876307143715], [9.197031622239729, 51.49427129077297], [9.197053339012466, 51.49429822134849], [9.197053339833868, 51.49429822152811], [9.1972007944999, 51.49432284220669], [9.198439146714573, 51.49451628218123], [9.198989961188548, 51.49459270597641], [9.199595609651572, 51.49468522520323], [9.200322398265888, 51.49479822291718], [9.200689871817747, 51.49486045953402], [9.200689879175366, 51.49486046060054], [9.200880094039197, 51.494405909253764], [9.200964343269119, 51.49420297461059], [9.200988700242752, 51.494144304692554], [9.20100550623984, 51.49410382291123], [9.201005793048918, 51.494103875159574], [9.201018926438346, 51.4940741393194], [9.2010952186623, 51.493891820637565], [9.201193187404218, 51.49367870495529], [9.201226808131276, 51.493612367178564], [9.201229253399969, 51.49360044622268], [9.201244760885173, 51.49358626382454], [9.201245402665494, 51.493584803369394], [9.201395684303623, 51.49327179424247], [9.201773566474278, 51.49248180800511], [9.202103438054733, 51.491797067927685], [9.202117732130398, 51.491767838642446], [9.202117748134427, 51.49176780594674], [9.202139860549263, 51.491722589209786], [9.202149745860586, 51.49170040743718], [9.202149796403264, 51.49169424979859], [9.202159943566715, 51.4916837254897], [9.202264510245188, 51.491501093150426], [9.202390092953575, 51.49122494598945], [9.202403750215897, 51.49119491505612], [9.202404970819082, 51.49119400412621], [9.202437965383666, 51.49112538287319], [9.20243659731139, 51.49112527093456], [9.202479296708132, 51.49103247305547], [9.202492842427613, 51.491001495679356], [9.202499876214246, 51.49100191427739], [9.202547465727239, 51.490903622140884], [9.20275302782146, 51.49042022708731], [9.202760280717408, 51.49040317254102], [9.202771271428828, 51.490378995296695], [9.202709587079275, 51.490379102831554], [9.202707166784469, 51.490371151975936], [9.20270716658207, 51.490371151976284], [9.202712117496045, 51.49037059306666], [9.202767140098377, 51.49037793512634], [9.20302851222211, 51.48981313671187], [9.203026842913143, 51.48980925509728], [9.203580461536529, 51.488553345724554], [9.203869539071107, 51.48790563521109], [9.204015236388175, 51.48754871222745], [9.204024682296676, 51.48752379037056], [9.204016728897258, 51.487522984122805], [9.203992587292753, 51.487523026119405], [9.20400867991114, 51.487522167331846], [9.203997682792755, 51.48752105164876], [9.203572738590612, 51.48754338023743], [9.203401596179303, 51.48755871867313], [9.200723168827121, 51.48796028089365], [9.200601877396096, 51.48797977405354], [9.200599188273411, 51.488369632353844], [9.200589473254421, 51.488453272485025], [9.200567945495054, 51.48859496267545], [9.200560063372698, 51.48864684198356], [9.200485176162656, 51.48913972116814], [9.200437313168093, 51.48922682535502], [9.200333604732176, 51.48933342918096], [9.199789601962483, 51.48973968211893], [9.199246702575353, 51.49003247960072], [9.199245494256811, 51.49003347624507], [9.202291690012336, 51.49032511753565], [9.202401881905157, 51.49033739474531], [9.199245490021735, 51.49003347976293]], [[9.202401883262482, 51.490337394896635], [9.202706024670505, 51.49037128073158], [9.202706620506754, 51.49037436026265], [9.202401883262482, 51.490337394896635]]]]}, "properties": {"schlag_id": 28, "name_sl": "Feldscheide", "betrieb_name": "Desenberg GbR", "frucht_kurz": "SM", "ha_calc": 22.4144, "inaktiv": 0}}, {"type": "Feature", "geometry": {"type": "MultiPolygon", "coordinates": [[[[9.23893076501342, 51.47704807326713], [9.239618867082783, 51.4771066598284], [9.240393703314187, 51.47719062501609], [9.241340983719551, 51.47729536352364], [9.241317689365497, 51.477056931450775], [9.241241409732696, 51.47652050846405], [9.24106176485188, 51.476494559852675], [9.239081025764097, 51.47629105036906], [9.238994603499155, 51.47661684412681], [9.23893772476108, 51.47697468054738], [9.23893076501342, 51.47704807326713]]]]}, "properties": {"schlag_id": 122, "name_sl": "A-Feld", "betrieb_name": "Desenberg GbR", "frucht_kurz": "SM", "ha_calc": 1.3597, "inaktiv": 0}}, {"type": "Feature", "geometry": {"type": "MultiPolygon", "coordinates": [[[[9.223053659213733, 51.48091751148774], [9.222439948575035, 51.48124128199554], [9.221207676223775, 51.48186242781638], [9.221631953508782, 51.482181293246654], [9.222170586090446, 51.48266129172797], [9.222686916896736, 51.48315555952948], [9.223115859435286, 51.48367569803041], [9.223589647523527, 51.48340564358249], [9.223604264400903, 51.48339731202508], [9.223755544176623, 51.48331108294834], [9.224108751324986, 51.48310820806783], [9.224261273267484, 51.483020604309026], [9.224765888172433, 51.48273902392951], [9.225388607857138, 51.482384049841514], [9.225749217469408, 51.48218183881561], [9.226368065616432, 51.48183297893611], [9.227091351901906, 51.481414164553904], [9.227870075937073, 51.481342271760276], [9.228672562607013, 51.48123119801322], [9.228848303535186, 51.481124226221034], [9.228875052421298, 51.480965951616774], [9.228857697982978, 51.48080088408372], [9.228762516383105, 51.48049494460056], [9.228602027260004, 51.480347354980644], [9.22842959169383, 51.48001404926597], [9.228070370558626, 51.47978085652897], [9.227715837021535, 51.47938255202425], [9.227472334728215, 51.47915601128901], [9.227063978253174, 51.47900890138856], [9.226947977424015, 51.47894377386198], [9.226151296229421, 51.4793546314099], [9.225250347917932, 51.479848235139485], [9.224481212130952, 51.480265907426435], [9.223816134050315, 51.48056298902383], [9.223348697412847, 51.480740983880196], [9.223194233860715, 51.48084979022332], [9.223094428238854, 51.48089787121272], [9.223053659213733, 51.48091751148774]]]]}, "properties": {"schlag_id": 339, "name_sl": "Fuchslöcher", "betrieb_name": "Desenberg GbR", "frucht_kurz": "SM", "ha_calc": 12.2523, "inaktiv": 0}}, {"type": "Feature", "geometry": {"type": "MultiPolygon", "coordinates": [[[[9.225802749821629, 51.483270164544415], [9.225817814311764, 51.483287971011656], [9.225913036750345, 51.48340418393336], [9.226090799018197, 51.48362112966331], [9.226187350478224, 51.48373083957581], [9.22644211857557, 51.48389305063339], [9.226709379288787, 51.4837185368185], [9.226893423363833, 51.48356408620507], [9.227220070187709, 51.48302045892183], [9.227278343872715, 51.48284712528505], [9.227477197781429, 51.482706727521595], [9.227653780106, 51.48263830510923], [9.228232661820456, 51.482423556101246], [9.228713114755234, 51.4821982216994], [9.228996248821364, 51.48204609593512], [9.229141638164569, 51.48194448718299], [9.229143450965939, 51.4818634077381], [9.228910442040796, 51.48164944394159], [9.228876841001002, 51.48161858909779], [9.22884157873297, 51.48156085531703], [9.228824869861212, 51.48151079226387], [9.228772705625897, 51.48136446059376], [9.228585792782592, 51.481386415687325], [9.227103284929091, 51.481560542226475], [9.226485717623556, 51.481901981974644], [9.225896911491718, 51.48222810082792], [9.225253660719057, 51.48259371309491], [9.225248780005407, 51.48262369430219], [9.225559601292678, 51.482982756905706], [9.225802749821629, 51.483270164544415]]]]}, "properties": {"schlag_id": 301, "name_sl": "Grube", "betrieb_name": "Desenberg GbR", "frucht_kurz": "SM", "ha_calc": 3.4493, "inaktiv": 0}}, {"type": "Feature", "geometry": {"type": "MultiPolygon", "coordinates": [[[[9.243628292178508, 51.47391750895166], [9.243576362517183, 51.47389472578671], [9.241402474575224, 51.474031918596125], [9.240900505274743, 51.47405474273143], [9.240903422745454, 51.47425120474568], [9.240913513905285, 51.4744205704774], [9.24092105387261, 51.47454715581606], [9.241016026423965, 51.47489632492916], [9.241072005241795, 51.475045839983586], [9.24113798207459, 51.47531526046789], [9.241230876413233, 51.47541287884228], [9.24138233757688, 51.47545740485242], [9.241436766186567, 51.475490946202925], [9.241484376412464, 51.47550630573707], [9.242145868935303, 51.47542164630504], [9.242699017948814, 51.475398906519985], [9.24301032437199, 51.47541676872975], [9.243084685286993, 51.4754659720443], [9.243306647024706, 51.47624449754664], [9.24409745481209, 51.476143810581206], [9.24409983750734, 51.476144175911806], [9.244354652130308, 51.47608134298895], [9.244363104425215, 51.47607499232679], [9.244363659304499, 51.47607640599942], [9.24436396324444, 51.47607623804236], [9.244221246223589, 51.475630891497936], [9.24393714496269, 51.47492904630047], [9.243899321443411, 51.47476726157904], [9.243774332526842, 51.474390606786855], [9.243717196506374, 51.474152606676554], [9.243628292178508, 51.47391750895166]]]]}, "properties": {"schlag_id": 247, "name_sl": "Grundberg", "betrieb_name": "Desenberg GbR", "frucht_kurz": "SM", "ha_calc": 3.8768, "inaktiv": 0}}, {"type": "Feature", "geometry": {"type": "MultiPolygon", "coordinates": [[[[9.215840272485421, 51.48892896933356], [9.215949106722492, 51.489871604962985], [9.215929324188998, 51.48986848035216], [9.216051057142813, 51.49123610166018], [9.216052267478299, 51.491809843054696], [9.216034535411161, 51.491995545136945], [9.216032770261988, 51.492014030942414], [9.215982778141232, 51.49217656586759], [9.215973274935472, 51.492207462660254], [9.215841642678535, 51.49255399169079], [9.215793305957597, 51.49269060087429], [9.21567742510954, 51.493010583034085], [9.215662217989923, 51.49305208503938], [9.21532252204053, 51.493988793047755], [9.215185312444284, 51.494376617510724], [9.21516047118697, 51.49444718995362], [9.215017364121776, 51.494820660441974], [9.214994570253847, 51.49488014573494], [9.215016171813328, 51.49489372651077], [9.215027167273705, 51.49490063934918], [9.21500670881575, 51.494939351796596], [9.215001264291654, 51.49494965421287], [9.214963677676133, 51.494969041864366], [9.214869951013519, 51.495199064813484], [9.21484957071533, 51.49524346655024], [9.214816459497447, 51.49531560441562], [9.21474400103781, 51.495467837294285], [9.214629636629455, 51.495663495306694], [9.21463694615568, 51.4957043486469], [9.21471819269984, 51.49572996306197], [9.214739625004245, 51.49575219152439], [9.214774609411405, 51.49578847535873], [9.214752075669013, 51.49586527267567], [9.214726355183362, 51.495952930495996], [9.214630263765903, 51.496098810788794], [9.214382544080761, 51.49638710550653], [9.214213673491146, 51.49656842658629], [9.214175494580578, 51.496624850014534], [9.214156082731852, 51.49665670570523], [9.214099660211017, 51.496765193674015], [9.214080460191878, 51.496919809770084], [9.214106985179153, 51.497112544745725], [9.214117580093177, 51.49721143216187], [9.214492267879004, 51.49727260942869], [9.215196879239826, 51.497381847299415], [9.216434016053435, 51.49757557347569], [9.218266129558733, 51.4978617665518], [9.218764944558396, 51.49793837987385], [9.219005962170513, 51.497972004197344], [9.219243997764634, 51.49800084342077], [9.21973520398722, 51.49805836165897], [9.220225279168053, 51.498093449272865], [9.220330725097387, 51.4981027791174], [9.220402243975121, 51.49810557839367], [9.220505177387945, 51.4981108339866], [9.220931346629476, 51.49721669478966], [9.221407035260917, 51.496192762437275], [9.221578084131874, 51.49582036353476], [9.221822768108655, 51.495297746337606], [9.222389311412686, 51.49408762648237], [9.222981904143413, 51.49282179426744], [9.223172019372715, 51.492415675404246], [9.223409015996902, 51.49179384662818], [9.223142745162733, 51.491679521149635], [9.2232646608184, 51.49153255638047], [9.22355102594756, 51.491576666961386], [9.223763411939926, 51.491123305190904], [9.219508878714711, 51.4904551243472], [9.218884982663086, 51.49034783955629], [9.218686304896007, 51.490313627035825], [9.22377639136884, 51.49111975301692], [9.223919416861163, 51.490795479802976], [9.224052026321358, 51.4905278520932], [9.224116847755896, 51.490385502143994], [9.224079554875361, 51.490326051410776], [9.223918300769558, 51.49023574211009], [9.22366028409177, 51.49017008915711], [9.220266889544313, 51.4896188968686], [9.218061836818293, 51.48926066924507], [9.215840272485421, 51.48892896933356]]]]}, "properties": {"schlag_id": 253, "name_sl": "21", "betrieb_name": "Desenberg GbR", "frucht_kurz": "SM", "ha_calc": 45.6031, "inaktiv": 0}}, {"type": "Feature", "geometry": {"type": "MultiPolygon", "coordinates": [[[[9.228877290424663, 51.499597330506695], [9.228908773784402, 51.4996009457594], [9.229240531527564, 51.49962830357099], [9.229708401278776, 51.499666879972125], [9.229855914270267, 51.49967809598922], [9.22992865582945, 51.49968450471596], [9.23011432661179, 51.49969681668274], [9.23021273420474, 51.499703341825516], [9.230279350023109, 51.499705072620166], [9.230302475935492, 51.49970567341567], [9.230532660047077, 51.49971101912056], [9.230600836163894, 51.49971901996009], [9.230780590665681, 51.499736080752726], [9.231157192056722, 51.49980324223463], [9.231505562242909, 51.49985766477525], [9.231698995056943, 51.499866337389356], [9.231720210678013, 51.4998633720853], [9.23179328465136, 51.49985191744002], [9.231871427049382, 51.49983966792635], [9.231966390789285, 51.49981523927613], [9.232088117617646, 51.49978657824741], [9.23224793618536, 51.4997306136851], [9.232437680030692, 51.49961441311933], [9.232441654079398, 51.49961030941766], [9.232609572477447, 51.49948898220484], [9.232680149440215, 51.499427522363725], [9.232730099075305, 51.499378812811536], [9.23284661032862, 51.49924550614538], [9.232986571899282, 51.49904587175369], [9.233085124142113, 51.498858912523445], [9.233127364932486, 51.49875560131767], [9.23314517069424, 51.49871205300463], [9.233149110530572, 51.4987024015452], [9.233150297997287, 51.49869372657085], [9.233155148736508, 51.49863588279238], [9.233066763602322, 51.498604503347046], [9.232931197793526, 51.49855637325957], [9.232907670484215, 51.49854986984679], [9.232390673881985, 51.498414736976805], [9.232234453236492, 51.49836729564095], [9.231991833942637, 51.4983130815879], [9.230735941112428, 51.49800740852801], [9.23070108126792, 51.49799966588203], [9.230355241896412, 51.497914745855006], [9.230295056451652, 51.49789914683587], [9.230192833974883, 51.49787541479609], [9.230124862706328, 51.49786011591144], [9.230124772885821, 51.49786024163814], [9.230127120946015, 51.49786079170316], [9.228881180994602, 51.49959749292518], [9.228877290424663, 51.499597330506695]]]]}, "properties": {"schlag_id": 172, "name_sl": "46", "betrieb_name": "Desenberg GbR", "frucht_kurz": "SM", "ha_calc": 4.2008, "inaktiv": 0}}, {"type": "Feature", "geometry": {"type": "MultiPolygon", "coordinates": [[[[9.203990322847282, 51.503832051774836], [9.204144340354993, 51.50368235692141], [9.204342490116373, 51.50348976679816], [9.204383610952377, 51.50344715452313], [9.204398726410446, 51.50341505972166], [9.204833405878832, 51.50318766604493], [9.20483430963156, 51.503187199795015], [9.204979851216207, 51.503113136275935], [9.206438564223438, 51.50237079935665], [9.206537809999936, 51.50232029177834], [9.206592438909997, 51.50236210340466], [9.206704512803542, 51.50230519044678], [9.206700979469145, 51.502292978050995], [9.205882658355616, 51.50214535890861], [9.20539628365403, 51.50205764576668], [9.20520166834199, 51.502022548072], [9.20480531832999, 51.50195106751199], [9.204090523594447, 51.50182215242082], [9.203544256404289, 51.50174889193566], [9.203541632694652, 51.501751734918585], [9.203541454651049, 51.50175192791825], [9.203481532647508, 51.5018168592947], [9.203435076177486, 51.50185838466477], [9.203118513253619, 51.502141343033244], [9.202731557427093, 51.50252501207446], [9.202728197272242, 51.502528216043345], [9.2025595860031, 51.502682929528476], [9.202284259721427, 51.502935559101395], [9.202273444118187, 51.5029444555646], [9.202138354339722, 51.50304438071974], [9.20208523788131, 51.50308367062366], [9.201748689844381, 51.50336343329512], [9.20157929083794, 51.5035003045209], [9.201982686174956, 51.503555803489746], [9.202464242400467, 51.50362205378569], [9.20330001130358, 51.50373703171241], [9.203527861991304, 51.5037683783164], [9.203990322847282, 51.503832051774836]]]]}, "properties": {"schlag_id": 291, "name_sl": "Stoppelkamp", "betrieb_name": "Desenberg GbR", "frucht_kurz": "SM", "ha_calc": 4.0657, "inaktiv": 0}}, {"type": "Feature", "geometry": {"type": "MultiPolygon", "coordinates": [[[[9.224534513434536, 51.489481317381056], [9.22454311666736, 51.4894540387268], [9.224526416191969, 51.4893827542524], [9.224497222625319, 51.48931123287008], [9.224422924086795, 51.48917155990575], [9.224388704101152, 51.48908610976271], [9.224363460764113, 51.48901730113953], [9.224331123515054, 51.488952948497335], [9.224325639506326, 51.48892297294441], [9.224318327506525, 51.48888300563015], [9.224328121649041, 51.488831181981524], [9.224330491779503, 51.48878656590023], [9.224335509054661, 51.48869211876789], [9.224323151392252, 51.488662830693976], [9.224326645665204, 51.48864031768007], [9.224271643753347, 51.48854397202055], [9.224197774956796, 51.48847754100443], [9.224173876725848, 51.48844792868921], [9.224125660510218, 51.48841026066244], [9.22400947510013, 51.48829720200959], [9.223932693065812, 51.48823848716447], [9.22387019152608, 51.48818974026742], [9.223620159535919, 51.48798919973561], [9.223579065329554, 51.48795262850867], [9.223532580154492, 51.487904961501265], [9.223509296874722, 51.487872798627], [9.223493178118352, 51.48785061753242], [9.223464487599319, 51.48780402709969], [9.223439425517292, 51.48777186769102], [9.223423199387025, 51.48774397627004], [9.223398134652264, 51.48771126137564], [9.223376654886923, 51.48768409266837], [9.2233596033978, 51.487653028498855], [9.223273530088383, 51.48751270223354], [9.223252858573497, 51.4874688730826], [9.223234868991186, 51.487427815423466], [9.223201626037346, 51.48735957699128], [9.22317917577702, 51.487315751302816], [9.223159374906752, 51.487268033364174], [9.223115312541765, 51.48716982954288], [9.223099137311095, 51.48713598724823], [9.223088314992921, 51.487105466491386], [9.223080174551226, 51.4870777170525], [9.223059199933026, 51.48697169515171], [9.223052686665133, 51.48691284605978], [9.223043236874407, 51.48679902800682], [9.22304111119947, 51.48672795401386], [9.223044392554174, 51.48667130741138], [9.223058298270596, 51.48660464534421], [9.22307308524396, 51.4865363156029], [9.223083582221577, 51.48650020127077], [9.223101042819716, 51.486432977134136], [9.223126714624145, 51.48637130921651], [9.223152062876434, 51.486327736871075], [9.2231462269136, 51.486325807919286], [9.223166353173553, 51.486299926243746], [9.223098677635196, 51.48628230235011], [9.22307746725763, 51.48627677878721], [9.223002181469809, 51.48625717292626], [9.22288650847615, 51.486227049302386], [9.222713617604171, 51.48618202479376], [9.222626973983045, 51.48615946079995], [9.222530396994085, 51.48614364077644], [9.22251437663197, 51.486141449966006], [9.222473455231713, 51.48613986169611], [9.222442949243165, 51.48614165151189], [9.222378662187646, 51.48613063408876], [9.22215128374259, 51.48609135103841], [9.22209126583567, 51.48609979765081], [9.222087244878978, 51.486098946418316], [9.222032797349438, 51.4860850379009], [9.221873485845704, 51.4860078179], [9.22184211579445, 51.48598835085952], [9.221791260097895, 51.485955684497895], [9.22173586290289, 51.485911557598534], [9.221610140670812, 51.485838859148856], [9.221545906435539, 51.48579844382253], [9.221483486113488, 51.48576524387216], [9.22141659192799, 51.485726499314836], [9.221360424562809, 51.485698840513855], [9.221298891233353, 51.485665083489145], [9.22124095057008, 51.48563853849138], [9.221168763308135, 51.485608688701376], [9.22111882746934, 51.48558212854664], [9.221095886765495, 51.485570227044654], [9.221058100784841, 51.48553740980713], [9.221043573254875, 51.485541979239485], [9.221018950596426, 51.48552789766924], [9.220945924425692, 51.48555650985006], [9.220895236325322, 51.485582960673916], [9.220928140229711, 51.48561664341714], [9.220933234342569, 51.48562185811505], [9.22092228652861, 51.485639791241745], [9.221415398165734, 51.48613246179127], [9.221936114399151, 51.48669316103166], [9.222374750390244, 51.48719160443936], [9.222530264501414, 51.48740123175282], [9.222567030624074, 51.48748626575481], [9.222704204893637, 51.487661886144366], [9.222786548783386, 51.487775201260405], [9.223097502889546, 51.488177433896375], [9.223199479350551, 51.488277556404135], [9.223200457393196, 51.48828131127426], [9.22320309054414, 51.48828435565424], [9.223203041621868, 51.488288988874665], [9.223205766267426, 51.48829220697834], [9.223171677531116, 51.48847799301318], [9.223919864390233, 51.48908363773863], [9.224530994961105, 51.48953635375806], [9.2245184224349, 51.48947883811904], [9.224534513434536, 51.489481317381056]]]]}, "properties": {"schlag_id": 187, "name_sl": "61", "betrieb_name": "Desenberg GbR", "frucht_kurz": "SM", "ha_calc": 2.3219, "inaktiv": 0}}, {"type": "Feature", "geometry": {"type": "MultiPolygon", "coordinates": [[[[9.22060645483629, 51.49812915930327], [9.220798937694797, 51.49813064543577], [9.221509227733694, 51.498136126880496], [9.222009444483762, 51.498124871013864], [9.222510601595108, 51.49811359250984], [9.222779396478856, 51.49810085975868], [9.223575357468583, 51.49804440455077], [9.225630538816933, 51.497802385035214], [9.22649878612336, 51.49586535596059], [9.227346976033072, 51.493930561777304], [9.227709391833857, 51.49310381069773], [9.227876687911952, 51.49273660341209], [9.228417745484206, 51.491548964032496], [9.228463545917785, 51.49144842768706], [9.228441459757434, 51.491449171181934], [9.227793823417246, 51.49140248400762], [9.227713554521081, 51.49139493486792], [9.227615545337924, 51.491393360127525], [9.22746446993304, 51.491411621444406], [9.227212736342953, 51.49147699578916], [9.22710254035004, 51.49147515658836], [9.227042274355401, 51.491479617049464], [9.22685329653938, 51.49142429304809], [9.226653009177626, 51.49130389740265], [9.226433777023889, 51.49123341447377], [9.226265551663884, 51.491216599033834], [9.226028490888515, 51.49115066173031], [9.225552285971691, 51.49094382715085], [9.225122616780236, 51.49078294828652], [9.224820674390308, 51.49066729079222], [9.224648171977918, 51.49058680320364], [9.224293412484974, 51.4904200625909], [9.22418312894974, 51.49050688500983], [9.224143640497024, 51.490549219965736], [9.224065126942532, 51.490630758110434], [9.223923829414353, 51.49091439305258], [9.223889430899153, 51.490993897523516], [9.223699458981724, 51.491399717672124], [9.223676797487938, 51.49144943352082], [9.223647000187919, 51.491514804761586], [9.223235009464714, 51.49241862993563], [9.222484620812443, 51.49403391522802], [9.221966646341127, 51.4951229483562], [9.221832168889518, 51.49541728950192], [9.221601989854246, 51.495912472231225], [9.221490031422228, 51.496136537499716], [9.221365716493311, 51.49640398913438], [9.221255215685513, 51.49664819764084], [9.22119513798716, 51.49677988829949], [9.220891906216911, 51.49744456730558], [9.220802828822762, 51.49761494771866], [9.220791309990267, 51.49763972786537], [9.22152596837342, 51.497737230429415], [9.221522787977502, 51.49799940480119], [9.221023706631915, 51.497957560306695], [9.220653907153297, 51.497939701507704], [9.22060645483629, 51.49812915930327]]]]}, "properties": {"schlag_id": 283, "name_sl": "10", "betrieb_name": "Desenberg GbR", "frucht_kurz": "SW", "ha_calc": 25.7668, "inaktiv": 0}}, {"type": "Feature", "geometry": {"type": "MultiPolygon", "coordinates": [[[[9.221232071012317, 51.501155279930124], [9.221329295263486, 51.501147474915705], [9.221731988913746, 51.501077806377396], [9.221771738387334, 51.501076488950524], [9.221802744937861, 51.501065564938216], [9.22218023667681, 51.501000254792295], [9.222273344258042, 51.500984145982194], [9.222703384914062, 51.500902865785385], [9.222862755608384, 51.500852121481415], [9.223202702525246, 51.50073704033976], [9.223890393116893, 51.500498733003674], [9.223975866984263, 51.50046596691999], [9.224112049348559, 51.500409363962966], [9.224123034377467, 51.50040548879804], [9.224190768009008, 51.50038551427347], [9.224198373523494, 51.50038354222829], [9.224257660689803, 51.50037019883524], [9.224281333842711, 51.500367115337795], [9.224384071345712, 51.50036291580072], [9.224794380350858, 51.5003378329098], [9.22500895362549, 51.500324058572566], [9.225009685291516, 51.50032401360877], [9.225295114591118, 51.500307220083144], [9.225433663187815, 51.500288825279355], [9.22559649286643, 51.50022287153157], [9.22569559429713, 51.50017332765753], [9.225710738526683, 51.50016725526191], [9.225832697463762, 51.500128901754906], [9.225853863308421, 51.50012427845183], [9.225974033724809, 51.500108560447465], [9.22598507981915, 51.50010757490122], [9.226005220778239, 51.50010847677647], [9.22611026477132, 51.50011317960624], [9.226124144025977, 51.50007519196481], [9.226139947747491, 51.50003193829132], [9.226167936601433, 51.49995533444313], [9.2261689634432, 51.49995252400245], [9.22604737836937, 51.4999462178898], [9.22604165707385, 51.49994580096461], [9.226028676446564, 51.49994458010592], [9.225331176028243, 51.499878978330514], [9.225267347941864, 51.49987297497535], [9.224850510278937, 51.49983500916222], [9.22484722650774, 51.49983466967611], [9.224709925661505, 51.49981877279825], [9.224708999761264, 51.499818662431714], [9.224501744152489, 51.49979320339764], [9.224489532232898, 51.49979111329404], [9.224413545713606, 51.49977428590426], [9.224409492051125, 51.499773315986644], [9.224367113394596, 51.49976240676173], [9.224293846681547, 51.49974354764398], [9.224120781653465, 51.49969899980666], [9.223667162640833, 51.49961490055526], [9.223667161619128, 51.49961490046719], [9.223621850927689, 51.49960649938403], [9.223617301171156, 51.49960556953503], [9.223501329378102, 51.49957962649838], [9.223319228745508, 51.49953889001142], [9.222893038577336, 51.49944683405026], [9.222721497781901, 51.49941023512322], [9.222550918462932, 51.49940762184813], [9.22244614447204, 51.49940601646169], [9.2224397042239, 51.49940576749507], [9.222244571943984, 51.49939364446184], [9.222234638896582, 51.49939266031956], [9.2220819196019, 51.499371781512124], [9.222072330400769, 51.49937010397247], [9.221968357245764, 51.499347809795985], [9.221966336651487, 51.49934735893831], [9.221932345044465, 51.49933947623298], [9.221813546980123, 51.499311926860685], [9.221812484365898, 51.499311675519344], [9.22151511742982, 51.49923992441137], [9.221351817168205, 51.4992058328781], [9.221315318595892, 51.49919821311641], [9.220899302624979, 51.499117432689516], [9.220892609083325, 51.49911594202041], [9.220747086879642, 51.49907925709273], [9.220734201110462, 51.49908206352479], [9.220450431720108, 51.4991438685631], [9.22043827854759, 51.499145909842824], [9.22035133365341, 51.49915634693967], [9.220286367835753, 51.499164145553785], [9.220277282098285, 51.49916492699093], [9.220186467394184, 51.499169690862374], [9.219948447804052, 51.49920444477925], [9.219946266247499, 51.49920474479144], [9.219861737933423, 51.49921565705522], [9.219852588200855, 51.49921652245975], [9.219831416588121, 51.49921780621823], [9.21971949049471, 51.499224592812595], [9.219712207533714, 51.49922484144681], [9.219546184629605, 51.49922613001154], [9.219540373238901, 51.49922605304923], [9.219463127230297, 51.4992234069743], [9.219252538774997, 51.49921619301275], [9.21925281143925, 51.49921309235165], [9.219228414036198, 51.499211895772305], [9.219214278858944, 51.499236173861775], [9.219081322260156, 51.49922536187715], [9.218943912420514, 51.49920971927724], [9.218728288347076, 51.49918234839054], [9.218599387680193, 51.49916664271795], [9.218275232922643, 51.499681113935246], [9.218233612317318, 51.499746535404704], [9.21807280828523, 51.4998809457], [9.217464054621225, 51.50024593299698], [9.216677241455637, 51.50069350632862], [9.216585915987801, 51.50084323674181], [9.216572760868118, 51.500987259488106], [9.216699297533461, 51.50118844839467], [9.218422227120021, 51.50083924074536], [9.220802180627397, 51.500360054516335], [9.22080547129947, 51.500366052153645], [9.220817754053337, 51.500363576970535], [9.221133815143759, 51.50096190735197], [9.221232071012317, 51.501155279930124]]]]}, "properties": {"schlag_id": 248, "name_sl": "41", "betrieb_name": "Desenberg GbR", "frucht_kurz": "SW", "ha_calc": 8.0823, "inaktiv": 0}}, {"type": "Feature", "geometry": {"type": "MultiPolygon", "coordinates": [[[[9.210277934271407, 51.50083961381717], [9.211027266579896, 51.50081706275054], [9.213322815458866, 51.500743084596536], [9.213323286158216, 51.50074793475785], [9.213336872800223, 51.50074752520435], [9.21333672181461, 51.5007432670237], [9.213375402471932, 51.500743196660665], [9.213391117344322, 51.50074316807048], [9.213391302920668, 51.500745885922576], [9.213394424642125, 51.500739664190625], [9.214696309457278, 51.50070565535802], [9.215193675757433, 51.50069158807557], [9.21651514522574, 51.500651759318586], [9.217016907790308, 51.50039298770575], [9.217501996348682, 51.50013179271571], [9.217758947800455, 51.499981253796236], [9.217991816553115, 51.499835796664016], [9.217997172619437, 51.499826819796176], [9.217947824649986, 51.499804758375554], [9.21787806873426, 51.499788227926786], [9.217849886815785, 51.49978242935389], [9.216248420419504, 51.499452909008525], [9.216033931539208, 51.49940877355527], [9.2160252652721, 51.499403213997276], [9.215789474897498, 51.49925195205049], [9.215598829678502, 51.49915592283339], [9.215466664094778, 51.49909752716575], [9.215335033887193, 51.49904056668168], [9.215215000294823, 51.49898862415981], [9.214592155324551, 51.49898208926813], [9.214561244018242, 51.49898176493924], [9.214523447627608, 51.49898466368724], [9.21441109082507, 51.49896458909695], [9.214298997328571, 51.49893520842449], [9.21421129608741, 51.49890139594173], [9.21419641518652, 51.498894803415354], [9.214149063645342, 51.49887615190481], [9.214092338171836, 51.49883263644688], [9.214077877642305, 51.49881490406794], [9.21404193290007, 51.4987836010478], [9.214038798930208, 51.49875856021685], [9.214021430755498, 51.49872441788801], [9.214029495722269, 51.49868421928611], [9.214028130868787, 51.498673317067436], [9.214033416364611, 51.49866467540106], [9.214034085056616, 51.49866134452875], [9.214041975883328, 51.49865068318024], [9.214096650626068, 51.49856129766661], [9.214362637330755, 51.49822499739492], [9.214365628401463, 51.49821647852735], [9.214377482929029, 51.49815193562709], [9.214377916460233, 51.498144331607264], [9.214381605180094, 51.49807963245135], [9.214234379638617, 51.49786498591128], [9.21420616088, 51.497823844303895], [9.21412589972127, 51.49774516983858], [9.21408010482419, 51.49768105854526], [9.213970575704112, 51.49762104505005], [9.213702771460472, 51.49751280167482], [9.213363217330457, 51.49739274519452], [9.213258781024651, 51.49735581927387], [9.2130285895357, 51.497274275030406], [9.212860505683594, 51.497214234630334], [9.212723056414703, 51.49723255931181], [9.21245392971882, 51.49756933900083], [9.21220579212256, 51.497936431534306], [9.21172525902122, 51.498647561729626], [9.211250261046969, 51.49935453465213], [9.210783755533635, 51.500048841914364], [9.210747871445971, 51.50010224769789], [9.210300535685217, 51.50076800108036], [9.210281316671855, 51.50082889771502], [9.210277934271407, 51.50083961381717]]]]}, "properties": {"schlag_id": 266, "name_sl": "Am Hof", "betrieb_name": "Desenberg GbR", "frucht_kurz": "SW", "ha_calc": 10.6306, "inaktiv": 0}}, {"type": "Feature", "geometry": {"type": "MultiPolygon", "coordinates": [[[[9.203537374187759, 51.49912084665864], [9.2029677450656, 51.499715569452114], [9.203103773259906, 51.4996165280904], [9.202609474102903, 51.4999768223597], [9.202545930735416, 51.50007677598038], [9.20219550651841, 51.50041685045447], [9.202036998093014, 51.500746608059806], [9.203750876463994, 51.501232867418935], [9.20349616909141, 51.50151287278818], [9.204888099853449, 51.501796035822935], [9.205253431783142, 51.50187035265148], [9.205266690751268, 51.50187357926343], [9.205265243479888, 51.5018759277475], [9.205430037635562, 51.5019034024351], [9.206403363935701, 51.502065671051035], [9.206762279183144, 51.50213985435151], [9.206717507858652, 51.50219207108045], [9.206681021680827, 51.502223996749265], [9.206614354746856, 51.502274929015506], [9.206629959849229, 51.50228016690348], [9.206700979463243, 51.5022929780528], [9.206704512804116, 51.502305190447494], [9.206975759018576, 51.502297010686775], [9.207313014887673, 51.50228683974506], [9.208663399467017, 51.50224607186646], [9.208933793595556, 51.502237910690205], [9.20916913430251, 51.50222851567916], [9.209288198124469, 51.50205172221307], [9.20946291800671, 51.501792158189076], [9.209559481840454, 51.50164853490929], [9.209566507793207, 51.501638081959996], [9.209785804955606, 51.50131183134948], [9.210165746436013, 51.50074567393453], [9.211228510441128, 51.49917393202205], [9.211342835571047, 51.4990048474004], [9.211544140932993, 51.49870710353571], [9.211631542706497, 51.49857785831176], [9.211701440706447, 51.498474771077646], [9.21177378002844, 51.498368083431984], [9.21217107457192, 51.497782133080655], [9.212438177595873, 51.49737938945375], [9.212550788556198, 51.497173871472654], [9.212531055512404, 51.49716401574553], [9.212451081353544, 51.49712407233693], [9.212373336698624, 51.497106086893375], [9.21220398710056, 51.49706692243131], [9.211407072450543, 51.496882620455175], [9.21140562900409, 51.496882277455384], [9.210886967845981, 51.49675569937424], [9.210270250038539, 51.49662154392618], [9.21000157838543, 51.496571037330405], [9.209857914404662, 51.496544393203195], [9.2090542693816, 51.496410645245916], [9.208907934928055, 51.49638732779853], [9.208104650701511, 51.49625932578692], [9.20772023832325, 51.49619806813132], [9.207718859585686, 51.49619784080062], [9.20766879158426, 51.496164055415605], [9.207615135337642, 51.49612424498959], [9.20729593371654, 51.496069860724866], [9.206674726785671, 51.49596400895616], [9.206633513024691, 51.495956990719364], [9.205003943786878, 51.49569341899611], [9.204988351451068, 51.4957110656107], [9.204941335026074, 51.49576427487111], [9.204821959839007, 51.49602218733239], [9.20464647812655, 51.49640131487214], [9.204434298926971, 51.49685971656644], [9.20411841401621, 51.49754215239932], [9.20410423090425, 51.497587826408456], [9.20406828844049, 51.497650441059434], [9.204033061565063, 51.49772654298101], [9.204183629082376, 51.49775713260674], [9.203967814319324, 51.49820695644847], [9.203967795242118, 51.49820699644169], [9.20360080216736, 51.498971900536084], [9.203539714143345, 51.49911535183299], [9.203537374187759, 51.49912084665864]]]]}, "properties": {"schlag_id": 245, "name_sl": "Desenberg", "betrieb_name": "Desenberg GbR", "frucht_kurz": "SW", "ha_calc": 33.4533, "inaktiv": 0}}, {"type": "Feature", "geometry": {"type": "MultiPolygon", "coordinates": [[[[9.227196669770514, 51.474994409315336], [9.22516819035409, 51.47528947076571], [9.22261517205706, 51.47557943145254], [9.221431142041578, 51.475769706183684], [9.21995554471456, 51.47592412549208], [9.219218019299639, 51.47605894874114], [9.218267011584066, 51.47623662365879], [9.217490885216465, 51.47642609645913], [9.21761684695339, 51.47839710885423], [9.21933533323572, 51.4782361983924], [9.220568353805463, 51.47811863704573], [9.221267467832455, 51.478068793299265], [9.222714345921476, 51.47798719677848], [9.223593663212588, 51.477051451064106], [9.224202627371291, 51.47644981292136], [9.224202627371291, 51.47644981292136], [9.227196669770514, 51.474994409315336]]]]}, "properties": {"schlag_id": 150, "name_sl": "33 Morgen", "betrieb_name": "Desenberg GbR", "frucht_kurz": "WG", "ha_calc": 12.0541, "inaktiv": 0}}, {"type": "Feature", "geometry": {"type": "MultiPolygon", "coordinates": [[[[9.232332439377709, 51.47179366085381], [9.232255774738572, 51.47095732361352], [9.232210444466997, 51.47067927389919], [9.23219022848341, 51.470392352572894], [9.23204895013325, 51.47026964894757], [9.231570224742756, 51.47017103894179], [9.231238457859993, 51.470150982390784], [9.231105088355053, 51.4701576835264], [9.230792035367353, 51.47019014557049], [9.230122529786257, 51.47025536395059], [9.229779581110124, 51.47033276810193], [9.229736307916157, 51.47034701968279], [9.229694868493018, 51.470360664233425], [9.229463038241636, 51.470417128411036], [9.22917859067561, 51.47050005262218], [9.229238036344414, 51.47070270951952], [9.229173836379648, 51.4707174140483], [9.228972279521177, 51.4708064013192], [9.228716367649218, 51.470899613152746], [9.228598857641673, 51.47093375967971], [9.228531946791902, 51.4709428043423], [9.228463691882679, 51.4709364003465], [9.228419817974219, 51.47091983612062], [9.228378634147889, 51.47087720824793], [9.228366091804755, 51.47083551849124], [9.228381940809813, 51.470785559644156], [9.228383268634039, 51.47074870890424], [9.228551462780004, 51.47062647784443], [9.228762145066463, 51.47056017331232], [9.229040070628237, 51.47048683371809], [9.22938902031454, 51.47038432815101], [9.229854973499549, 51.47025391766722], [9.22982925003759, 51.470169698519854], [9.229466765868795, 51.470196744630364], [9.228652038701117, 51.470328836159695], [9.227655029648208, 51.47046359532532], [9.227185466317247, 51.47051901606837], [9.226885903001916, 51.470593188271046], [9.226543491521541, 51.47066744272302], [9.226061725854324, 51.47072189548423], [9.225751182662902, 51.47074256556768], [9.22544713725623, 51.47078918407162], [9.22519004353935, 51.47087160341816], [9.225141880202406, 51.47089265147375], [9.225133143345493, 51.470896468968974], [9.22512224601087, 51.47089803627206], [9.225040719651078, 51.47090976609237], [9.224941998481006, 51.470938325311934], [9.224732619769178, 51.47099621485731], [9.224528181606251, 51.47101896291516], [9.224262252047557, 51.47101628093051], [9.223803594570406, 51.470976681106535], [9.223314681210377, 51.47101975065988], [9.222972570372146, 51.471111680963524], [9.223299258969657, 51.47131472399852], [9.224195063742929, 51.47169749036311], [9.224727473074482, 51.471922943156834], [9.22596985149402, 51.47246303502653], [9.226398822460462, 51.47262626122742], [9.226704785056082, 51.47270915472086], [9.228205525790205, 51.47314622120802], [9.23057654118737, 51.47379227393431], [9.23169989571444, 51.47411998225953], [9.231701275757446, 51.47411911329055], [9.231791387382511, 51.47386566113838], [9.231923319915742, 51.47360142449259], [9.232015067400166, 51.473466917392365], [9.232066923194111, 51.47338473229421], [9.23209433022588, 51.47334871242202], [9.232193858074446, 51.47319273405144], [9.23235541171913, 51.47286702430056], [9.23236604749992, 51.47284557249131], [9.23236911215932, 51.47283940949507], [9.232382704575047, 51.47281200118205], [9.232382721337984, 51.472811961417236], [9.23240894620241, 51.47271821129747], [9.232412872749391, 51.472594662143514], [9.232332439377709, 51.47179366085381]]]]}, "properties": {"schlag_id": 160, "name_sl": "40 Morgen", "betrieb_name": "Desenberg GbR", "frucht_kurz": "WG", "ha_calc": 16.3772, "inaktiv": 0}}, {"type": "Feature", "geometry": {"type": "MultiPolygon", "coordinates": [[[[9.301830289742103, 51.460111256370325], [9.303366930809437, 51.46044337987644], [9.303597225241656, 51.4604756387351], [9.30376246177852, 51.46047987701638], [9.303856528619574, 51.46045946965678], [9.304089642086796, 51.46033563880812], [9.301930526539044, 51.45985495620671], [9.301830289742103, 51.460111256370325]]]]}, "properties": {"schlag_id": 49, "name_sl": "Auf dem Graben", "betrieb_name": "Desenberg GbR", "frucht_kurz": "WG", "ha_calc": 0.4201, "inaktiv": 0}}, {"type": "Feature", "geometry": {"type": "MultiPolygon", "coordinates": [[[[9.233844097623761, 51.4758440786893], [9.234032464829104, 51.47563166661438], [9.234243302084437, 51.47539601931272], [9.234527157486237, 51.47547294010847], [9.234812758696213, 51.47515756829152], [9.235075101900772, 51.47486049359252], [9.234944005990917, 51.47482950092947], [9.233697641633222, 51.47458310039084], [9.23243295883461, 51.47437260677323], [9.232255369927794, 51.474357232082724], [9.231649634578616, 51.474435315486495], [9.230755553793522, 51.47453776046435], [9.230747090278372, 51.47457010259471], [9.231027810915894, 51.47463689303045], [9.231905138517577, 51.474860399236846], [9.232143682713676, 51.47491715273601], [9.232504668229009, 51.47502325932309], [9.232612252218452, 51.47507838402598], [9.232704164673581, 51.475125482247044], [9.232786603142507, 51.47520200506204], [9.232870006476205, 51.47538016450665], [9.232890410334473, 51.47550801472899], [9.233012039622126, 51.475571683981165], [9.233313335993682, 51.475716175541315], [9.233500525556414, 51.475774038395855], [9.23350149025251, 51.475775059198256], [9.23351409303463, 51.47575849991495], [9.233844097623761, 51.4758440786893]]]]}, "properties": {"schlag_id": 17, "name_sl": "Baumgarten", "betrieb_name": "Desenberg GbR", "frucht_kurz": "WG", "ha_calc": 2.1763, "inaktiv": 0}}, {"type": "Feature", "geometry": {"type": "MultiPolygon", "coordinates": [[[[9.318903003938733, 51.45521147570014], [9.31895971640463, 51.4559762100656], [9.319205158032727, 51.45605690096795], [9.319550867042647, 51.45615552984547], [9.319899837215942, 51.45616950122515], [9.320311604400418, 51.4561767148507], [9.320173756998251, 51.45479131799456], [9.319752193326767, 51.45479895717386], [9.31939841832423, 51.4548729434677], [9.318944887815652, 51.45498800625772], [9.318941837277604, 51.45503948967744], [9.318903003938733, 51.45521147570014]]]]}, "properties": {"schlag_id": 320, "name_sl": "Bodenberg", "betrieb_name": "Desenberg GbR", "frucht_kurz": "WG", "ha_calc": 1.2817, "inaktiv": 0}}, {"type": "Feature", "geometry": {"type": "MultiPolygon", "coordinates": [[[[9.305271839041804, 51.4684428399577], [9.305642355096964, 51.46858227966018], [9.308221064868802, 51.469452786175076], [9.3089211892403, 51.46982666071097], [9.309585670689474, 51.46954521119744], [9.31079950942111, 51.469185201133996], [9.311589348888951, 51.46902721495621], [9.312159945880316, 51.46898053641104], [9.313722290757427, 51.46892681511942], [9.313562311720135, 51.469556850324324], [9.314537863099677, 51.46960780235644], [9.314881988583762, 51.46888750263459], [9.315870743171935, 51.46907304127962], [9.316168372553625, 51.46842575302165], [9.315578076306801, 51.46828834196029], [9.315069008996492, 51.46815031490634], [9.314063213084518, 51.46806713523844], [9.313143916759838, 51.4680600698021], [9.311960861314391, 51.46812935128926], [9.311863130654363, 51.46845248514246], [9.30954025112434, 51.46859321253537], [9.30956183234819, 51.468295835940275], [9.309231656839208, 51.468302178259655], [9.308596230439425, 51.4681816066957], [9.307943418498636, 51.46800478829427], [9.307446389314626, 51.467889622537776], [9.307107587308934, 51.468004596365866], [9.306761455160373, 51.46810578146806], [9.305916287212911, 51.46813091741384], [9.305371703780065, 51.46829697604317], [9.305271839041804, 51.4684428399577]]]]}, "properties": {"schlag_id": 156, "name_sl": "Knübel I", "betrieb_name": "Desenberg GbR", "frucht_kurz": "WG", "ha_calc": 7.9297, "inaktiv": 0}}, {"type": "Feature", "geometry": {"type": "MultiPolygon", "coordinates": [[[[9.310039756679108, 51.47032976370317], [9.310989561800426, 51.47079707159133], [9.311276245846782, 51.4707484929545], [9.311809636967991, 51.47053155759349], [9.312083052503732, 51.47040024235994], [9.312406808012478, 51.4701846138522], [9.312892243304985, 51.470100208467976], [9.313626182276565, 51.46999263748657], [9.314362055794069, 51.47003344639266], [9.314498416646593, 51.46968279307562], [9.31380950467419, 51.46963802067474], [9.313438643195822, 51.469648825950195], [9.312267634229539, 51.46979647548838], [9.311146933188049, 51.46997984811286], [9.310347522998777, 51.470199507614545], [9.310039756679108, 51.47032976370317]]]]}, "properties": {"schlag_id": 318, "name_sl": "Knübel II", "betrieb_name": "Desenberg GbR", "frucht_kurz": "WG", "ha_calc": 1.6042, "inaktiv": 0}}, {"type": "Feature", "geometry": {"type": "MultiPolygon", "coordinates": [[[[9.222717828956567, 51.477990832958625], [9.221333028869623, 51.47806165277516], [9.221333028869623, 51.47806165277516], [9.22098847810475, 51.47812331704751], [9.220345076000559, 51.47818913278986], [9.220241743115649, 51.478214450304996], [9.218782662966218, 51.47837869331542], [9.217645175465094, 51.47848848535619], [9.217728468221354, 51.47908051170369], [9.217900946785932, 51.479090957361166], [9.219021826616228, 51.47911039718086], [9.219038983129842, 51.479092420155006], [9.21913094427056, 51.47909224786248], [9.219182741422625, 51.47910650669934], [9.219815095551649, 51.47913044257606], [9.220769297349063, 51.47915017889163], [9.221436242947819, 51.47919557458672], [9.22151636039629, 51.479123643286286], [9.221802499566778, 51.47886828345258], [9.222403120605842, 51.47827855021801], [9.222717828956567, 51.477990832958625]]]]}, "properties": {"schlag_id": 140, "name_sl": "mittlerer Diemelberg", "betrieb_name": "Desenberg GbR", "frucht_kurz": "WG", "ha_calc": 3.0039, "inaktiv": 0}}, {"type": "Feature", "geometry": {"type": "MultiPolygon", "coordinates": [[[[9.312604480233464, 51.465614091084], [9.312887795711745, 51.46567834858493], [9.313390619811472, 51.46583314111071], [9.31428584978833, 51.466032794222805], [9.31489625112906, 51.466177908672314], [9.31527427835054, 51.4662606860978], [9.315442764722926, 51.46605689900741], [9.31550376255488, 51.46586695632726], [9.315289599493878, 51.46567181545489], [9.314916111032932, 51.46543623537758], [9.314481183448974, 51.46511330313764], [9.314092885345591, 51.46481937229031], [9.313660345516524, 51.46448673865837], [9.313460453352475, 51.46440544206855], [9.312897113967594, 51.46434367729513], [9.312604480233464, 51.465614091084]]]]}, "properties": {"schlag_id": 59, "name_sl": "Rosenberg", "betrieb_name": "Desenberg GbR", "frucht_kurz": "WG", "ha_calc": 2.2628, "inaktiv": 0}}, {"type": "Feature", "geometry": {"type": "MultiPolygon", "coordinates": [[[[9.32655318436622, 51.45629078424372], [9.32666677817142, 51.458095056096205], [9.32835486067558, 51.45803304461498], [9.328215872444831, 51.45628214799701], [9.32783692378247, 51.45628326345851], [9.32655318436622, 51.45629078424372]]]]}, "properties": {"schlag_id": 40, "name_sl": "Saulen", "betrieb_name": "Desenberg GbR", "frucht_kurz": "WG", "ha_calc": 2.3052, "inaktiv": 0}}, {"type": "Feature", "geometry": {"type": "MultiPolygon", "coordinates": [[[[9.335551245034614, 51.45718476859045], [9.335583851933519, 51.45733568464914], [9.335738808564505, 51.45746678836992], [9.335994213774105, 51.457577538173695], [9.338143559692433, 51.45760157164862], [9.338413448573602, 51.45757769463693], [9.338418020536283, 51.45736206745375], [9.338376546044708, 51.457018627327564], [9.335551245034614, 51.45718476859045]]]]}, "properties": {"schlag_id": 83, "name_sl": "Schulzen Deich", "betrieb_name": "Desenberg GbR", "frucht_kurz": "WG", "ha_calc": 1.0333, "inaktiv": 0}}, {"type": "Feature", "geometry": {"type": "MultiPolygon", "coordinates": [[[[9.311522796889388, 51.4530232521217], [9.31209981750153, 51.453349689119435], [9.312841354188905, 51.45370661108227], [9.313217057406819, 51.45384910783423], [9.313701484147282, 51.45398521102615], [9.313777044529765, 51.45303197423831], [9.311522796889388, 51.4530232521217]]]]}, "properties": {"schlag_id": 142, "name_sl": "Tinkenber I", "betrieb_name": "Desenberg GbR", "frucht_kurz": "WG", "ha_calc": 0.9365, "inaktiv": 0}}, {"type": "Feature", "geometry": {"type": "MultiPolygon", "coordinates": [[[[9.311372710898311, 51.452333137830585], [9.311535890446542, 51.4526884749994], [9.31174801978221, 51.45279653429417], [9.311911085883164, 51.452877015937936], [9.312231642130728, 51.45290809158575], [9.313749689722954, 51.45289734155842], [9.313782488742117, 51.4524430260567], [9.313567608039307, 51.45238877663786], [9.313314006425323, 51.45233764461829], [9.313004481689143, 51.45231636504368], [9.312707320910993, 51.452304884178], [9.311372710898311, 51.452333137830585]]]]}, "properties": {"schlag_id": 8, "name_sl": "Tinkenberg II", "betrieb_name": "Desenberg GbR", "frucht_kurz": "WG", "ha_calc": 0.9698, "inaktiv": 0}}, {"type": "Feature", "geometry": {"type": "MultiPolygon", "coordinates": [[[[9.231668053564977, 51.487012341046615], [9.23407927804258, 51.48806468074711], [9.234977002883918, 51.48708092984026], [9.235908135123926, 51.48604297527503], [9.233527174778528, 51.48500307457442], [9.232671117339724, 51.48591618750752], [9.23193162749901, 51.48673878208756], [9.23193162749901, 51.48673878208756], [9.231668053564977, 51.487012341046615]]]]}, "properties": {"schlag_id": 243, "name_sl": "Wackenmuhle I", "betrieb_name": "Desenberg GbR", "frucht_kurz": "WG", "ha_calc": 5.2279, "inaktiv": 0}}, {"type": "Feature", "geometry": {"type": "MultiPolygon", "coordinates": [[[[9.234299708592884, 51.48794937911358], [9.234141515007046, 51.48812433596908], [9.233845486050221, 51.488383141581956], [9.233885172416002, 51.4884746725704], [9.23404858799026, 51.48852719842519], [9.23477339786022, 51.48861046092975], [9.235597198086749, 51.48861357851137], [9.235808447607534, 51.48861469750462], [9.23576160558058, 51.48859403834954], [9.235808447607528, 51.48861469750359], [9.236991705391402, 51.48862094446651], [9.23715749131377, 51.488440575464956], [9.237072133129992, 51.48840294600644], [9.237157490176667, 51.488440574389784], [9.237313672784742, 51.48826876575387], [9.237459988930667, 51.48811064014026], [9.236407432339822, 51.48765043761469], [9.235097288699372, 51.48706551985812], [9.234963410693993, 51.48722485357771], [9.234799483236616, 51.48740099589353], [9.234915200581003, 51.487452016421166], [9.234799480631663, 51.48740099585986], [9.234609381814849, 51.48761223929564], [9.234485670065341, 51.487744430843456], [9.234299708592884, 51.48794937911358]]]]}, "properties": {"schlag_id": 204, "name_sl": "Wackenmuhle III", "betrieb_name": "Desenberg GbR", "frucht_kurz": "WG", "ha_calc": 2.5654, "inaktiv": 0}}, {"type": "Feature", "geometry": {"type": "MultiPolygon", "coordinates": [[[[9.209386498220034, 51.48355173262492], [9.209386498221686, 51.483551732984125], [9.209400143563379, 51.483552041891485], [9.209410893834368, 51.48355302770475], [9.2092172593058, 51.48352380579374], [9.20921559153583, 51.48354786370746], [9.209386498220034, 51.48355173262492]]], [[[9.209705763769964, 51.48749394424199], [9.211866472813767, 51.48776475775599], [9.212751159317822, 51.48595399300117], [9.212820258182388, 51.48575639163789], [9.212797887570591, 51.48562732188406], [9.212782287776934, 51.4854914445146], [9.212214338997335, 51.48540583740551], [9.211769319219671, 51.485341801216016], [9.210608421862739, 51.48517415407013], [9.210341278939637, 51.48513511366251], [9.209964714919117, 51.48508007988548], [9.209261774962512, 51.48499579605601], [9.209008599389906, 51.48496821832444], [9.20894643162466, 51.48539654618462], [9.208640078663127, 51.4873102718226], [9.208631869842682, 51.487359331198064], [9.209705763769964, 51.48749394424199]]]]}, "properties": {"schlag_id": 226, "name_sl": "Wald-oben", "betrieb_name": "Desenberg GbR", "frucht_kurz": "WG", "ha_calc": 6.7178, "inaktiv": 0}}, {"type": "Feature", "geometry": {"type": "MultiPolygon", "coordinates": [[[[9.22986236126907, 51.47465919859201], [9.229240408033423, 51.47474640984786], [9.228519310987203, 51.474833811576076], [9.228194519507257, 51.47486884196476], [9.227941364164758, 51.47491061108364], [9.2276331639759, 51.474959366048395], [9.228443450665502, 51.47526063361796], [9.229105416053452, 51.47552304507768], [9.22991852985522, 51.4758444888724], [9.230831584925177, 51.47620536652521], [9.231042116449492, 51.47596865371729], [9.2311291349917, 51.47587140792894], [9.231222023125284, 51.475767675504905], [9.231471310468148, 51.47548396363842], [9.231662867731822, 51.47525321916821], [9.231900544519831, 51.474966901636215], [9.231910728207705, 51.47492049458885], [9.230630237941666, 51.474563046240625], [9.22986236126907, 51.47465919859201]]]]}, "properties": {"schlag_id": 289, "name_sl": "Woth", "betrieb_name": "Desenberg GbR", "frucht_kurz": "WG", "ha_calc": 2.7337, "inaktiv": 0}}, {"type": "Feature", "geometry": {"type": "MultiPolygon", "coordinates": [[[[9.23929163070203, 51.47145494085402], [9.239633733109908, 51.47121527059667], [9.239624684853467, 51.471213546757866], [9.239680550747684, 51.471168869276994], [9.240021144083057, 51.470896485049074], [9.240207706739083, 51.47076539644116], [9.239727698588817, 51.4706012794827], [9.239065591713572, 51.47036874049441], [9.238469812742329, 51.47018077761831], [9.237059051944108, 51.470011664579566], [9.236860629380836, 51.469981110013265], [9.236056229821497, 51.469917383566155], [9.235557512122154, 51.46976120589036], [9.235004322108216, 51.46982737217887], [9.234474837181347, 51.469914806540615], [9.234166165154868, 51.469957836326145], [9.233929315369629, 51.469962793396284], [9.23929163070203, 51.47145494085402]]], [[[9.232367271817807, 51.471209640607675], [9.23237333559022, 51.471239537419024], [9.232377554132986, 51.47127797595562], [9.232453748031455, 51.47197222930351], [9.23247652318158, 51.47256241323275], [9.232445128588713, 51.472784219346615], [9.232372844729491, 51.472960403796364], [9.232270831935876, 51.47315357424284], [9.232176889247164, 51.47333487967233], [9.232200587786405, 51.47337967247016], [9.232788121685733, 51.47352619652103], [9.232790855925161, 51.47355779226434], [9.232807245024254, 51.47374717699269], [9.232466078342595, 51.47389395262436], [9.23194981045591, 51.473816310074135], [9.231854501694638, 51.47394761174784], [9.231981365052166, 51.47412342577152], [9.232401851279047, 51.474238719320205], [9.233208848355199, 51.47440083173112], [9.234796730756447, 51.47468501459171], [9.234841413200588, 51.47446517692966], [9.234847340145567, 51.47418999553831], [9.23501040867801, 51.47408355998257], [9.23503763835052, 51.47406578698583], [9.235522795022286, 51.47415653415619], [9.235706671840573, 51.47421119762399], [9.235955029281435, 51.4739538719613], [9.236239555739646, 51.47359099105178], [9.2365971325601, 51.47315458312714], [9.237268120468881, 51.47280488919134], [9.237101214312533, 51.472649084764505], [9.237188668058014, 51.47252049496928], [9.237431025236814, 51.47252458937366], [9.237548950068021, 51.47260690079467], [9.237643324973266, 51.472572487481145], [9.23776574196902, 51.472494917353885], [9.237933095597386, 51.47238887227643], [9.238031692586846, 51.47232639509434], [9.238108377108425, 51.47227780283964], [9.238560444940086, 51.47196718352366], [9.23929163070203, 51.47145494085402], [9.233929315365732, 51.46996279339629], [9.233882774089315, 51.4699637674103], [9.233487678263211, 51.469959192884964], [9.233066844590791, 51.46996003232233], [9.233073895825777, 51.47000784541047], [9.233055650012556, 51.470095382599844], [9.233102431782433, 51.47020134138382], [9.233126057468647, 51.47036783748784], [9.233126567387254, 51.47037143100806], [9.232626929296732, 51.47037031482832], [9.232351895871078, 51.47046979921978], [9.23228822066055, 51.47080203168766], [9.232336103159286, 51.47104892753403], [9.232367271817807, 51.471209640607675]]]]}, "properties": {"schlag_id": 276, "name_sl": "Erser Breite", "betrieb_name": "Desenberg GbR", "frucht_kurz": "WR", "ha_calc": 18.764, "inaktiv": 0}}, {"type": "Feature", "geometry": {"type": "MultiPolygon", "coordinates": [[[[9.23929163070203, 51.47145494085402], [9.239633733109908, 51.47121527059667], [9.239624684853467, 51.471213546757866], [9.239680550747684, 51.471168869276994], [9.240021144083057, 51.470896485049074], [9.240207706739083, 51.47076539644116], [9.239727698588817, 51.4706012794827], [9.239065591713572, 51.47036874049441], [9.238469812742329, 51.47018077761831], [9.237059051944108, 51.470011664579566], [9.236860629380836, 51.469981110013265], [9.236056229821497, 51.469917383566155], [9.235557512122154, 51.46976120589036], [9.235004322108216, 51.46982737217887], [9.234474837181347, 51.469914806540615], [9.234166165154868, 51.469957836326145], [9.233929315369629, 51.469962793396284], [9.23929163070203, 51.47145494085402]]], [[[9.232367271817807, 51.471209640607675], [9.23237333559022, 51.471239537419024], [9.232377554132986, 51.47127797595562], [9.232453748031455, 51.47197222930351], [9.23247652318158, 51.47256241323275], [9.232445128588713, 51.472784219346615], [9.232372844729491, 51.472960403796364], [9.232270831935876, 51.47315357424284], [9.232176889247164, 51.47333487967233], [9.232200587786405, 51.47337967247016], [9.232788121685733, 51.47352619652103], [9.232790855925161, 51.47355779226434], [9.232807245024254, 51.47374717699269], [9.232466078342595, 51.47389395262436], [9.23194981045591, 51.473816310074135], [9.231854501694638, 51.47394761174784], [9.231981365052166, 51.47412342577152], [9.232401851279047, 51.474238719320205], [9.233208848355199, 51.47440083173112], [9.234796730756447, 51.47468501459171], [9.234841413200588, 51.47446517692966], [9.234847340145567, 51.47418999553831], [9.23501040867801, 51.47408355998257], [9.23503763835052, 51.47406578698583], [9.235522795022286, 51.47415653415619], [9.235706671840573, 51.47421119762399], [9.235955029281435, 51.4739538719613], [9.236239555739646, 51.47359099105178], [9.2365971325601, 51.47315458312714], [9.237268120468881, 51.47280488919134], [9.237101214312533, 51.472649084764505], [9.237188668058014, 51.47252049496928], [9.237431025236814, 51.47252458937366], [9.237548950068021, 51.47260690079467], [9.237643324973266, 51.472572487481145], [9.23776574196902, 51.472494917353885], [9.237933095597386, 51.47238887227643], [9.238031692586846, 51.47232639509434], [9.238108377108425, 51.47227780283964], [9.238560444940086, 51.47196718352366], [9.23929163070203, 51.47145494085402], [9.233929315365732, 51.46996279339629], [9.233882774089315, 51.4699637674103], [9.233487678263211, 51.469959192884964], [9.233066844590791, 51.46996003232233], [9.233073895825777, 51.47000784541047], [9.233055650012556, 51.470095382599844], [9.233102431782433, 51.47020134138382], [9.233126057468647, 51.47036783748784], [9.233126567387254, 51.47037143100806], [9.232626929296732, 51.47037031482832], [9.232351895871078, 51.47046979921978], [9.23228822066055, 51.47080203168766], [9.232336103159286, 51.47104892753403], [9.232367271817807, 51.471209640607675]]]]}, "properties": {"schlag_id": 276, "name_sl": "Erser Breite", "betrieb_name": "Desenberg GbR", "frucht_kurz": "WR", "ha_calc": 18.764, "inaktiv": 0}}, {"type": "Feature", "geometry": {"type": "MultiPolygon", "coordinates": [[[[9.236140531114946, 51.475749136549695], [9.234847333693567, 51.4753363946252], [9.234572799690929, 51.475634632909255], [9.234336490230687, 51.47589046047297], [9.234864014106446, 51.47605981768964], [9.235286870228743, 51.47619558631207], [9.235548519057023, 51.47629363176286], [9.23552660535126, 51.47631660667771], [9.235336559437734, 51.47649126318477], [9.235763155700871, 51.47661423025691], [9.236726683684982, 51.476892039570025], [9.236763309133618, 51.47687362080902], [9.23681419418511, 51.476772622350296], [9.236843094342266, 51.476680840702016], [9.236864959924642, 51.47664869332669], [9.236952803167634, 51.476593481516375], [9.237919286737203, 51.476666458569255], [9.238811913723978, 51.47679149123436], [9.238899226409668, 51.47663538360313], [9.238948881131067, 51.47630049272378], [9.238441773750841, 51.47620447506083], [9.237122768840873, 51.476062291128684], [9.236140531114946, 51.475749136549695]]], [[[9.236464910342434, 51.47739704627871], [9.23671943476187, 51.4769103988669], [9.235777891301282, 51.476623372865006], [9.235722551598688, 51.476729423741645], [9.235499573537203, 51.476770690604155], [9.235185148158502, 51.47703732035014], [9.234693271216774, 51.47685365518665], [9.234613163043004, 51.476940047559445], [9.233673725368982, 51.476632931542106], [9.233261243646345, 51.47698227452656], [9.233158374801738, 51.477119013087346], [9.233118851676174, 51.477266404263105], [9.233125229877894, 51.477388553041976], [9.233160340281053, 51.47750345857158], [9.23527577695457, 51.47823578408961], [9.235903933888027, 51.47842494698525], [9.238462074780054, 51.478709218121786], [9.23851979882809, 51.47851189575204], [9.237716466656265, 51.478432056124795], [9.236770951682765, 51.47834576133634], [9.237097490487718, 51.47758379803725], [9.238684735658651, 51.47775025747436], [9.238676791381598, 51.47763561978999], [9.236464910342434, 51.47739704627871]]]]}, "properties": {"schlag_id": 216, "name_sl": "Walme", "betrieb_name": "Desenberg GbR", "frucht_kurz": "WR", "ha_calc": 6.3793, "inaktiv": 0}}, {"type": "Feature", "geometry": {"type": "MultiPolygon", "coordinates": [[[[9.23929163070203, 51.47145494085402], [9.239633733109908, 51.47121527059667], [9.239624684853467, 51.471213546757866], [9.239680550747684, 51.471168869276994], [9.240021144083057, 51.470896485049074], [9.240207706739083, 51.47076539644116], [9.239727698588817, 51.4706012794827], [9.239065591713572, 51.47036874049441], [9.238469812742329, 51.47018077761831], [9.237059051944108, 51.470011664579566], [9.236860629380836, 51.469981110013265], [9.236056229821497, 51.469917383566155], [9.235557512122154, 51.46976120589036], [9.235004322108216, 51.46982737217887], [9.234474837181347, 51.469914806540615], [9.234166165154868, 51.469957836326145], [9.233929315369629, 51.469962793396284], [9.23929163070203, 51.47145494085402]]], [[[9.232367271817807, 51.471209640607675], [9.23237333559022, 51.471239537419024], [9.232377554132986, 51.47127797595562], [9.232453748031455, 51.47197222930351], [9.23247652318158, 51.47256241323275], [9.232445128588713, 51.472784219346615], [9.232372844729491, 51.472960403796364], [9.232270831935876, 51.47315357424284], [9.232176889247164, 51.47333487967233], [9.232200587786405, 51.47337967247016], [9.232788121685733, 51.47352619652103], [9.232790855925161, 51.47355779226434], [9.232807245024254, 51.47374717699269], [9.232466078342595, 51.47389395262436], [9.23194981045591, 51.473816310074135], [9.231854501694638, 51.47394761174784], [9.231981365052166, 51.47412342577152], [9.232401851279047, 51.474238719320205], [9.233208848355199, 51.47440083173112], [9.234796730756447, 51.47468501459171], [9.234841413200588, 51.47446517692966], [9.234847340145567, 51.47418999553831], [9.23501040867801, 51.47408355998257], [9.23503763835052, 51.47406578698583], [9.235522795022286, 51.47415653415619], [9.235706671840573, 51.47421119762399], [9.235955029281435, 51.4739538719613], [9.236239555739646, 51.47359099105178], [9.2365971325601, 51.47315458312714], [9.237268120468881, 51.47280488919134], [9.237101214312533, 51.472649084764505], [9.237188668058014, 51.47252049496928], [9.237431025236814, 51.47252458937366], [9.237548950068021, 51.47260690079467], [9.237643324973266, 51.472572487481145], [9.23776574196902, 51.472494917353885], [9.237933095597386, 51.47238887227643], [9.238031692586846, 51.47232639509434], [9.238108377108425, 51.47227780283964], [9.238560444940086, 51.47196718352366], [9.23929163070203, 51.47145494085402], [9.233929315365732, 51.46996279339629], [9.233882774089315, 51.4699637674103], [9.233487678263211, 51.469959192884964], [9.233066844590791, 51.46996003232233], [9.233073895825777, 51.47000784541047], [9.233055650012556, 51.470095382599844], [9.233102431782433, 51.47020134138382], [9.233126057468647, 51.47036783748784], [9.233126567387254, 51.47037143100806], [9.232626929296732, 51.47037031482832], [9.232351895871078, 51.47046979921978], [9.23228822066055, 51.47080203168766], [9.232336103159286, 51.47104892753403], [9.232367271817807, 51.471209640607675]]]]}, "properties": {"schlag_id": 276, "name_sl": "Erser Breite", "betrieb_name": "Desenberg GbR", "frucht_kurz": "WR", "ha_calc": 18.764, "inaktiv": 0}}, {"type": "Feature", "geometry": {"type": "MultiPolygon", "coordinates": [[[[9.203537374187759, 51.49912084665864], [9.2029677450656, 51.499715569452114], [9.203103773259906, 51.4996165280904], [9.202609474102903, 51.4999768223597], [9.202545930735416, 51.50007677598038], [9.20219550651841, 51.50041685045447], [9.202036998093014, 51.500746608059806], [9.203750876463994, 51.501232867418935], [9.20349616909141, 51.50151287278818], [9.204888099853449, 51.501796035822935], [9.205253431783142, 51.50187035265148], [9.205266690751268, 51.50187357926343], [9.205265243479888, 51.5018759277475], [9.205430037635562, 51.5019034024351], [9.206403363935701, 51.502065671051035], [9.206762279183144, 51.50213985435151], [9.206717507858652, 51.50219207108045], [9.206681021680827, 51.502223996749265], [9.206614354746856, 51.502274929015506], [9.206629959849229, 51.50228016690348], [9.206700979463243, 51.5022929780528], [9.206704512804116, 51.502305190447494], [9.206975759018576, 51.502297010686775], [9.207313014887673, 51.50228683974506], [9.208663399467017, 51.50224607186646], [9.208933793595556, 51.502237910690205], [9.20916913430251, 51.50222851567916], [9.209288198124469, 51.50205172221307], [9.20946291800671, 51.501792158189076], [9.209559481840454, 51.50164853490929], [9.209566507793207, 51.501638081959996], [9.209785804955606, 51.50131183134948], [9.210165746436013, 51.50074567393453], [9.211228510441128, 51.49917393202205], [9.211342835571047, 51.4990048474004], [9.211544140932993, 51.49870710353571], [9.211631542706497, 51.49857785831176], [9.211701440706447, 51.498474771077646], [9.21177378002844, 51.498368083431984], [9.21217107457192, 51.497782133080655], [9.212438177595873, 51.49737938945375], [9.212550788556198, 51.497173871472654], [9.212531055512404, 51.49716401574553], [9.212451081353544, 51.49712407233693], [9.212373336698624, 51.497106086893375], [9.21220398710056, 51.49706692243131], [9.211407072450543, 51.496882620455175], [9.21140562900409, 51.496882277455384], [9.210886967845981, 51.49675569937424], [9.210270250038539, 51.49662154392618], [9.21000157838543, 51.496571037330405], [9.209857914404662, 51.496544393203195], [9.2090542693816, 51.496410645245916], [9.208907934928055, 51.49638732779853], [9.208104650701511, 51.49625932578692], [9.20772023832325, 51.49619806813132], [9.207718859585686, 51.49619784080062], [9.20766879158426, 51.496164055415605], [9.207615135337642, 51.49612424498959], [9.20729593371654, 51.496069860724866], [9.206674726785671, 51.49596400895616], [9.206633513024691, 51.495956990719364], [9.205003943786878, 51.49569341899611], [9.204988351451068, 51.4957110656107], [9.204941335026074, 51.49576427487111], [9.204821959839007, 51.49602218733239], [9.20464647812655, 51.49640131487214], [9.204434298926971, 51.49685971656644], [9.20411841401621, 51.49754215239932], [9.20410423090425, 51.497587826408456], [9.20406828844049, 51.497650441059434], [9.204033061565063, 51.49772654298101], [9.204183629082376, 51.49775713260674], [9.203967814319324, 51.49820695644847], [9.203967795242118, 51.49820699644169], [9.20360080216736, 51.498971900536084], [9.203539714143345, 51.49911535183299], [9.203537374187759, 51.49912084665864]]]]}, "properties": {"schlag_id": 245, "name_sl": "Desenberg", "betrieb_name": "Desenberg GbR", "frucht_kurz": "WW", "ha_calc": 33.4533, "inaktiv": 0}}, {"type": "Feature", "geometry": {"type": "MultiPolygon", "coordinates": [[[[9.212934669126989, 51.48573778715257], [9.212934669131991, 51.485737787152566], [9.21542712285895, 51.48615337084233], [9.2154249785772, 51.48611750982949], [9.21543853461439, 51.486036968925575], [9.215471084959258, 51.48591502915688], [9.215499987784593, 51.48586780453576], [9.215621189868683, 51.48566976958931], [9.215786803258435, 51.48539670440068], [9.215912047880087, 51.48518189852293], [9.216008802317527, 51.48497041992325], [9.21607257617396, 51.484791766088534], [9.216157070257191, 51.484495004223085], [9.216170215701803, 51.48442988068696], [9.216291718224083, 51.48394837828892], [9.216311409646542, 51.48387034210381], [9.216317771899723, 51.483775498641116], [9.215653144016935, 51.48366966526207], [9.215291426608834, 51.483615522914974], [9.214984904922764, 51.48356999868117], [9.214586726015193, 51.48350975930253], [9.21451815920492, 51.48349938585235], [9.214073032865732, 51.483436689260465], [9.214011170383417, 51.48342797566006], [9.214010162647664, 51.48343028015494], [9.214010162667668, 51.48343028015802], [9.214011807212723, 51.48343053473645], [9.213215513251706, 51.48338250650098], [9.212590499067796, 51.48324312303901], [9.211733486348566, 51.48317215083303], [9.210789482728869, 51.48312852692244], [9.209853116465341, 51.48316647481393], [9.209076592494279, 51.48323132721886], [9.209056309469357, 51.483557735893555], [9.209825912867284, 51.48356542325031], [9.211242582364761, 51.48377138815467], [9.212644659831849, 51.48395923068547], [9.21367641955043, 51.484134134888706], [9.213661541263457, 51.484206562482015], [9.213489512388659, 51.48459710214988], [9.21343628476103, 51.48471793798383], [9.213212451467163, 51.485173025783666], [9.212934669126989, 51.48573778715257]]]]}, "properties": {"schlag_id": 126, "name_sl": "Wald-unten-03", "betrieb_name": "Desenberg GbR", "frucht_kurz": "WW", "ha_calc": 6.8999, "inaktiv": 0}}, {"type": "Feature", "geometry": {"type": "MultiPolygon", "coordinates": [[[[9.22060645483629, 51.49812915930327], [9.220798937694797, 51.49813064543577], [9.221509227733694, 51.498136126880496], [9.222009444483762, 51.498124871013864], [9.222510601595108, 51.49811359250984], [9.222779396478856, 51.49810085975868], [9.223575357468583, 51.49804440455077], [9.225630538816933, 51.497802385035214], [9.22649878612336, 51.49586535596059], [9.227346976033072, 51.493930561777304], [9.227709391833857, 51.49310381069773], [9.227876687911952, 51.49273660341209], [9.228417745484206, 51.491548964032496], [9.228463545917785, 51.49144842768706], [9.228441459757434, 51.491449171181934], [9.227793823417246, 51.49140248400762], [9.227713554521081, 51.49139493486792], [9.227615545337924, 51.491393360127525], [9.22746446993304, 51.491411621444406], [9.227212736342953, 51.49147699578916], [9.22710254035004, 51.49147515658836], [9.227042274355401, 51.491479617049464], [9.22685329653938, 51.49142429304809], [9.226653009177626, 51.49130389740265], [9.226433777023889, 51.49123341447377], [9.226265551663884, 51.491216599033834], [9.226028490888515, 51.49115066173031], [9.225552285971691, 51.49094382715085], [9.225122616780236, 51.49078294828652], [9.224820674390308, 51.49066729079222], [9.224648171977918, 51.49058680320364], [9.224293412484974, 51.4904200625909], [9.22418312894974, 51.49050688500983], [9.224143640497024, 51.490549219965736], [9.224065126942532, 51.490630758110434], [9.223923829414353, 51.49091439305258], [9.223889430899153, 51.490993897523516], [9.223699458981724, 51.491399717672124], [9.223676797487938, 51.49144943352082], [9.223647000187919, 51.491514804761586], [9.223235009464714, 51.49241862993563], [9.222484620812443, 51.49403391522802], [9.221966646341127, 51.4951229483562], [9.221832168889518, 51.49541728950192], [9.221601989854246, 51.495912472231225], [9.221490031422228, 51.496136537499716], [9.221365716493311, 51.49640398913438], [9.221255215685513, 51.49664819764084], [9.22119513798716, 51.49677988829949], [9.220891906216911, 51.49744456730558], [9.220802828822762, 51.49761494771866], [9.220791309990267, 51.49763972786537], [9.22152596837342, 51.497737230429415], [9.221522787977502, 51.49799940480119], [9.221023706631915, 51.497957560306695], [9.220653907153297, 51.497939701507704], [9.22060645483629, 51.49812915930327]]]]}, "properties": {"schlag_id": 283, "name_sl": "10", "betrieb_name": "Desenberg GbR", "frucht_kurz": "WW", "ha_calc": 25.7668, "inaktiv": 0}}, {"type": "Feature", "geometry": {"type": "MultiPolygon", "coordinates": [[[[9.221232071012317, 51.501155279930124], [9.221329295263486, 51.501147474915705], [9.221731988913746, 51.501077806377396], [9.221771738387334, 51.501076488950524], [9.221802744937861, 51.501065564938216], [9.22218023667681, 51.501000254792295], [9.222273344258042, 51.500984145982194], [9.222703384914062, 51.500902865785385], [9.222862755608384, 51.500852121481415], [9.223202702525246, 51.50073704033976], [9.223890393116893, 51.500498733003674], [9.223975866984263, 51.50046596691999], [9.224112049348559, 51.500409363962966], [9.224123034377467, 51.50040548879804], [9.224190768009008, 51.50038551427347], [9.224198373523494, 51.50038354222829], [9.224257660689803, 51.50037019883524], [9.224281333842711, 51.500367115337795], [9.224384071345712, 51.50036291580072], [9.224794380350858, 51.5003378329098], [9.22500895362549, 51.500324058572566], [9.225009685291516, 51.50032401360877], [9.225295114591118, 51.500307220083144], [9.225433663187815, 51.500288825279355], [9.22559649286643, 51.50022287153157], [9.22569559429713, 51.50017332765753], [9.225710738526683, 51.50016725526191], [9.225832697463762, 51.500128901754906], [9.225853863308421, 51.50012427845183], [9.225974033724809, 51.500108560447465], [9.22598507981915, 51.50010757490122], [9.226005220778239, 51.50010847677647], [9.22611026477132, 51.50011317960624], [9.226124144025977, 51.50007519196481], [9.226139947747491, 51.50003193829132], [9.226167936601433, 51.49995533444313], [9.2261689634432, 51.49995252400245], [9.22604737836937, 51.4999462178898], [9.22604165707385, 51.49994580096461], [9.226028676446564, 51.49994458010592], [9.225331176028243, 51.499878978330514], [9.225267347941864, 51.49987297497535], [9.224850510278937, 51.49983500916222], [9.22484722650774, 51.49983466967611], [9.224709925661505, 51.49981877279825], [9.224708999761264, 51.499818662431714], [9.224501744152489, 51.49979320339764], [9.224489532232898, 51.49979111329404], [9.224413545713606, 51.49977428590426], [9.224409492051125, 51.499773315986644], [9.224367113394596, 51.49976240676173], [9.224293846681547, 51.49974354764398], [9.224120781653465, 51.49969899980666], [9.223667162640833, 51.49961490055526], [9.223667161619128, 51.49961490046719], [9.223621850927689, 51.49960649938403], [9.223617301171156, 51.49960556953503], [9.223501329378102, 51.49957962649838], [9.223319228745508, 51.49953889001142], [9.222893038577336, 51.49944683405026], [9.222721497781901, 51.49941023512322], [9.222550918462932, 51.49940762184813], [9.22244614447204, 51.49940601646169], [9.2224397042239, 51.49940576749507], [9.222244571943984, 51.49939364446184], [9.222234638896582, 51.49939266031956], [9.2220819196019, 51.499371781512124], [9.222072330400769, 51.49937010397247], [9.221968357245764, 51.499347809795985], [9.221966336651487, 51.49934735893831], [9.221932345044465, 51.49933947623298], [9.221813546980123, 51.499311926860685], [9.221812484365898, 51.499311675519344], [9.22151511742982, 51.49923992441137], [9.221351817168205, 51.4992058328781], [9.221315318595892, 51.49919821311641], [9.220899302624979, 51.499117432689516], [9.220892609083325, 51.49911594202041], [9.220747086879642, 51.49907925709273], [9.220734201110462, 51.49908206352479], [9.220450431720108, 51.4991438685631], [9.22043827854759, 51.499145909842824], [9.22035133365341, 51.49915634693967], [9.220286367835753, 51.499164145553785], [9.220277282098285, 51.49916492699093], [9.220186467394184, 51.499169690862374], [9.219948447804052, 51.49920444477925], [9.219946266247499, 51.49920474479144], [9.219861737933423, 51.49921565705522], [9.219852588200855, 51.49921652245975], [9.219831416588121, 51.49921780621823], [9.21971949049471, 51.499224592812595], [9.219712207533714, 51.49922484144681], [9.219546184629605, 51.49922613001154], [9.219540373238901, 51.49922605304923], [9.219463127230297, 51.4992234069743], [9.219252538774997, 51.49921619301275], [9.21925281143925, 51.49921309235165], [9.219228414036198, 51.499211895772305], [9.219214278858944, 51.499236173861775], [9.219081322260156, 51.49922536187715], [9.218943912420514, 51.49920971927724], [9.218728288347076, 51.49918234839054], [9.218599387680193, 51.49916664271795], [9.218275232922643, 51.499681113935246], [9.218233612317318, 51.499746535404704], [9.21807280828523, 51.4998809457], [9.217464054621225, 51.50024593299698], [9.216677241455637, 51.50069350632862], [9.216585915987801, 51.50084323674181], [9.216572760868118, 51.500987259488106], [9.216699297533461, 51.50118844839467], [9.218422227120021, 51.50083924074536], [9.220802180627397, 51.500360054516335], [9.22080547129947, 51.500366052153645], [9.220817754053337, 51.500363576970535], [9.221133815143759, 51.50096190735197], [9.221232071012317, 51.501155279930124]]]]}, "properties": {"schlag_id": 248, "name_sl": "41", "betrieb_name": "Desenberg GbR", "frucht_kurz": "WW", "ha_calc": 8.0823, "inaktiv": 0}}, {"type": "Feature", "geometry": {"type": "MultiPolygon", "coordinates": [[[[9.227099026914553, 51.500289291312036], [9.227105367109514, 51.50023988126749], [9.226822207432203, 51.50022572693209], [9.22625987078746, 51.50021063416826], [9.225947151145277, 51.50021224862052], [9.225807982177592, 51.50024892429466], [9.225744915547002, 51.5002743286818], [9.225641463817185, 51.50032509291123], [9.225503964916856, 51.50037187807957], [9.225205998879856, 51.50040784753804], [9.225042398754033, 51.500419286135376], [9.224681222401236, 51.50045234170415], [9.224378272300562, 51.50046404632533], [9.22430862372594, 51.50046923648471], [9.22423576694332, 51.50048151198298], [9.224115163368865, 51.500531719592736], [9.224036848662386, 51.50055976346543], [9.223936635889924, 51.50061052000262], [9.223750623773753, 51.50067762168498], [9.22368117491903, 51.50070573651655], [9.223258261730008, 51.500831330009795], [9.223015550284503, 51.50091102706494], [9.22276717162317, 51.5009862673945], [9.221302826459656, 51.50127941036055], [9.221329226907388, 51.50133078295589], [9.222793573545875, 51.501037639658506], [9.222702380073033, 51.50105589607531], [9.222820430651558, 51.50125207942163], [9.22422789579183, 51.50095662459801], [9.224980234740784, 51.500814496174385], [9.225954539935225, 51.50061639153742], [9.226286882539862, 51.50054673279217], [9.227110864572033, 51.5003871043431], [9.227107222657152, 51.5002895732537], [9.227099026914553, 51.500289291312036]], [[9.226462542543674, 51.50027007425764], [9.225964994605535, 51.500266108699215], [9.226258370369955, 51.50026459406735], [9.226816898431986, 51.5002795845837], [9.226462542543674, 51.50027007425764]], [[9.22571090835374, 51.50035964416318], [9.225694889290262, 51.500367504748965], [9.225795174095637, 51.50031829457511], [9.225848535661006, 51.50029679947404], [9.22571090835374, 51.50035964416318]], [[9.222930036112388, 51.500996900913094], [9.222804915687512, 51.501034802992706], [9.223053294550024, 51.50095956258302], [9.222930036112388, 51.500996900913094]]]]}, "properties": {"schlag_id": 261, "name_sl": "42", "betrieb_name": "Desenberg GbR", "frucht_kurz": "WW", "ha_calc": 1.2438, "inaktiv": 0}}, {"type": "Feature", "geometry": {"type": "MultiPolygon", "coordinates": [[[[9.210277934271407, 51.50083961381717], [9.211027266579896, 51.50081706275054], [9.213322815458866, 51.500743084596536], [9.213323286158216, 51.50074793475785], [9.213336872800223, 51.50074752520435], [9.21333672181461, 51.5007432670237], [9.213375402471932, 51.500743196660665], [9.213391117344322, 51.50074316807048], [9.213391302920668, 51.500745885922576], [9.213394424642125, 51.500739664190625], [9.214696309457278, 51.50070565535802], [9.215193675757433, 51.50069158807557], [9.21651514522574, 51.500651759318586], [9.217016907790308, 51.50039298770575], [9.217501996348682, 51.50013179271571], [9.217758947800455, 51.499981253796236], [9.217991816553115, 51.499835796664016], [9.217997172619437, 51.499826819796176], [9.217947824649986, 51.499804758375554], [9.21787806873426, 51.499788227926786], [9.217849886815785, 51.49978242935389], [9.216248420419504, 51.499452909008525], [9.216033931539208, 51.49940877355527], [9.2160252652721, 51.499403213997276], [9.215789474897498, 51.49925195205049], [9.215598829678502, 51.49915592283339], [9.215466664094778, 51.49909752716575], [9.215335033887193, 51.49904056668168], [9.215215000294823, 51.49898862415981], [9.214592155324551, 51.49898208926813], [9.214561244018242, 51.49898176493924], [9.214523447627608, 51.49898466368724], [9.21441109082507, 51.49896458909695], [9.214298997328571, 51.49893520842449], [9.21421129608741, 51.49890139594173], [9.21419641518652, 51.498894803415354], [9.214149063645342, 51.49887615190481], [9.214092338171836, 51.49883263644688], [9.214077877642305, 51.49881490406794], [9.21404193290007, 51.4987836010478], [9.214038798930208, 51.49875856021685], [9.214021430755498, 51.49872441788801], [9.214029495722269, 51.49868421928611], [9.214028130868787, 51.498673317067436], [9.214033416364611, 51.49866467540106], [9.214034085056616, 51.49866134452875], [9.214041975883328, 51.49865068318024], [9.214096650626068, 51.49856129766661], [9.214362637330755, 51.49822499739492], [9.214365628401463, 51.49821647852735], [9.214377482929029, 51.49815193562709], [9.214377916460233, 51.498144331607264], [9.214381605180094, 51.49807963245135], [9.214234379638617, 51.49786498591128], [9.21420616088, 51.497823844303895], [9.21412589972127, 51.49774516983858], [9.21408010482419, 51.49768105854526], [9.213970575704112, 51.49762104505005], [9.213702771460472, 51.49751280167482], [9.213363217330457, 51.49739274519452], [9.213258781024651, 51.49735581927387], [9.2130285895357, 51.497274275030406], [9.212860505683594, 51.497214234630334], [9.212723056414703, 51.49723255931181], [9.21245392971882, 51.49756933900083], [9.21220579212256, 51.497936431534306], [9.21172525902122, 51.498647561729626], [9.211250261046969, 51.49935453465213], [9.210783755533635, 51.500048841914364], [9.210747871445971, 51.50010224769789], [9.210300535685217, 51.50076800108036], [9.210281316671855, 51.50082889771502], [9.210277934271407, 51.50083961381717]]]]}, "properties": {"schlag_id": 266, "name_sl": "Am Hof", "betrieb_name": "Desenberg GbR", "frucht_kurz": "WW", "ha_calc": 10.6306, "inaktiv": 0}}, {"type": "Feature", "geometry": {"type": "MultiPolygon", "coordinates": [[[[9.228949865964912, 51.47791292413219], [9.22888507294134, 51.47794845153852], [9.228815030596595, 51.47798391110061], [9.228737228721728, 51.47802791191838], [9.228659420589738, 51.47807069467905], [9.22861490000956, 51.478091502889995], [9.228426041472579, 51.47819216849112], [9.228182278107417, 51.478322166057744], [9.22805249968198, 51.4783912677997], [9.227788659173036, 51.47852250632195], [9.22750857665065, 51.47869159269199], [9.227151289589221, 51.478843630290335], [9.227190874969308, 51.47888595527083], [9.227708834291048, 51.47908331912134], [9.22797962140002, 51.47925821195347], [9.228190575405671, 51.47958456398699], [9.228384197339304, 51.479749287564985], [9.228649430766234, 51.47991387083542], [9.228837719875278, 51.48011300023275], [9.22906405188304, 51.480208866371996], [9.229217926910135, 51.48013633297707], [9.22953083770471, 51.47992246314863], [9.229706450316144, 51.47979141298658], [9.230013639842383, 51.479536277707346], [9.230369636916466, 51.47912970239766], [9.230835150185449, 51.4784813365569], [9.231064716653085, 51.478277599007356], [9.231220342546164, 51.47813947581529], [9.231423734443894, 51.478042054687954], [9.231452297815649, 51.47802837591394], [9.231733517987482, 51.478134218986746], [9.232680212084729, 51.47736555894933], [9.232654650163473, 51.477222358174636], [9.232118361103806, 51.47691279766021], [9.231453146210221, 51.476583888065946], [9.230981297277939, 51.476833977373694], [9.230391729561807, 51.477146310003], [9.22997298355968, 51.47736815803815], [9.229558394185169, 51.47758783277902], [9.228998545746228, 51.47788697830256], [9.228949865964912, 51.47791292413219]]]]}, "properties": {"schlag_id": 78, "name_sl": "Mühlenweg", "betrieb_name": "Desenberg GbR", "frucht_kurz": "WW", "ha_calc": 6.1416, "inaktiv": 0}}, {"type": "Feature", "geometry": {"type": "MultiPolygon", "coordinates": [[[[9.218502462585258, 51.47466014230688], [9.218257981224312, 51.47466241541991], [9.218187011640431, 51.47473499195942], [9.218035260879153, 51.47489024079528], [9.218026022576039, 51.47489968665452], [9.217748598613147, 51.47521631902372], [9.21774712451911, 51.475218204620234], [9.217531013552593, 51.47554416275952], [9.217493842577486, 51.475600168239225], [9.21749383713117, 51.475600232964176], [9.217428109390204, 51.475956776416716], [9.217428153914874, 51.47595736056624], [9.217453289968432, 51.47630285568881], [9.217469452167263, 51.47630825181403], [9.218804753459665, 51.476036302350074], [9.219839599353488, 51.47586782691548], [9.22184414746106, 51.47559352658193], [9.222969545418387, 51.47545008428685], [9.224266395495407, 51.4752951489808], [9.224272124980871, 51.47529446444221], [9.224352353108051, 51.47528487903989], [9.226398266155458, 51.47500973332673], [9.227528880412807, 51.47486295130563], [9.229458747983635, 51.47460286601048], [9.230589375496432, 51.474462626604016], [9.231709505538886, 51.474328969258764], [9.231740483625854, 51.47428056850111], [9.231697809647322, 51.4741884025989], [9.230672832257401, 51.47389390944334], [9.230403359324121, 51.47381207416873], [9.229637316865462, 51.47359942802101], [9.228876524020071, 51.47338017727149], [9.228755046073063, 51.473339809583976], [9.224068426300411, 51.47394347544036], [9.224068426334595, 51.47394347561105], [9.223752257590546, 51.47398419278953], [9.223749744112682, 51.473984516479725], [9.218502462585258, 51.47466014230688]]]]}, "properties": {"schlag_id": 379, "name_sl": "34 Morgen", "betrieb_name": "Desenberg GbR", "frucht_kurz": "WW", "ha_calc": 13.537, "inaktiv": 0}}, {"type": "Feature", "geometry": {"type": "MultiPolygon", "coordinates": [[[[9.22468132024388, 51.48751614459963], [9.224163712200212, 51.487888708906596], [9.224264176939231, 51.48797120451881], [9.224373769558282, 51.48809467645634], [9.224514332760574, 51.48825017366768], [9.224705189852124, 51.48850245903707], [9.224723083275995, 51.488526999093956], [9.224856858574196, 51.489073734863474], [9.2251369401762, 51.48962929615304], [9.225176199968296, 51.48964844293284], [9.225639868961734, 51.489617935737634], [9.225788692971673, 51.48941907859371], [9.225736105884412, 51.489244517767254], [9.225727619099448, 51.48913690364567], [9.225632012191493, 51.48893168910934], [9.2256742387833, 51.488759545167625], [9.225809071784354, 51.48865727339627], [9.22593193100502, 51.48860813575639], [9.22603165032483, 51.48857073167467], [9.226346574064943, 51.48846279357868], [9.226871426868186, 51.48842776126257], [9.22695485896826, 51.488327635730926], [9.226907465113696, 51.48831512293469], [9.226609557167617, 51.488221411072416], [9.226331741453038, 51.48813446586366], [9.22619051585317, 51.488090279589876], [9.225847478286822, 51.48801333975045], [9.225476503139433, 51.48793013888937], [9.22544059808379, 51.48792131252607], [9.224943374487568, 51.487667450458325], [9.224899791885395, 51.48764578543479], [9.22477749129387, 51.48757321762141], [9.22468132024388, 51.48751614459963]]]]}, "properties": {"schlag_id": 53, "name_sl": "Hahnenkamp", "betrieb_name": "Desenberg GbR", "frucht_kurz": "WW", "ha_calc": 1.8141, "inaktiv": 0}}, {"type": "Feature", "geometry": {"type": "MultiPolygon", "coordinates": [[[[9.254143488015949, 51.4947957550484], [9.25397982691266, 51.495176552144606], [9.253806309925558, 51.49560764256626], [9.25370124728745, 51.49582946515925], [9.25360936045411, 51.49598982843069], [9.253508957508355, 51.49619753468969], [9.254430506455805, 51.49636492785998], [9.255355553244858, 51.496539883373835], [9.256143932132396, 51.49668563573742], [9.25629617390045, 51.49668202511062], [9.25659646988986, 51.49593087966476], [9.25685735974577, 51.495259316270975], [9.256857359745776, 51.495259316270975], [9.257005734981494, 51.49495336463801], [9.257326638347998, 51.49413662705192], [9.257346861614721, 51.49399893856637], [9.25734619564709, 51.49388095945227], [9.257293011033763, 51.493759818601106], [9.25723457670451, 51.49363868926717], [9.25709470090369, 51.49363467434174], [9.256850663904643, 51.49361084334937], [9.25664635517746, 51.49360065418009], [9.256388423408449, 51.49347996186174], [9.256261925399157, 51.493367997129816], [9.256116932166798, 51.493253139954284], [9.255902170073249, 51.493229251889794], [9.255847575521619, 51.493266159948554], [9.255774142626535, 51.493376668509356], [9.255711432889491, 51.493527324779315], [9.255422810180669, 51.49390066549015], [9.255400584775073, 51.49394553810498], [9.255394120982043, 51.49405237598599], [9.25517271975929, 51.49450872283958], [9.255080227666356, 51.494592523658746], [9.25493082500097, 51.494761269774244], [9.254752576937204, 51.49480753935399], [9.25462672010033, 51.494834031228024], [9.254232466169288, 51.494746403170595], [9.254143488015949, 51.4947957550484]]]]}, "properties": {"schlag_id": 76, "name_sl": "Hessenfeld", "betrieb_name": "Desenberg GbR", "frucht_kurz": "WW", "ha_calc": 5.7103, "inaktiv": 0}}, {"type": "Feature", "geometry": {"type": "MultiPolygon", "coordinates": [[[[9.236545152713356, 51.473446369827755], [9.235950690297374, 51.47411407362855], [9.237604599636201, 51.47448220555994], [9.237575889161823, 51.47453265091992], [9.237637864840808, 51.47454670191616], [9.236854929988379, 51.4758943819448], [9.237149449197693, 51.475988245079165], [9.238436667930058, 51.476130430147855], [9.239244473933418, 51.47622261753461], [9.239416210808386, 51.4762412492393], [9.239413048329371, 51.476000366994676], [9.239407944790681, 51.47561163038907], [9.239436839013043, 51.47551984809068], [9.239862978953523, 51.47555566421133], [9.24018628045404, 51.47558710385228], [9.240502190103783, 51.47560938548756], [9.240774181721779, 51.47565927363071], [9.241104489127613, 51.47562649011271], [9.241024430910548, 51.47533955435227], [9.240899699947295, 51.474911073391944], [9.240873066373416, 51.47482834875049], [9.240841366866228, 51.47471300341803], [9.240806151914082, 51.47461267852927], [9.240790249915609, 51.47443378170926], [9.240469412251796, 51.47439662144387], [9.239711443625037, 51.47430881552662], [9.238369030256367, 51.47416643539148], [9.238151355943701, 51.474111627204735], [9.238152717575105, 51.47410944752813], [9.238144571768867, 51.47410844657251], [9.238168482506488, 51.47405336732043], [9.237859544698201, 51.47398975476373], [9.23811430302417, 51.47352750235783], [9.236813780013659, 51.47317681594662], [9.236730451726643, 51.473225165586065], [9.236694730319662, 51.4732678088877], [9.236545152713356, 51.473446369827755]]]]}, "properties": {"schlag_id": 137, "name_sl": "hinter dem Kuhstall", "betrieb_name": "Desenberg GbR", "frucht_kurz": "WW", "ha_calc": 5.8801, "inaktiv": 0}}, {"type": "Feature", "geometry": {"type": "MultiPolygon", "coordinates": [[[[9.276779227477498, 51.47138336169749], [9.277250938912898, 51.4713781041965], [9.277986771460274, 51.46772254666371], [9.2774689485474, 51.46773220512276], [9.276779227477498, 51.47138336169749]]]]}, "properties": {"schlag_id": 21, "name_sl": "Hohewiese II", "betrieb_name": "Desenberg GbR", "frucht_kurz": "WW", "ha_calc": 1.3922, "inaktiv": 0}}, {"type": "Feature", "geometry": {"type": "MultiPolygon", "coordinates": [[[[9.220527158806107, 51.48379367802558], [9.220697524020627, 51.48390188014871], [9.220885634658307, 51.4839955846969], [9.221522166892543, 51.48422137665358], [9.221778274828965, 51.48431222215312], [9.222109357640324, 51.48442966104883], [9.22231505878437, 51.4844505955915], [9.222794130644662, 51.484514388141555], [9.222915546850468, 51.484459687390355], [9.22246532715153, 51.484020220035305], [9.222322792234364, 51.48388114883778], [9.221456924039245, 51.48303580579479], [9.221097543385616, 51.48268725797452], [9.220465092877335, 51.48225318876435], [9.220164691651885, 51.48210482542125], [9.2200912293609, 51.482068512239046], [9.220041596929574, 51.482239038025696], [9.219988336998028, 51.48249431964822], [9.219918820868854, 51.48255755915762], [9.219853245577955, 51.48263203205634], [9.219436939795457, 51.48267618475082], [9.218999017706249, 51.482872712066325], [9.219269254173517, 51.48313580531242], [9.219416201992843, 51.48322179393479], [9.219533634466032, 51.48326731179004], [9.21979562795662, 51.48333609800467], [9.219965502116585, 51.48340112191062], [9.220248934717052, 51.483574422912646], [9.220527158806107, 51.48379367802558]]]]}, "properties": {"schlag_id": 102, "name_sl": "Kalithwiese", "betrieb_name": "Desenberg GbR", "frucht_kurz": "WW", "ha_calc": 2.7075, "inaktiv": 0}}, {"type": "Feature", "geometry": {"type": "MultiPolygon", "coordinates": [[[[9.238018137463722, 51.48089771788863], [9.238254932374193, 51.479828661969336], [9.238444080538217, 51.47982119815299], [9.235401506678427, 51.479484645895994], [9.235539174913724, 51.47957281141511], [9.235721505612931, 51.47973827411043], [9.23671387055259, 51.48076165212094], [9.238018137463722, 51.48089771788863]]]]}, "properties": {"schlag_id": 29, "name_sl": "Klankeland", "betrieb_name": "Desenberg GbR", "frucht_kurz": "WW", "ha_calc": 1.7851, "inaktiv": 0}}, {"type": "Feature", "geometry": {"type": "MultiPolygon", "coordinates": [[[[9.218577534368102, 51.47430728115085], [9.218575758003599, 51.47431052292463], [9.21852689015326, 51.47438741225257], [9.21833073805151, 51.47458800908991], [9.218257981221269, 51.47466241541863], [9.21850246258244, 51.47466014230884], [9.224068426570835, 51.473943475580455], [9.228755046065695, 51.47333980980564], [9.228209196449201, 51.47317699051946], [9.227711379266607, 51.47303140894815], [9.226826997838803, 51.47278414687907], [9.226650111448222, 51.47273248761612], [9.226518785054946, 51.4727091048592], [9.226407606106434, 51.47267780387899], [9.226276247282128, 51.472648117476666], [9.226208065969184, 51.472637218146055], [9.226091941641053, 51.47262641237678], [9.226011213108306, 51.47262971969728], [9.225857419914998, 51.47265523057827], [9.225779293701448, 51.47267429085476], [9.225683510301037, 51.472694961690316], [9.225716778173915, 51.47274354890175], [9.225765196142593, 51.47277860655416], [9.225805523547804, 51.47280363637578], [9.225821754549406, 51.472833734434595], [9.22584337001033, 51.47289614821326], [9.22578004663406, 51.47291099229004], [9.225071547671929, 51.473077068925186], [9.224889428681186, 51.47291587678976], [9.222263099456578, 51.47353353042247], [9.22227945076542, 51.473588737316334], [9.22228778552369, 51.47364898026349], [9.22231104453863, 51.47372409729757], [9.222297926269713, 51.47372717193764], [9.221995682296093, 51.473798009689375], [9.221873500068117, 51.473826645237935], [9.221613622361016, 51.47391138187845], [9.22148477382357, 51.47387145317419], [9.221388064076278, 51.47382644177026], [9.221403852282894, 51.47376615309006], [9.221419690649379, 51.47371590774324], [9.221515936762064, 51.47366550920224], [9.221597541559108, 51.47364067923986], [9.223226523915004, 51.47323040039458], [9.225555616780984, 51.472673557625825], [9.22568843854257, 51.47259933642658], [9.22571580897584, 51.47254770831187], [9.2257398166215, 51.47246976738426], [9.225723078000925, 51.47239202555011], [9.22544103671144, 51.47226703028882], [9.225144448281124, 51.4721595893806], [9.22474084459304, 51.471987015388734], [9.224162684079541, 51.47173319678519], [9.223382857830341, 51.47141857883658], [9.222782807493994, 51.47113760407026], [9.221889434337607, 51.47132967857536], [9.22165761703686, 51.47139472734663], [9.221479927626708, 51.471504953095035], [9.221021585216906, 51.471579422154505], [9.220547990536812, 51.471559922103985], [9.220134574936422, 51.471604888106924], [9.218922073783041, 51.471851894778446], [9.218764452761073, 51.471896377652804], [9.218677633869566, 51.4719509241574], [9.218705221017059, 51.472029051173784], [9.218770776236497, 51.472079913302], [9.218935046950943, 51.4722869478228], [9.21898443823463, 51.4723718308315], [9.218990468881135, 51.47249418511428], [9.218970391494206, 51.47259874847728], [9.218970982772504, 51.47297008651672], [9.218922553544042, 51.4730857440764], [9.21888494516485, 51.47318778578414], [9.218847579845201, 51.47334081177347], [9.218719515631616, 51.47387469965861], [9.2186647752017, 51.474050118948114], [9.218664403539107, 51.47405223208083], [9.218650839586141, 51.474191680610545], [9.218650821759182, 51.47419186490227], [9.218577534368102, 51.47430728115085]]]]}, "properties": {"schlag_id": 332, "name_sl": "Stubbig", "betrieb_name": "Desenberg GbR", "frucht_kurz": "WW", "ha_calc": 14.5527, "inaktiv": 0}}, {"type": "Feature", "geometry": {"type": "MultiPolygon", "coordinates": [[[[9.225735894696088, 51.47579808926007], [9.225587229378087, 51.4758738058346], [9.22503489102661, 51.47615511283805], [9.224855654247035, 51.47624640033059], [9.22459090422102, 51.476381291834095], [9.224448908693116, 51.47645355103571], [9.224444294965158, 51.476457811316095], [9.22292987805128, 51.47785762869225], [9.223937243025127, 51.478228391056255], [9.225024322988721, 51.4786963991723], [9.225598584039838, 51.478977341251465], [9.226073342991802, 51.47918624098058], [9.226227884860092, 51.479247855204946], [9.226524483545948, 51.479075300309894], [9.226799217682988, 51.478937183217994], [9.227090338125087, 51.47877151673404], [9.22766684805148, 51.47847003737728], [9.228029006568711, 51.478277748133685], [9.228190811935892, 51.47819183781927], [9.228200765040208, 51.478186554190124], [9.226024003705529, 51.477112440258345], [9.226665374290176, 51.476135065945236], [9.225928540156227, 51.47569997884107], [9.225735894696088, 51.47579808926007]]]]}, "properties": {"schlag_id": 338, "name_sl": "Pflanzenbreite-02", "betrieb_name": "Desenberg GbR", "frucht_kurz": "ZR", "ha_calc": 6.6994, "inaktiv": 0}}, {"type": "Feature", "geometry": {"type": "MultiPolygon", "coordinates": [[[[9.209342519368006, 51.49288742522708], [9.209343707007557, 51.49288506635852], [9.209342773963732, 51.492884515964434], [9.209341116246797, 51.492880792728954], [9.209345455629329, 51.492881592463945], [9.209481812055351, 51.49261075331588], [9.209538593603064, 51.49248504401372], [9.209642346743552, 51.4922553427568], [9.209706613985388, 51.49213387403496], [9.21049867493305, 51.490556457689586], [9.210588537084208, 51.49036584651057], [9.211184933443812, 51.48917014700098], [9.211184966174542, 51.48917007980323], [9.211480523952819, 51.48856368637757], [9.211481860654978, 51.48856094372762], [9.211866472811415, 51.48776475775614], [9.208631217919189, 51.487363230274276], [9.208485701694766, 51.48734100778344], [9.207805073387973, 51.487239632177456], [9.207748357636357, 51.4872472974576], [9.20774835724374, 51.48724729754827], [9.207748359085656, 51.487247299254456], [9.207748333388672, 51.4872473008296], [9.2076521249835, 51.48725284433164], [9.20754642114916, 51.487262117427214], [9.207107444431074, 51.48728422796813], [9.206737448507464, 51.48731433069912], [9.206711281430016, 51.48731659893129], [9.206686307666809, 51.487318408667164], [9.206645777500881, 51.48732134569967], [9.206500026395682, 51.48733190755522], [9.20632958824951, 51.487344258135955], [9.20611633305182, 51.48736528406961], [9.205958019786957, 51.48738089276848], [9.20566540798993, 51.48740393138479], [9.205392874637502, 51.487425388536025], [9.20525383748685, 51.48743732930125], [9.2051169705159, 51.48744970872629], [9.204766686777747, 51.487481722145894], [9.204026306994763, 51.48751950371052], [9.204015236392957, 51.48754871222809], [9.203992367197143, 51.487604736615246], [9.20386662604698, 51.487918055277916], [9.203871315909138, 51.4879245832172], [9.20386652459982, 51.48791791514125], [9.203558807686555, 51.488619890211474], [9.203297814760163, 51.48923708202721], [9.202771271436951, 51.490378995293355], [9.202760280718241, 51.490403172541484], [9.20275302781909, 51.490420227089984], [9.202547465733074, 51.49090362214048], [9.202499876213887, 51.49100191427661], [9.202492842429654, 51.4910014956827], [9.202425340037665, 51.491155864282106], [9.202424763007416, 51.491158267925385], [9.202420408459306, 51.49117642076473], [9.202418778496549, 51.491183699741796], [9.202403750216549, 51.49119491505644], [9.20222801043381, 51.49158135276104], [9.202151466380268, 51.4917034922894], [9.209342519368006, 51.49288742522708]]], [[[9.201005793053172, 51.49410387516213], [9.201005506241103, 51.494103822907825], [9.200988700245139, 51.494144304690955], [9.200964343269371, 51.494202974611255], [9.200730959810711, 51.49476513064157], [9.20068987917344, 51.49486046059852], [9.200916558035836, 51.49489885137605], [9.201601567078171, 51.49501281264516], [9.202355778675129, 51.4951329466886], [9.20305807057916, 51.49524327115354], [9.20367099336564, 51.49534745085405], [9.204371887427586, 51.495465866042466], [9.204927112145368, 51.495556646503275], [9.205678479173734, 51.49568126174766], [9.20621639393543, 51.49576756969055], [9.206903525025576, 51.49587960132271], [9.207541724722404, 51.495980213312926], [9.207772857108415, 51.496021994337234], [9.207877039264686, 51.49582966273913], [9.20797306077795, 51.4956240170164], [9.2079963475854, 51.4955712726178], [9.208035217890522, 51.495506037415836], [9.20805122014247, 51.49547764336318], [9.20808249380562, 51.4954221518226], [9.208098296206744, 51.49539411226787], [9.20820615649198, 51.49517661228629], [9.208323945346278, 51.494939090105234], [9.20834216511097, 51.494902349403645], [9.20834243348951, 51.4949018075759], [9.208854714050181, 51.493868754788316], [9.209048497246407, 51.49346467909414], [9.209153969510243, 51.49326526130519], [9.209336314312896, 51.49288907466577], [9.202148810404301, 51.49171133589698], [9.202117748132862, 51.4917678059456], [9.202117732129329, 51.49176783864494], [9.201245402664975, 51.493584803369735], [9.201244760886986, 51.49358626382791], [9.20124465472531, 51.49358636111764], [9.20122399211511, 51.49362939700693], [9.201220813287334, 51.493631094830874], [9.201076941508065, 51.4939427849494], [9.201005793053172, 51.49410387516213]]]]}, "properties": {"schlag_id": 144, "name_sl": "Saul", "betrieb_name": "Desenberg GbR", "frucht_kurz": "ZR", "ha_calc": 48.0477, "inaktiv": 0}}, {"type": "Feature", "geometry": {"type": "MultiPolygon", "coordinates": [[[[9.20678095513419, 51.48235662240218], [9.206797104115704, 51.4823543453579], [9.206884434221031, 51.4823420315628], [9.206997686481412, 51.482323678738354], [9.207300642108287, 51.48225724076855], [9.207582749411895, 51.4822144382642], [9.207810050756109, 51.48218079713526], [9.2080550916704, 51.48214611690065], [9.208101863425632, 51.482144019433896], [9.208113141617682, 51.482140977749], [9.208122797503062, 51.48213592446512], [9.208453343209424, 51.48210310609591], [9.208806430893507, 51.482061181647566], [9.209178930796215, 51.48203130819376], [9.20929988335586, 51.4820240417587], [9.209328905877122, 51.482020968285944], [9.209701437445311, 51.48199814374057], [9.209764331027714, 51.48199400230348], [9.209499168615118, 51.48115747011065], [9.209455198494384, 51.48114097905572], [9.209157945795592, 51.48104481578307], [9.209077509194515, 51.481018217965826], [9.208796317816835, 51.48098099757878], [9.208530385003035, 51.48095674399143], [9.207988161114903, 51.4809083528305], [9.207867151762565, 51.48090252395924], [9.207628181433648, 51.480926666890554], [9.207428646768937, 51.480959705237886], [9.207183296556659, 51.48099997409351], [9.20678999292821, 51.481065130933544], [9.20655136372854, 51.48108972493988], [9.206379136595505, 51.48109753266155], [9.206142070148514, 51.481111043595924], [9.205815936004997, 51.48112324925044], [9.205371121898281, 51.48113757692692], [9.204864725819606, 51.481164650607745], [9.20470363668747, 51.4812142861053], [9.204471701235606, 51.48129325453238], [9.204172072901516, 51.48138543434216], [9.204065810016694, 51.48143094445029], [9.203933740536096, 51.48155360206934], [9.203625404155648, 51.48186436398753], [9.203406969051501, 51.48207827528806], [9.20330929116365, 51.48216451295833], [9.203195094216744, 51.48224025291475], [9.202992361920579, 51.48235844979204], [9.202786348668297, 51.48246456495015], [9.202652703621691, 51.48252979851972], [9.203229097397852, 51.482994607459496], [9.20330193620439, 51.483049878648465], [9.20336345611736, 51.483099126080575], [9.203487737644105, 51.483195099945036], [9.203531721870887, 51.483152119117634], [9.2035698512881, 51.48312099103798], [9.203581176223485, 51.48311174553665], [9.203667800876342, 51.483058911373156], [9.203749517935153, 51.48301848177495], [9.203771614731933, 51.48301118593616], [9.203882790979605, 51.482974478405495], [9.203994848009456, 51.48293747988609], [9.204058718520614, 51.48292053231632], [9.204240993127879, 51.48287216698829], [9.204445619481717, 51.48281787018116], [9.20461803831907, 51.48277949204301], [9.204974064467518, 51.48270024431156], [9.205132739383888, 51.48266587717183], [9.205551275410448, 51.482583725526396], [9.205822042177347, 51.48252986098826], [9.206063445714875, 51.48248628955004], [9.206398898685276, 51.48242574186399], [9.20678095513419, 51.48235662240218]]]]}, "properties": {"schlag_id": 27, "name_sl": "51", "betrieb_name": "Desenberg GbR", "frucht_kurz": "ZR", "ha_calc": 6.5231, "inaktiv": 0}}, {"type": "Feature", "geometry": {"type": "MultiPolygon", "coordinates": [[[[9.223301470776633, 51.48068828471821], [9.223292062805058, 51.48068536994037], [9.223582473705902, 51.48052351428116], [9.224332397663858, 51.480248994912934], [9.225079483707974, 51.47982792642555], [9.2257277111171, 51.47946895706769], [9.226090379767601, 51.47928939650348], [9.225273268087589, 51.478912615667326], [9.224119503956008, 51.47840232978245], [9.222931659086766, 51.47788952984112], [9.222511843442819, 51.47827010546894], [9.22209240681472, 51.478731701240015], [9.221599883280318, 51.479173181763194], [9.221277111822637, 51.479502939271285], [9.22098842414358, 51.48006895564303], [9.220921185781245, 51.480281425428146], [9.222885737632813, 51.480624637003636], [9.223301470776633, 51.48068828471821]]]]}, "properties": {"schlag_id": 120, "name_sl": "Mühlenplan", "betrieb_name": "Desenberg GbR", "frucht_kurz": "ZR", "ha_calc": 6.0995, "inaktiv": 0}}, {"type": "Feature", "geometry": {"type": "MultiPolygon", "coordinates": [[[[9.327309586352099, 51.45425968624244], [9.330437512586427, 51.454282899390385], [9.330589902051578, 51.45365290802683], [9.32866427434442, 51.453605868190195], [9.327309586352099, 51.45425968624244]]]]}, "properties": {"schlag_id": 397, "name_sl": "auf dem Bodenber", "betrieb_name": "Dieter Otto", "frucht_kurz": "---", "ha_calc": 1.2738, "inaktiv": 0}}, {"type": "Feature", "geometry": {"type": "MultiPolygon", "coordinates": [[[[9.326309048090103, 51.45493371289909], [9.326360957658736, 51.45619882019432], [9.327154696781234, 51.45620398222926], [9.327190859750681, 51.45494781146776], [9.326309048090103, 51.45493371289909]]]]}, "properties": {"schlag_id": 398, "name_sl": "Bodenber I", "betrieb_name": "Dieter Otto", "frucht_kurz": "---", "ha_calc": 0.816, "inaktiv": 0}}, {"type": "Feature", "geometry": {"type": "MultiPolygon", "coordinates": [[[[9.327799628777829, 51.45621691672975], [9.32836211565882, 51.456205085534855], [9.3283629881023, 51.45499417313226], [9.32836266394289, 51.454961004378056], [9.327830532789251, 51.45494595488401], [9.327799628777829, 51.45621691672975]]]]}, "properties": {"schlag_id": 399, "name_sl": "Bodenberg II", "betrieb_name": "Dieter Otto", "frucht_kurz": "---", "ha_calc": 0.532, "inaktiv": 0}}, {"type": "Feature", "geometry": {"type": "MultiPolygon", "coordinates": [[[[9.31706990028819, 51.4522207635457], [9.317118894158384, 51.45211183769975], [9.316928045864278, 51.452091632264086], [9.316894628302219, 51.45205545840837], [9.316919323066346, 51.452029488413906], [9.31715977615949, 51.4520288369328], [9.317322367030412, 51.45156214004365], [9.31601160874985, 51.45146207478094], [9.316012468869374, 51.451586407417025], [9.314992447162838, 51.451563254575234], [9.314970823531144, 51.45203474946954], [9.314947163493791, 51.4522109543238], [9.314947163493791, 51.4522109543238], [9.31706990028819, 51.4522207635457]]]]}, "properties": {"schlag_id": 407, "name_sl": "Bodenberg oben", "betrieb_name": "Dieter Otto", "frucht_kurz": "---", "ha_calc": 1.1542, "inaktiv": 0}}, {"type": "Feature", "geometry": {"type": "MultiPolygon", "coordinates": [[[[9.321843431322726, 51.461325399957715], [9.324724748291219, 51.461614839405065], [9.324803567022416, 51.46151554521766], [9.324785140061016, 51.46132796967748], [9.321889985260656, 51.46104527605125], [9.321843431322726, 51.461325399957715]]]]}, "properties": {"schlag_id": 402, "name_sl": "Hohelied", "betrieb_name": "Dieter Otto", "frucht_kurz": "---", "ha_calc": 0.6509, "inaktiv": 0}}, {"type": "Feature", "geometry": {"type": "MultiPolygon", "coordinates": [[[[9.296143350968128, 51.45354994845422], [9.296689129028442, 51.453650689570075], [9.297140805096832, 51.45130411869419], [9.296663313380462, 51.45124012492561], [9.29633784715098, 51.45277793577398], [9.296441494164684, 51.45291062549466], [9.296346148103725, 51.45310294314227], [9.296143350968128, 51.45354994845422]]]]}, "properties": {"schlag_id": 403, "name_sl": "Mühlenbergweg", "betrieb_name": "Dieter Otto", "frucht_kurz": "---", "ha_calc": 0.8935, "inaktiv": 0}}, {"type": "Feature", "geometry": {"type": "MultiPolygon", "coordinates": [[[[9.287215249189508, 51.454036433811574], [9.287481557224801, 51.45407774727359], [9.288313174849714, 51.453266579573985], [9.288084075223116, 51.45314157769368], [9.287215249189508, 51.454036433811574]]]]}, "properties": {"schlag_id": 406, "name_sl": "Niederlistinger", "betrieb_name": "Dieter Otto", "frucht_kurz": "---", "ha_calc": 0.2179, "inaktiv": 0}}, {"type": "Feature", "geometry": {"type": "MultiPolygon", "coordinates": [[[[9.330484185344291, 51.45794833032294], [9.330563031727362, 51.45879563870833], [9.332124579066626, 51.458448203858005], [9.332022364849403, 51.457761348275156], [9.330484185344291, 51.45794833032294]]]]}, "properties": {"schlag_id": 401, "name_sl": "Saulen II", "betrieb_name": "Dieter Otto", "frucht_kurz": "---", "ha_calc": 0.9373, "inaktiv": 0}}, {"type": "Feature", "geometry": {"type": "MultiPolygon", "coordinates": [[[[9.335488604223118, 51.456592485720556], [9.335504776301141, 51.4571721859572], [9.338348990528944, 51.45699900709166], [9.338362672560631, 51.45649267286942], [9.335488604223118, 51.456592485720556]]]]}, "properties": {"schlag_id": 400, "name_sl": "Saulen III", "betrieb_name": "Dieter Otto", "frucht_kurz": "---", "ha_calc": 1.1998, "inaktiv": 0}}, {"type": "Feature", "geometry": {"type": "MultiPolygon", "coordinates": [[[[9.31150805519526, 51.45291241203063], [9.311561802783787, 51.45303182681255], [9.3137653085965, 51.45300153721367], [9.313808172603432, 51.45287427955591], [9.31150805519526, 51.45291241203063]]]]}, "properties": {"schlag_id": 404, "name_sl": "unterm Tinkenber", "betrieb_name": "Dieter Otto", "frucht_kurz": "---", "ha_calc": 0.2148, "inaktiv": 0}}, {"type": "Feature", "geometry": {"type": "MultiPolygon", "coordinates": [[[[9.281772774484715, 51.46288267135726], [9.282523661572235, 51.46263922975475], [9.282960939927712, 51.4600625087602], [9.282298969067883, 51.460082567585005], [9.281772774484715, 51.46288267135726]]]]}, "properties": {"schlag_id": 405, "name_sl": "Westerfeld", "betrieb_name": "Dieter Otto", "frucht_kurz": "---", "ha_calc": 1.4183, "inaktiv": 0}}, {"type": "Feature", "geometry": {"type": "MultiPolygon", "coordinates": [[[[9.202082624293709, 51.502705616139465], [9.20222163300135, 51.502801168472416], [9.20245031664582, 51.502591336590974], [9.202634723023511, 51.50241847261329], [9.202988786896693, 51.502051234757744], [9.202999140040435, 51.50204249760931], [9.203009735501334, 51.502025717612874], [9.203122043437126, 51.50186962229334], [9.20324333750546, 51.50172835855579], [9.203331140320156, 51.50163604362609], [9.203325198848834, 51.50163508012273], [9.203310465287496, 51.50162647886337], [9.203568175025724, 51.50138470115738], [9.203607197873383, 51.501338498632634], [9.202877940640416, 51.5011208408907], [9.20142129550752, 51.50225018484234], [9.201904190239835, 51.502587209877746], [9.202082624293709, 51.502705616139465]]]]}, "properties": {"schlag_id": 108, "name_sl": "Grünland Rotenburg", "betrieb_name": "Gut Grimelsheim", "frucht_kurz": "---", "ha_calc": 1.2162, "inaktiv": 0}}, {"type": "Feature", "geometry": {"type": "MultiPolygon", "coordinates": [[[[9.223795718740424, 51.484059055204966], [9.223409685688345, 51.483595017143365], [9.223162070573991, 51.48370382832925], [9.223941506186282, 51.48469108526427], [9.224030433431142, 51.48464998254777], [9.22422372752612, 51.48457532287401], [9.223795718740424, 51.484059055204966]]]]}, "properties": {"schlag_id": 157, "name_sl": "Kalitholz I", "betrieb_name": "Gut Grimelsheim", "frucht_kurz": "---", "ha_calc": 0.2701, "inaktiv": 0}}, {"type": "Feature", "geometry": {"type": "MultiPolygon", "coordinates": [[[[9.236843913211597, 51.47589087139326], [9.236959967286829, 51.475713584250414], [9.237226219251712, 51.47525528553232], [9.237118617335579, 51.47523444118146], [9.236951319905078, 51.4751871952887], [9.236910556239483, 51.475238523194655], [9.23678965437156, 51.47539457369743], [9.236544979390802, 51.47574913625585], [9.236559488591627, 51.475800224623995], [9.236647043037605, 51.475852170378495], [9.236790896602903, 51.47589946416756], [9.236843913211597, 51.47589087139326]]]]}, "properties": {"schlag_id": 238, "name_sl": "Streuobst", "betrieb_name": "Gut Grimelsheim", "frucht_kurz": "---", "ha_calc": 0.1781, "inaktiv": 0}}, {"type": "Feature", "geometry": {"type": "MultiPolygon", "coordinates": [[[[9.225134592350877, 51.48997244254057], [9.225255518994862, 51.49006874461442], [9.225291835535607, 51.490110203262745], [9.225374431345442, 51.49020449371385], [9.225627291105665, 51.4902509685277], [9.226488180356009, 51.49040919258679], [9.227378692169802, 51.49057285318427], [9.22788473490163, 51.49066585150346], [9.228003036423509, 51.49067727679687], [9.228183629580466, 51.49070023601462], [9.228283698602217, 51.490708363784925], [9.228283396093593, 51.49070623316561], [9.228524288672542, 51.49069740226982], [9.228276758967962, 51.49065948703583], [9.22814232312662, 51.49062851842077], [9.22794462253004, 51.49058287936433], [9.227873237484747, 51.49052384583148], [9.227844952221364, 51.490415034660984], [9.2278356564461, 51.490379274433614], [9.227844728635082, 51.49033009709127], [9.228005617553107, 51.49020939410244], [9.22812404726128, 51.490107821252096], [9.2284166027743, 51.48993317522803], [9.228416644482667, 51.48993314850666], [9.228434893987949, 51.48992065475407], [9.228637195656455, 51.48977433334776], [9.2286854773201, 51.489728365585734], [9.228734260697433, 51.48965740543958], [9.228734051993218, 51.489578094662875], [9.228661928618793, 51.489488709534285], [9.228544853391808, 51.48942691967509], [9.228244304657382, 51.489277340489146], [9.227725072494659, 51.48900516615017], [9.227571515110734, 51.48892456156337], [9.227354223258288, 51.48882054534947], [9.227193759030493, 51.48877231418161], [9.226855929695867, 51.488734201853056], [9.22665636962291, 51.48873805226681], [9.226439710267181, 51.48876198158371], [9.226333319429, 51.488805123598446], [9.226216369528384, 51.4888636692827], [9.226182690076108, 51.48889502727082], [9.226166380305214, 51.488910213342336], [9.22614735631185, 51.48894362395449], [9.226141497423008, 51.4889730896637], [9.226149319005419, 51.4890634679538], [9.226149632174327, 51.489126763239675], [9.226161082711355, 51.4893124771124], [9.226162034273168, 51.48950478701599], [9.22615619217192, 51.4895324182165], [9.226149170663426, 51.48956562757222], [9.226146007480539, 51.489569369765945], [9.22614524623273, 51.48957212902427], [9.226140699817636, 51.48957564681425], [9.22594336558735, 51.48980905036907], [9.225806042954998, 51.48990393742682], [9.22560344515238, 51.48999134415994], [9.22561067877984, 51.49002873510604], [9.225459146981928, 51.49003342716945], [9.225134592350877, 51.48997244254057]]]]}, "properties": {"schlag_id": 371, "name_sl": "Bogen", "betrieb_name": "Gut Klingenburg", "frucht_kurz": "---", "ha_calc": 2.9653, "inaktiv": 0}}, {"type": "Feature", "geometry": {"type": "MultiPolygon", "coordinates": [[[[9.199817155889429, 51.500047570179156], [9.199749629344343, 51.500104937276696], [9.199805742610888, 51.50019932356863], [9.199847213177268, 51.500287024181944], [9.199896376646866, 51.500390993084984], [9.199933873788128, 51.5004978194748], [9.199943508264944, 51.50058389284378], [9.199942972249104, 51.500632772563776], [9.199942184018193, 51.500704651751896], [9.199915737948599, 51.500795986482444], [9.199876269312298, 51.50087347642306], [9.199791612490477, 51.50099033368763], [9.199656341456558, 51.501137380273356], [9.199526849603364, 51.50127814340006], [9.19945623158547, 51.50135490786225], [9.199411792614487, 51.5013934349758], [9.199231198497456, 51.50155000320073], [9.199015266504286, 51.50170983854446], [9.198843236598632, 51.50181363921975], [9.198823213297374, 51.50182572105501], [9.198787542260101, 51.501842952226006], [9.198720864989518, 51.50187516130427], [9.198658772021485, 51.50190515586259], [9.19851872201952, 51.50195260715001], [9.198423972879514, 51.50198470948898], [9.198363051228991, 51.501998245353306], [9.19829819065449, 51.502012656348434], [9.1981775536277, 51.502028519488626], [9.198090972244279, 51.50203990444755], [9.198024159996859, 51.50204868978825], [9.197968805062978, 51.50205596867792], [9.197922960859234, 51.50205918480898], [9.197825353636352, 51.502066032451765], [9.197763370400251, 51.5020759594328], [9.197720966147408, 51.50209545946956], [9.197670052827782, 51.50211887255495], [9.197633615982207, 51.50215814429953], [9.197594195876206, 51.502201691122906], [9.197573316222893, 51.50222708136206], [9.197564899132532, 51.50225295028744], [9.197560335508053, 51.50227384074483], [9.197559769161028, 51.50229605665359], [9.197558131648025, 51.502360291008095], [9.197557997975688, 51.50239635489473], [9.197561816111126, 51.50243059033884], [9.197571940906071, 51.50252137449999], [9.197576621814866, 51.50256334581632], [9.197578702804453, 51.502587742563016], [9.197578799195433, 51.50258887262447], [9.197586383172746, 51.5026777842882], [9.197595149906508, 51.502780561655605], [9.197550950524436, 51.502835525404066], [9.197710052235976, 51.50286865706297], [9.197870852016056, 51.50290176341148], [9.198167378015034, 51.50296281309599], [9.198197540618148, 51.50296534108933], [9.198254072938138, 51.502944041834944], [9.198336346653178, 51.502908641699925], [9.198387137926526, 51.50292738260448], [9.19844061225796, 51.502887409589334], [9.19893835928102, 51.50251538318367], [9.199208544426844, 51.50231361857887], [9.199467795882835, 51.50212001643286], [9.1997436399276, 51.501914017974315], [9.200019289362059, 51.50170816166783], [9.200563345616331, 51.50130185051039], [9.20109903111571, 51.5009017834273], [9.201260547352703, 51.50078115302209], [9.20139333310933, 51.50065879629427], [9.201439594687079, 51.50061285683286], [9.20147187544908, 51.50057847022915], [9.201495444713405, 51.500562074614415], [9.20193251968736, 51.50023218594258], [9.201986065129505, 51.500197657193326], [9.202059824594013, 51.50014881630805], [9.202911535213842, 51.49950059656842], [9.203169141720903, 51.499310371279044], [9.20283754115738, 51.49923146469202], [9.20243194075646, 51.49913370150776], [9.201148684910024, 51.49882060946934], [9.200617103703864, 51.49869346300704], [9.20036565363473, 51.498620407593044], [9.200088080936709, 51.49855931503908], [9.200028663854258, 51.49857394396862], [9.199914992021682, 51.49854849759225], [9.19974931124045, 51.49851003987951], [9.199742900812856, 51.498476504983], [9.19971614473117, 51.49846901779136], [9.199696301415173, 51.49846528515657], [9.199650557024334, 51.49845244970072], [9.199569433906866, 51.49843160365448], [9.199397707848997, 51.49839046553281], [9.199093195254889, 51.49830881553415], [9.198382521088936, 51.498137992010506], [9.19823856740378, 51.498103491426605], [9.198090244448482, 51.49806794333228], [9.197821394563862, 51.498003508414385], [9.197280211922303, 51.497863863613624], [9.196638515431598, 51.49772013191793], [9.19703604988368, 51.49839152084733], [9.197276183554738, 51.49878156639581], [9.197585397923756, 51.4992838080071], [9.197718046615941, 51.49949255427995], [9.19778832206367, 51.49949286383173], [9.197874517972373, 51.4994553206154], [9.198875372459828, 51.499463092405946], [9.199072336796634, 51.4994248994512], [9.199307334910692, 51.499415036456206], [9.199498216001478, 51.49953129085741], [9.199658759431365, 51.49962906769403], [9.199710252140447, 51.499660428472566], [9.199825881449252, 51.49976088498905], [9.199928321040304, 51.49984988208695], [9.199976636020642, 51.49989185677163], [9.199919131378401, 51.49995649672384], [9.19983328209696, 51.500052997802925], [9.199817155889429, 51.500047570179156]], [[9.200192659527282, 51.50033299798016], [9.200204758766082, 51.50014997619483], [9.20032018821247, 51.50015201624148], [9.200306655976481, 51.500335040486334], [9.200192659527282, 51.50033299798016]]]]}, "properties": {"schlag_id": 368, "name_sl": "y - 168-00", "betrieb_name": "Gut Klingenburg", "frucht_kurz": "---", "ha_calc": 8.3533, "inaktiv": 0}}, {"type": "Feature", "geometry": {"type": "MultiPolygon", "coordinates": [[[[9.217090384886463, 51.49856946928203], [9.217191166442529, 51.4986016485258], [9.217475158373315, 51.49868001153306], [9.217691848749794, 51.49841922166754], [9.217308784990303, 51.49826283331322], [9.21703569551183, 51.498547497555826], [9.217090384886463, 51.49856946928203]]]]}, "properties": {"schlag_id": 73, "name_sl": "z - 185-00", "betrieb_name": "Gut Klingenburg", "frucht_kurz": "---", "ha_calc": 0.1153, "inaktiv": 0}}, {"type": "Feature", "geometry": {"type": "MultiPolygon", "coordinates": [[[[9.218956988314424, 51.49864025251222], [9.219195495125836, 51.49871035368124], [9.219319713068323, 51.49851862929023], [9.219160040954586, 51.498473583253784], [9.219085323904402, 51.498466163447816], [9.219040939505781, 51.49846876311669], [9.218942813438728, 51.498630202896784], [9.218956988314424, 51.49864025251222]]]]}, "properties": {"schlag_id": 309, "name_sl": "z - 186-00", "betrieb_name": "Gut Klingenburg", "frucht_kurz": "---", "ha_calc": 0.0443, "inaktiv": 0}}, {"type": "Feature", "geometry": {"type": "MultiPolygon", "coordinates": [[[[9.219310991605443, 51.49907976553605], [9.218989534096835, 51.49902299060787], [9.219173423978235, 51.498738114759824], [9.21889151702574, 51.498676154981126], [9.21872646444558, 51.49894153205674], [9.218613452008205, 51.49912323535461], [9.21867885896217, 51.499136247621166], [9.218664897563722, 51.49916584847975], [9.219228414036198, 51.499211895772305], [9.219267739491414, 51.49914435189151], [9.219310991605443, 51.49907976553605]]]]}, "properties": {"schlag_id": 288, "name_sl": "z - 187-00", "betrieb_name": "Gut Klingenburg", "frucht_kurz": "---", "ha_calc": 0.1518, "inaktiv": 0}}, {"type": "Feature", "geometry": {"type": "MultiPolygon", "coordinates": [[[[9.227109355407363, 51.50023979020458], [9.227110864572033, 51.5003871043431], [9.227495492545284, 51.50032372833111], [9.227564094602629, 51.50031242440621], [9.227598865193967, 51.50022861350932], [9.227109355407363, 51.50023979020458]]]]}, "properties": {"schlag_id": 278, "name_sl": "z - 193-00", "betrieb_name": "Gut Klingenburg", "frucht_kurz": "---", "ha_calc": 0.0415, "inaktiv": 0}}, {"type": "Feature", "geometry": {"type": "MultiPolygon", "coordinates": [[[[9.226104984183783, 51.50014538380817], [9.22704565620403, 51.50018153435806], [9.227629992272242, 51.50017330369206], [9.227645801776893, 51.50016079149071], [9.227657547816069, 51.50013742611307], [9.227658135823344, 51.50009756894966], [9.227618411262695, 51.500076822039475], [9.2272908935271, 51.500051106888066], [9.227014236953428, 51.50003081868128], [9.226863164506838, 51.500001496646235], [9.22664193844913, 51.499964180448416], [9.226337232688717, 51.49991270833449], [9.226188375375278, 51.499899394557], [9.226181217044811, 51.499953159625406], [9.226168963479202, 51.49995252409239], [9.226167936601433, 51.49995533444313], [9.226139947747491, 51.50003193829132], [9.22611026477132, 51.50011317960624], [9.226104984183783, 51.50014538380817]]]]}, "properties": {"schlag_id": 251, "name_sl": "z - 194-00", "betrieb_name": "Gut Klingenburg", "frucht_kurz": "---", "ha_calc": 0.1997, "inaktiv": 0}}, {"type": "Feature", "geometry": {"type": "MultiPolygon", "coordinates": [[[[9.222221880808874, 51.49918909140346], [9.222174987278065, 51.49909875681534], [9.222117882269051, 51.49901335565586], [9.222059217106665, 51.49893090610355], [9.222014901111212, 51.49888479534658], [9.221810625742098, 51.49870393323163], [9.22149439858666, 51.49867887607409], [9.221461306054007, 51.49877933519758], [9.221053789567877, 51.49877358119052], [9.220835689912057, 51.49877300924346], [9.220419843079798, 51.49874725408465], [9.220405215383641, 51.49881608214862], [9.220821502211303, 51.49893275144844], [9.220875306542798, 51.498963601520856], [9.220942672115141, 51.499002087031435], [9.22117982886233, 51.49906011622743], [9.221654026188936, 51.49914858838918], [9.22199960172191, 51.499219286432364], [9.222243246533958, 51.49926442467131], [9.222221880808874, 51.49918909140346]]]]}, "properties": {"schlag_id": 272, "name_sl": "z- 195-00", "betrieb_name": "Gut Klingenburg", "frucht_kurz": "---", "ha_calc": 0.3907, "inaktiv": 0}}, {"type": "Feature", "geometry": {"type": "MultiPolygon", "coordinates": [[[[9.227134839730173, 51.499575960698586], [9.227071046401758, 51.49957565266935], [9.227009435311281, 51.49957101505533], [9.226984071230662, 51.49964598096962], [9.226916739293431, 51.4999023263007], [9.22689802814433, 51.49995499748981], [9.227197631082202, 51.49997357237697], [9.227544966361538, 51.499995241177686], [9.227774140686966, 51.50001043579335], [9.227981075545431, 51.500049455152705], [9.227981076970789, 51.50004945523991], [9.228106706370276, 51.50001526635828], [9.228306485140038, 51.5000096814803], [9.22836123378335, 51.500015996871426], [9.22843283759521, 51.500018091694756], [9.228518759942684, 51.50002015848761], [9.228558024136067, 51.499997739934976], [9.22862564583068, 51.49991941053225], [9.228743068762261, 51.49977842608542], [9.228830908015658, 51.49965052661258], [9.228500167123402, 51.499635022576825], [9.228328191811253, 51.499627741394185], [9.228240159426136, 51.4996243514233], [9.228089507403586, 51.499617548236046], [9.227134839730173, 51.499575960698586]]]]}, "properties": {"schlag_id": 271, "name_sl": "z- 197-00", "betrieb_name": "Gut Klingenburg", "frucht_kurz": "---", "ha_calc": 0.5342, "inaktiv": 0}}, {"type": "Feature", "geometry": {"type": "MultiPolygon", "coordinates": [[[[9.257000173640668, 51.49498081283483], [9.25710597664952, 51.49495608358947], [9.257244939185812, 51.49495671919631], [9.259042987911341, 51.4950784357032], [9.259960217465377, 51.4935746805127], [9.259791934417887, 51.493525515007136], [9.259822367534442, 51.493494222058665], [9.259149109916171, 51.49330762771126], [9.258819085136814, 51.49323596399015], [9.258596149611934, 51.493173915315495], [9.258336500192833, 51.49310719956186], [9.258173247115518, 51.49333393579069], [9.258067675869157, 51.493493949736106], [9.257912557745394, 51.49361680535578], [9.257810122255677, 51.493687039868], [9.257753322570746, 51.493766855872494], [9.257606707163198, 51.494004402198456], [9.257536082167512, 51.49408485676994], [9.257387543598313, 51.49407493138046], [9.257000173640668, 51.49498081283483]]]]}, "properties": {"schlag_id": 331, "name_sl": "Banger III", "betrieb_name": "Joachim Wetekam", "frucht_kurz": "SM", "ha_calc": 2.7609, "inaktiv": 0}}, {"type": "Feature", "geometry": {"type": "MultiPolygon", "coordinates": [[[[9.248081809554693, 51.497903950418284], [9.248848395644298, 51.49792783060389], [9.249115698521175, 51.496343548846625], [9.2490044217666, 51.49631986257738], [9.248919921205319, 51.496286549972005], [9.248836016554169, 51.49624987355461], [9.248597191599183, 51.49619083261084], [9.248481903128509, 51.49618859633505], [9.248370968212024, 51.496255824143745], [9.248081809554693, 51.497903950418284]]]]}, "properties": {"schlag_id": 233, "name_sl": "Kruckenberg (Apf", "betrieb_name": "Joachim Wetekam", "frucht_kurz": "SM", "ha_calc": 0.985, "inaktiv": 0}}, {"type": "Feature", "geometry": {"type": "MultiPolygon", "coordinates": [[[[9.244943436330717, 51.497689967989075], [9.245422880307625, 51.49776371513395], [9.245846024174234, 51.49780721066585], [9.246347660847686, 51.49783185143136], [9.24692040602375, 51.49785633999429], [9.247762639104275, 51.497884927360374], [9.248021480714895, 51.49786367642114], [9.248066818313577, 51.49738671514496], [9.24504936941471, 51.49720619449983], [9.244943436330717, 51.497689967989075]]]]}, "properties": {"schlag_id": 123, "name_sl": "Kruckenberg (K„c", "betrieb_name": "Joachim Wetekam", "frucht_kurz": "SM", "ha_calc": 1.2517, "inaktiv": 0}}, {"type": "Feature", "geometry": {"type": "MultiPolygon", "coordinates": [[[[9.245115183655795, 51.49675138217927], [9.248202129981618, 51.49683007112931], [9.248336054284804, 51.496158673012054], [9.248273006645006, 51.49605412668848], [9.248008356358975, 51.49586892020764], [9.247682147645065, 51.49565038587867], [9.245442232438522, 51.4953435664667], [9.245115183655795, 51.49675138217927]]]]}, "properties": {"schlag_id": 179, "name_sl": "Krukenberg", "betrieb_name": "Joachim Wetekam", "frucht_kurz": "SM", "ha_calc": 2.8567, "inaktiv": 0}}, {"type": "Feature", "geometry": {"type": "MultiPolygon", "coordinates": [[[[9.2767191032597, 51.487245184969694], [9.277090312501254, 51.48739143201078], [9.277827727574325, 51.48765090627717], [9.279324277662285, 51.48621512192421], [9.27927117443955, 51.48618222049753], [9.279179616271474, 51.486152413361104], [9.278962909563456, 51.48610488920277], [9.278601543204049, 51.48599465536318], [9.278095684481112, 51.48584873315958], [9.2767191032597, 51.487245184969694]]]]}, "properties": {"schlag_id": 10, "name_sl": "Hopfenber II", "betrieb_name": "Joachim Wetekam", "frucht_kurz": "WG", "ha_calc": 1.7161, "inaktiv": 0}}, {"type": "Feature", "geometry": {"type": "MultiPolygon", "coordinates": [[[[9.277866770513368, 51.487672023373136], [9.280279915447242, 51.488675381616005], [9.281486493751222, 51.48917155776378], [9.282745807307489, 51.489667594074746], [9.284955215807853, 51.48755625931188], [9.284699816633685, 51.48745267900142], [9.284435531615205, 51.48733266679411], [9.284215340723422, 51.48723996846936], [9.28403958481766, 51.48722942657736], [9.283662368156183, 51.4873126062576], [9.283285218241684, 51.48740675318578], [9.283004695511027, 51.487500665253734], [9.282759139427373, 51.48756707060119], [9.28221324834391, 51.4873654688176], [9.281728649389898, 51.487130811067416], [9.281358657479588, 51.486961687559834], [9.281076612657339, 51.48680880460656], [9.28094457792043, 51.48676524717454], [9.280689057227512, 51.486639721167755], [9.280301538364874, 51.486476120671455], [9.27990517075786, 51.48630157143266], [9.279728881286328, 51.48620327534686], [9.279649756379818, 51.48619249584206], [9.279524288395164, 51.48615579224621], [9.278588530862814, 51.48697943679193], [9.277866770513368, 51.487672023373136]]]]}, "properties": {"schlag_id": 141, "name_sl": "Hopfengerg I", "betrieb_name": "Joachim Wetekam", "frucht_kurz": "WG", "ha_calc": 8.9224, "inaktiv": 0}}, {"type": "Feature", "geometry": {"type": "MultiPolygon", "coordinates": [[[[9.34666530490408, 51.47784246398129], [9.348084647947868, 51.477854395940035], [9.348090619367253, 51.475277981457026], [9.346673872029793, 51.47524709532036], [9.34666530490408, 51.47784246398129]]]]}, "properties": {"schlag_id": 327, "name_sl": "Katzenäcker", "betrieb_name": "Joachim Wetekam", "frucht_kurz": "WG", "ha_calc": 2.8323, "inaktiv": 0}}, {"type": "Feature", "geometry": {"type": "MultiPolygon", "coordinates": [[[[9.254148116018182, 51.48806642288439], [9.254791725310447, 51.48801758031293], [9.255255304000821, 51.48800370349762], [9.255671623509324, 51.488028729389995], [9.256348402590959, 51.48813270663306], [9.257008498777742, 51.486514962111585], [9.256653843715256, 51.48653707435461], [9.256260459511827, 51.48658337080325], [9.256181931751472, 51.48662705594534], [9.256016986360978, 51.48671411424104], [9.255819117534022, 51.4867363314086], [9.255579779450262, 51.48676066320678], [9.25524957886195, 51.486839140542294], [9.254954206311774, 51.48693768079402], [9.254580301745882, 51.48707562514172], [9.254148116018182, 51.48806642288439]]]]}, "properties": {"schlag_id": 235, "name_sl": "Auf dem Breiten", "betrieb_name": "Joachim Wetekam", "frucht_kurz": "WR", "ha_calc": 2.2379, "inaktiv": 0}}, {"type": "Feature", "geometry": {"type": "MultiPolygon", "coordinates": [[[[9.25699396732083, 51.49888624776835], [9.258275489978171, 51.49886729823482], [9.259308884027588, 51.49883598264857], [9.25955614201865, 51.49835424728353], [9.259764783364107, 51.49839601783397], [9.259567145068873, 51.49881283115235], [9.260529974760184, 51.4987480667729], [9.261262865365062, 51.49712531884031], [9.260899657540513, 51.497082438319296], [9.260760826918245, 51.49744625524341], [9.260497115655765, 51.49741655171587], [9.260646152512445, 51.49705813524425], [9.259799920259937, 51.49703826078683], [9.258569521741897, 51.4969506708163], [9.257935132483546, 51.49688125744793], [9.25699396732083, 51.49888624776835]]]]}, "properties": {"schlag_id": 74, "name_sl": "Banger", "betrieb_name": "Joachim Wetekam", "frucht_kurz": "WR", "ha_calc": 4.7234, "inaktiv": 0}}, {"type": "Feature", "geometry": {"type": "MultiPolygon", "coordinates": [[[[9.260629928468473, 51.49701232888808], [9.261325435711885, 51.49706819031653], [9.262306538715105, 51.49713837169253], [9.263190001642004, 51.49544598923262], [9.261372951915508, 51.49529628009769], [9.260991301049593, 51.49617452707342], [9.260629928468473, 51.49701232888808]]]]}, "properties": {"schlag_id": 114, "name_sl": "Banger II", "betrieb_name": "Joachim Wetekam", "frucht_kurz": "WR", "ha_calc": 2.3881, "inaktiv": 0}}, {"type": "Feature", "geometry": {"type": "MultiPolygon", "coordinates": [[[[9.25685411710645, 51.488174254974865], [9.256953575144879, 51.48818873783638], [9.25724087913654, 51.48808508090694], [9.257975788169292, 51.48786205857215], [9.258695035551803, 51.48774495852611], [9.259196298771995, 51.487748049527966], [9.259519663272098, 51.48782084027289], [9.259876764881541, 51.487910356925134], [9.260237124058488, 51.487980963296756], [9.260671673407163, 51.48808290653584], [9.260924121124722, 51.488107546411854], [9.26124376589806, 51.48811733420784], [9.261644111852315, 51.48812064004168], [9.261926704061207, 51.48812210796474], [9.262394451935311, 51.48814626249063], [9.263118001598006, 51.48819294255429], [9.263391402890617, 51.48753163547601], [9.262787899812254, 51.48735670033159], [9.261964293894174, 51.48717834886238], [9.26123875150525, 51.48704453852368], [9.260765129101342, 51.48698566051412], [9.260334697187858, 51.48690965012976], [9.259998755344892, 51.486869972751585], [9.259565646069332, 51.48680642270818], [9.259332983681881, 51.48676064210308], [9.259115575906863, 51.486708287003474], [9.258715370308034, 51.48663274125532], [9.257540275507443, 51.48651908091517], [9.25685411710645, 51.488174254974865]]]]}, "properties": {"schlag_id": 215, "name_sl": "In den Biegen", "betrieb_name": "Joachim Wetekam", "frucht_kurz": "WR", "ha_calc": 5.0399, "inaktiv": 0}}, {"type": "Feature", "geometry": {"type": "MultiPolygon", "coordinates": [[[[9.27908519991495, 51.50162196212811], [9.279593633210766, 51.501840785403694], [9.280139497923882, 51.502079116983836], [9.2804248428671, 51.50222786697059], [9.280845929111827, 51.50239603009161], [9.281069322141933, 51.50249575001255], [9.281500328156218, 51.50266796187938], [9.281802025744684, 51.50279936647294], [9.281964279651339, 51.50282662659378], [9.282121786418486, 51.50287889781727], [9.282339165149597, 51.502966992409355], [9.282211855264952, 51.50257656101168], [9.281713924065269, 51.50234832933552], [9.28102978629666, 51.50204038818755], [9.280316367963737, 51.501736987166254], [9.27923701027504, 51.50130210885686], [9.27908519991495, 51.50162196212811]]]]}, "properties": {"schlag_id": 281, "name_sl": "Am Eselspfad", "betrieb_name": "Joachim Wetekam", "frucht_kurz": "WW", "ha_calc": 0.983, "inaktiv": 0}}, {"type": "Feature", "geometry": {"type": "MultiPolygon", "coordinates": [[[[9.245615973577127, 51.48715847451657], [9.245675505279992, 51.48737825876167], [9.245754729010075, 51.48759620454142], [9.245803099474584, 51.48788726375183], [9.245823046126304, 51.48814655013932], [9.24600441242772, 51.48818286041089], [9.246272860549224, 51.48822740403222], [9.246483176243096, 51.488207410434505], [9.248685631438509, 51.48748874765319], [9.248442685476018, 51.48648492132278], [9.247969267314687, 51.486426153964274], [9.245673377159255, 51.486353120585754], [9.245615973577127, 51.48715847451657]]]]}, "properties": {"schlag_id": 9, "name_sl": "Am Kirschenbrunn", "betrieb_name": "Joachim Wetekam", "frucht_kurz": "WW", "ha_calc": 3.4329, "inaktiv": 0}}, {"type": "Feature", "geometry": {"type": "MultiPolygon", "coordinates": [[[[9.257575267652246, 51.490099168681816], [9.257717296671709, 51.4902283262295], [9.2579237673657, 51.490527606753574], [9.257974965615455, 51.49076397575426], [9.260574461340108, 51.49122987394019], [9.260642597747646, 51.49103712895787], [9.260798408534747, 51.49063299157889], [9.260865235958352, 51.49039831740633], [9.260820027282064, 51.490353284104216], [9.260387507247444, 51.49023528258582], [9.259691664386164, 51.490061295445656], [9.259201882232837, 51.489947018307454], [9.258827526140022, 51.489894016037084], [9.258573602189236, 51.48987523294336], [9.25835183381845, 51.48989585965545], [9.25796881737836, 51.489980439710735], [9.257575267652246, 51.490099168681816]]]]}, "properties": {"schlag_id": 6, "name_sl": "Am Kruckenberg", "betrieb_name": "Joachim Wetekam", "frucht_kurz": "WW", "ha_calc": 2.1702, "inaktiv": 0}}, {"type": "Feature", "geometry": {"type": "MultiPolygon", "coordinates": [[[[9.262598960840332, 51.49258221989411], [9.263195755352452, 51.49285102620586], [9.263846733330034, 51.493180529472205], [9.264079766876135, 51.49333082711868], [9.264750871565623, 51.492792502352714], [9.264984633334468, 51.49262453866582], [9.2652080129135, 51.4924827541084], [9.265629455230433, 51.492354137098104], [9.26609997865463, 51.49227105394633], [9.266045002513833, 51.49219169794442], [9.265764699267672, 51.49201265726312], [9.265276743457584, 51.491709313784746], [9.265014518817793, 51.49155277352419], [9.264812754321785, 51.491471506454744], [9.264642414002587, 51.491445120868356], [9.26441908475342, 51.49137226082981], [9.263907240522121, 51.49123776282358], [9.263395591896243, 51.491108369572295], [9.263103610111596, 51.49163676316391], [9.262598960840332, 51.49258221989411]]]]}, "properties": {"schlag_id": 194, "name_sl": "Am Kruckenberge", "betrieb_name": "Joachim Wetekam", "frucht_kurz": "WW", "ha_calc": 3.1343, "inaktiv": 0}}, {"type": "Feature", "geometry": {"type": "MultiPolygon", "coordinates": [[[[9.271222860029095, 51.501435343172034], [9.271944385891375, 51.5015231969439], [9.273171850792483, 51.501675535850254], [9.274204639542674, 51.501803679002336], [9.274913487330714, 51.5002905719342], [9.274358157833232, 51.49998217533639], [9.274061177362888, 51.499811127297164], [9.273462400193564, 51.49960470074247], [9.273048017700708, 51.49947733423122], [9.27259541548903, 51.49931085411778], [9.272248167351345, 51.49921828093027], [9.271222860029095, 51.501435343172034]]]]}, "properties": {"schlag_id": 208, "name_sl": "Am Ochsenrcken", "betrieb_name": "Joachim Wetekam", "frucht_kurz": "WW", "ha_calc": 4.6966, "inaktiv": 0}}, {"type": "Feature", "geometry": {"type": "MultiPolygon", "coordinates": [[[[9.228968735017995, 51.48627381566967], [9.231376546007203, 51.48723908572025], [9.232133444930746, 51.48644839357617], [9.229743623648732, 51.48543398169423], [9.228968735017995, 51.48627381566967]]]]}, "properties": {"schlag_id": 25, "name_sl": "Auf der Grube I", "betrieb_name": "Joachim Wetekam", "frucht_kurz": "WW", "ha_calc": 2.0956, "inaktiv": 0}}, {"type": "Feature", "geometry": {"type": "MultiPolygon", "coordinates": [[[[9.279851338702333, 51.50402739323468], [9.282058439513625, 51.50503489814644], [9.282058439513625, 51.50503489814644], [9.281882563777643, 51.5053544242474], [9.282769722566199, 51.5057988540518], [9.283304100231716, 51.50525907651508], [9.283370680089101, 51.505128846426466], [9.283457447907077, 51.504781785883885], [9.283366798927542, 51.504504525036346], [9.283209803628054, 51.50428292074735], [9.282763553095387, 51.50402039338939], [9.282560897334713, 51.50360466224718], [9.282341484792434, 51.503286956427644], [9.282003041616113, 51.50315510209042], [9.281463758002701, 51.50289886376992], [9.280802470447174, 51.50324816993258], [9.280404117822396, 51.5035404794554], [9.280071258353582, 51.50363839462585], [9.279694787731621, 51.503875153271096], [9.279851338702333, 51.50402739323468]]]]}, "properties": {"schlag_id": 222, "name_sl": "Eselspfad 2", "betrieb_name": "Joachim Wetekam", "frucht_kurz": "WW", "ha_calc": 3.9946, "inaktiv": 0}}, {"type": "Feature", "geometry": {"type": "MultiPolygon", "coordinates": [[[[9.286113963108372, 51.49407649970198], [9.28767787087797, 51.49449063918748], [9.288049301443532, 51.49418940670775], [9.288193918300983, 51.49409775926222], [9.290136382955637, 51.495083471810055], [9.290750912214405, 51.49457267568182], [9.287426731947617, 51.49301664741101], [9.2871735224973, 51.493241955630296], [9.28700022497255, 51.49344468844251], [9.286892210164147, 51.49360757854819], [9.286622436080581, 51.49375105031496], [9.28649887763079, 51.49382055032478], [9.286218668345185, 51.493966918148864], [9.286113963108372, 51.49407649970198]]]]}, "properties": {"schlag_id": 236, "name_sl": "Im Buchenfeld", "betrieb_name": "Joachim Wetekam", "frucht_kurz": "WW", "ha_calc": 2.6676, "inaktiv": 0}}, {"type": "Feature", "geometry": {"type": "MultiPolygon", "coordinates": [[[[9.234465633238726, 51.48398779223894], [9.236877403678164, 51.48501977758991], [9.237312040527451, 51.48454056664878], [9.234949813621894, 51.48352341570009], [9.234465633238726, 51.48398779223894]]]]}, "properties": {"schlag_id": 90, "name_sl": "Im Pfefferloch", "betrieb_name": "Joachim Wetekam", "frucht_kurz": "WW", "ha_calc": 1.2332, "inaktiv": 0}}, {"type": "Feature", "geometry": {"type": "MultiPolygon", "coordinates": [[[[9.256111386330145, 51.4887944335257], [9.256638765612408, 51.48969628267408], [9.257018432285083, 51.48960414500404], [9.257591975681704, 51.48950454620823], [9.258375918984365, 51.48937984318494], [9.258832767234468, 51.48933339758958], [9.258515708993475, 51.48804789296354], [9.258297356424634, 51.48808119484022], [9.257809482966582, 51.48824179038428], [9.25716355683442, 51.488448175162894], [9.256501117189512, 51.488659046183], [9.256111386330145, 51.4887944335257]]]]}, "properties": {"schlag_id": 149, "name_sl": "In der Floth", "betrieb_name": "Joachim Wetekam", "frucht_kurz": "WW", "ha_calc": 2.1161, "inaktiv": 0}}, {"type": "Feature", "geometry": {"type": "MultiPolygon", "coordinates": [[[[9.262716564814497, 51.489752204990516], [9.263538647980686, 51.489962478014434], [9.263695999503211, 51.48982980989499], [9.26378360168411, 51.48985271480446], [9.26396214617359, 51.489894316460074], [9.264937581575833, 51.488601254021205], [9.264692255019506, 51.48856546424676], [9.264410566267536, 51.48852888061393], [9.264096640220368, 51.488519865197276], [9.26360778048407, 51.48853627558295], [9.262716564814497, 51.489752204990516]]]]}, "properties": {"schlag_id": 259, "name_sl": "In der Floth II", "betrieb_name": "Joachim Wetekam", "frucht_kurz": "WW", "ha_calc": 1.3886, "inaktiv": 0}}, {"type": "Feature", "geometry": {"type": "MultiPolygon", "coordinates": [[[[9.261434835034153, 51.48958188074782], [9.26221950917129, 51.48976087923694], [9.26315104615238, 51.48846544566933], [9.262538709948164, 51.488445526070564], [9.262310358494775, 51.48844018568181], [9.261434835034153, 51.48958188074782]]]]}, "properties": {"schlag_id": 89, "name_sl": "In der Floth III", "betrieb_name": "Joachim Wetekam", "frucht_kurz": "WW", "ha_calc": 0.8364, "inaktiv": 0}}, {"type": "Feature", "geometry": {"type": "MultiPolygon", "coordinates": [[[[9.256664062385175, 51.48977184704072], [9.256932725535624, 51.490172478165704], [9.257278916073188, 51.49006704818793], [9.257559001546376, 51.48997811963333], [9.257818944357668, 51.48987699192461], [9.25808581047811, 51.489811905441805], [9.25824182994754, 51.48976442359766], [9.258439022566185, 51.48975697348963], [9.258620146031344, 51.48974638507855], [9.258951815630276, 51.48980495016701], [9.259423912083081, 51.48991019529634], [9.259819592198717, 51.49000744519455], [9.260220350117915, 51.48940137173036], [9.259590473138658, 51.48935238341289], [9.259112817837536, 51.489361243357386], [9.258676280540612, 51.489374676137636], [9.258233123197456, 51.48944528941525], [9.257791180057037, 51.48952527489249], [9.257176962117297, 51.489619872466186], [9.256862285460668, 51.489704864899394], [9.256664062385175, 51.48977184704072]]]]}, "properties": {"schlag_id": 262, "name_sl": "unterm Krukenber", "betrieb_name": "Joachim Wetekam", "frucht_kurz": "WW", "ha_calc": 1.1301, "inaktiv": 0}}, {"type": "Feature", "geometry": {"type": "MultiPolygon", "coordinates": [[[[9.241606119279746, 51.45146082524465], [9.241397163769793, 51.45145111397179], [9.241776205518338, 51.45305374420074], [9.241975316102218, 51.45305333253184], [9.241765538816905, 51.45213165937903], [9.24176024082091, 51.45213144647294], [9.241606119279746, 51.45146082524465]]]]}, "properties": {"schlag_id": 303, "name_sl": "_ber dem Gemeindesiegen", "betrieb_name": "Martin Warburg", "frucht_kurz": "---", "ha_calc": 0.2516, "inaktiv": 0}}, {"type": "Feature", "geometry": {"type": "MultiPolygon", "coordinates": [[[[9.241572855382417, 51.453054164446876], [9.241776205518338, 51.45305374420074], [9.241397163769793, 51.45145111397179], [9.241242270491751, 51.451444522471384], [9.241197178694808, 51.45146438292501], [9.241394496802393, 51.45229941202771], [9.241409242854868, 51.45236182229709], [9.241417061033271, 51.45239491184209], [9.241572855382417, 51.453054164446876]]]]}, "properties": {"schlag_id": 39, "name_sl": "_ber dem Gemeindesiegen", "betrieb_name": "Martin Warburg", "frucht_kurz": "---", "ha_calc": 0.2521, "inaktiv": 0}}, {"type": "Feature", "geometry": {"type": "MultiPolygon", "coordinates": [[[[9.23742540388189, 51.45315933762364], [9.237735088704818, 51.45314671159618], [9.238014939188643, 51.45313530263552], [9.238340298722084, 51.45312204567488], [9.238788319130874, 51.45310379566488], [9.240030301495558, 51.45305316336597], [9.239931722109139, 51.45274578855343], [9.239831548060366, 51.452490452159175], [9.239741785745725, 51.45232786208131], [9.239657433669691, 51.452235816208116], [9.239558665160123, 51.45219206197492], [9.239429757871266, 51.45221776767826], [9.238847668298753, 51.45248536646139], [9.238570761467978, 51.45262740838259], [9.238265155696503, 51.45278379787176], [9.237824018329059, 51.45299502157866], [9.237383813403202, 51.45316103131591], [9.23742540388189, 51.45315933762364]]]]}, "properties": {"schlag_id": 203, "name_sl": "_ber dem Gemeindesiegen", "betrieb_name": "Martin Warburg", "frucht_kurz": "---", "ha_calc": 0.9505, "inaktiv": 0}}, {"type": "Feature", "geometry": {"type": "MultiPolygon", "coordinates": [[[[9.270906339021387, 51.455418854106476], [9.271789306843694, 51.455209084818165], [9.272353749484, 51.45507277017716], [9.27240430708313, 51.45501018100906], [9.272371121953196, 51.45482027209497], [9.269568262527459, 51.45565650201639], [9.269471048333422, 51.45548514654969], [9.269515569966646, 51.45573764718928], [9.269592136059492, 51.45576767034871], [9.270906339021387, 51.455418854106476]]]]}, "properties": {"schlag_id": 92, "name_sl": "_ber dem Oelsbruch", "betrieb_name": "Martin Warburg", "frucht_kurz": "---", "ha_calc": 0.3883, "inaktiv": 0}}, {"type": "Feature", "geometry": {"type": "MultiPolygon", "coordinates": [[[[9.271013678627003, 51.4547666851035], [9.271648329311105, 51.45455812157983], [9.271551405193934, 51.45456686671305], [9.271443346088068, 51.45457662062047], [9.270599916324368, 51.454652749139875], [9.26934438934691, 51.45476604678115], [9.269369254840635, 51.45490827363959], [9.269445461120629, 51.45534043483951], [9.269832660607202, 51.45515438347505], [9.27052131099764, 51.45492835473359], [9.271013678627003, 51.4547666851035]]]]}, "properties": {"schlag_id": 234, "name_sl": "_ber dem Oelsbruch", "betrieb_name": "Martin Warburg", "frucht_kurz": "---", "ha_calc": 0.4782, "inaktiv": 0}}, {"type": "Feature", "geometry": {"type": "MultiPolygon", "coordinates": [[[[9.244172398661608, 51.45301729425097], [9.245612991515468, 51.452997634604905], [9.245504219247405, 51.45254402998217], [9.245465132946327, 51.452378709414106], [9.245423261269496, 51.45220150777524], [9.24541387959542, 51.452161769570644], [9.245329185320502, 51.4518028624535], [9.245309946418885, 51.4517214280758], [9.245259477397175, 51.45150363539148], [9.24525983172066, 51.451503576330055], [9.24525974871504, 51.45150321812221], [9.24469069029958, 51.451598353681355], [9.243822365805181, 51.45156214465891], [9.244172398661608, 51.45301729425097]]]]}, "properties": {"schlag_id": 328, "name_sl": "Am schelen Busch", "betrieb_name": "Martin Warburg", "frucht_kurz": "---", "ha_calc": 1.6094, "inaktiv": 0}}, {"type": "Feature", "geometry": {"type": "MultiPolygon", "coordinates": [[[[9.245553172560603, 51.45581593811896], [9.245450836985356, 51.45535830873425], [9.244717647461464, 51.45557912634744], [9.244009804994326, 51.45562676695695], [9.244024977218087, 51.45569487195729], [9.244106086816283, 51.45605899759908], [9.244108568094333, 51.456075139038774], [9.244114502864358, 51.45611362568919], [9.244742831912646, 51.456071914261805], [9.245378246572928, 51.45587248032205], [9.245553172560603, 51.45581593811896]]]]}, "properties": {"schlag_id": 214, "name_sl": "Auf dem Uhlenberg 1", "betrieb_name": "Martin Warburg", "frucht_kurz": "---", "ha_calc": 0.55, "inaktiv": 0}}, {"type": "Feature", "geometry": {"type": "MultiPolygon", "coordinates": [[[[9.245450836985356, 51.45535830873425], [9.245438488578722, 51.455303087858404], [9.245434657672964, 51.45528596430767], [9.245418803969287, 51.45522142186926], [9.245399797090089, 51.45514402227585], [9.24537435406589, 51.45504080172353], [9.244498120835138, 51.45505333077422], [9.243884289101343, 51.45506315367618], [9.243961681228516, 51.45541074769148], [9.244009804994326, 51.45562676695695], [9.244717647461464, 51.45557912634744], [9.245450836985356, 51.45535830873425]]]]}, "properties": {"schlag_id": 121, "name_sl": "Auf dem Uhlenberg 2", "betrieb_name": "Martin Warburg", "frucht_kurz": "---", "ha_calc": 0.5577, "inaktiv": 0}}, {"type": "Feature", "geometry": {"type": "MultiPolygon", "coordinates": [[[[9.239692268138459, 51.44773025625155], [9.240400970652814, 51.44795912294088], [9.240399178553053, 51.44793538749049], [9.240395436362641, 51.44786709929013], [9.240388609852422, 51.44774101018225], [9.2403525231262, 51.447082477461], [9.240351607543564, 51.44706728610716], [9.239682868293997, 51.44706191893866], [9.239692268138459, 51.44773025625155]]]]}, "properties": {"schlag_id": 163, "name_sl": "Auf den sauren Heinewies", "betrieb_name": "Martin Warburg", "frucht_kurz": "---", "ha_calc": 0.4124, "inaktiv": 0}}, {"type": "Feature", "geometry": {"type": "MultiPolygon", "coordinates": [[[[9.281650226440417, 51.45327424145164], [9.281676862615727, 51.45312028150004], [9.281635109103762, 51.4530681609456], [9.281365858348105, 51.45300750775554], [9.280983978539716, 51.45294928249449], [9.280587840578926, 51.45291149357039], [9.280157329835664, 51.45287522383459], [9.279960341161903, 51.45284730131174], [9.279849001214462, 51.452831518154184], [9.279505190746063, 51.452798296704955], [9.279243197048293, 51.45278386158153], [9.278662813223123, 51.45277257894575], [9.27833440172499, 51.452736557240854], [9.278259774000144, 51.45275511489711], [9.27841102936778, 51.45337527651335], [9.279015402985527, 51.45336229552569], [9.279178572412759, 51.4533764621369], [9.27930294291607, 51.453395573124865], [9.279567126616008, 51.45341920190826], [9.279877845603748, 51.45343301484511], [9.28014200004697, 51.45345179043901], [9.280709317304398, 51.45351835803477], [9.28110488656934, 51.45347529455679], [9.281405609082885, 51.45343655086372], [9.28163331377122, 51.45340720263089], [9.281650226440417, 51.45327424145164]]]]}, "properties": {"schlag_id": 151, "name_sl": "Auf der Bergsteile", "betrieb_name": "Martin Warburg", "frucht_kurz": "---", "ha_calc": 1.4476, "inaktiv": 0}}, {"type": "Feature", "geometry": {"type": "MultiPolygon", "coordinates": [[[[9.270674850528811, 51.44821458455391], [9.270662875328297, 51.448358128562944], [9.27037037317937, 51.44834328614446], [9.270251791259225, 51.44859001486756], [9.270391812836904, 51.449068313381346], [9.271768753327935, 51.448950825001354], [9.271940028300513, 51.448914708940464], [9.271695849789124, 51.448841961714535], [9.271889428872903, 51.44877463823476], [9.272211270035163, 51.44883836312411], [9.27243345986556, 51.44877197851752], [9.27258766356988, 51.44883152850509], [9.272629663005516, 51.44905369910603], [9.27266643784837, 51.449058521937154], [9.273069970677769, 51.44911151018533], [9.2730747832367, 51.44900732655794], [9.274071759736794, 51.448838297452774], [9.273948741963876, 51.44834210478813], [9.27325813529369, 51.4483493072839], [9.27192465875917, 51.44832455096296], [9.270674850528811, 51.44821458455391]], [[9.270620835821305, 51.448413953051954], [9.270683274480533, 51.44841520256687], [9.270664856166315, 51.44869249287949], [9.270591213119923, 51.448682910696775], [9.270620835821305, 51.448413953051954]]]]}, "properties": {"schlag_id": 111, "name_sl": "Der Storchberg", "betrieb_name": "Martin Warburg", "frucht_kurz": "---", "ha_calc": 1.8037, "inaktiv": 0}}, {"type": "Feature", "geometry": {"type": "MultiPolygon", "coordinates": [[[[9.222363634830788, 51.46129740650326], [9.222324001687717, 51.46065782804001], [9.222320662045796, 51.460612516323856], [9.222271209938791, 51.45994253868828], [9.222247652539425, 51.459625384184285], [9.22224307468343, 51.45956284649894], [9.222227772604002, 51.45935388518552], [9.221660962339051, 51.45957823022869], [9.221491653426394, 51.459645247184696], [9.22085666935656, 51.459880503369874], [9.220795243157552, 51.45990982848733], [9.220605686125602, 51.459986048194125], [9.220325913235937, 51.46009093090049], [9.220030477988534, 51.46020168200303], [9.220130337699834, 51.460770359121106], [9.2201972572687, 51.46112931642862], [9.220228589519683, 51.4613414952851], [9.220282154644101, 51.46137031833968], [9.221298891846471, 51.461341699669944], [9.22236373237745, 51.46131743058276], [9.222363634830788, 51.46129740650326]]]]}, "properties": {"schlag_id": 14, "name_sl": "Die Gehre", "betrieb_name": "Martin Warburg", "frucht_kurz": "---", "ha_calc": 2.6731, "inaktiv": 0}}, {"type": "Feature", "geometry": {"type": "MultiPolygon", "coordinates": [[[[9.243698684211973, 51.45102063920583], [9.244016133405797, 51.45104335256124], [9.244937990868177, 51.450887359269295], [9.244693789108146, 51.449846189103745], [9.24452531849816, 51.4498958855502], [9.244214784699157, 51.44995792385982], [9.243840235316672, 51.44999160146914], [9.243769548959696, 51.450009187203975], [9.243693700507675, 51.45002795156078], [9.24364092320011, 51.450058621684626], [9.243493538026918, 51.450151507022554], [9.243533688757609, 51.45032158128903], [9.243698684211973, 51.45102063920583]]]]}, "properties": {"schlag_id": 91, "name_sl": "Engerwiesen", "betrieb_name": "Martin Warburg", "frucht_kurz": "---", "ha_calc": 0.9914, "inaktiv": 0}}, {"type": "Feature", "geometry": {"type": "MultiPolygon", "coordinates": [[[[9.245074936309072, 51.45147074005239], [9.244959947850473, 51.45098089829763], [9.244033568558955, 51.45112820578755], [9.243718884850264, 51.45111344276241], [9.243810705523055, 51.45149351923846], [9.243975463451045, 51.45150153303477], [9.24468298793734, 51.45153573787069], [9.245074936309072, 51.45147074005239]]]]}, "properties": {"schlag_id": 75, "name_sl": "Engerwiesen", "betrieb_name": "Martin Warburg", "frucht_kurz": "---", "ha_calc": 0.4324, "inaktiv": 0}}, {"type": "Feature", "geometry": {"type": "MultiPolygon", "coordinates": [[[[9.236897377936952, 51.450935620060136], [9.236544812850921, 51.450912242786295], [9.236353704558333, 51.45089950741671], [9.235720527396266, 51.45085746391573], [9.235608678697316, 51.451539539160116], [9.235443397097567, 51.45254665123611], [9.236072367649866, 51.45257701988514], [9.236266049939909, 51.45258642438835], [9.23660751395169, 51.452602903346275], [9.23678492503672, 51.45158255711163], [9.236897377936952, 51.450935620060136]]]]}, "properties": {"schlag_id": 116, "name_sl": "Hinter der Massike", "betrieb_name": "Martin Warburg", "frucht_kurz": "---", "ha_calc": 1.5327, "inaktiv": 0}}, {"type": "Feature", "geometry": {"type": "MultiPolygon", "coordinates": [[[[9.258625439238536, 51.45229012049629], [9.257676058634804, 51.45225535859756], [9.255983620046436, 51.452193363472766], [9.255632791862954, 51.45218050809204], [9.255602670020245, 51.45218133282798], [9.255601149096929, 51.45218137448391], [9.255587865782118, 51.45227526439283], [9.25558581831143, 51.45229602159491], [9.255584289729267, 51.45231124948213], [9.255583093083699, 51.45232317048164], [9.255529162432422, 51.452865735650654], [9.256364641995496, 51.45285384217096], [9.256513279885372, 51.452834549934956], [9.256551946902231, 51.45282638104586], [9.256937310298698, 51.452744989968174], [9.257573429645133, 51.45270320796686], [9.258625439238536, 51.45229012049629]]]]}, "properties": {"schlag_id": 97, "name_sl": "Hinterm Hahnenborn", "betrieb_name": "Martin Warburg", "frucht_kurz": "---", "ha_calc": 1.0937, "inaktiv": 0}}, {"type": "Feature", "geometry": {"type": "MultiPolygon", "coordinates": [[[[9.250096519869576, 51.442693217803956], [9.251760221131576, 51.44293404212505], [9.251957881815256, 51.44255639457727], [9.251451611195986, 51.4424681070405], [9.250386789806832, 51.442298176241735], [9.250180956059811, 51.44256378810571], [9.250096519869576, 51.442693217803956]]]]}, "properties": {"schlag_id": 265, "name_sl": "In den Steinõckern", "betrieb_name": "Martin Warburg", "frucht_kurz": "---", "ha_calc": 0.5347, "inaktiv": 0}}, {"type": "Feature", "geometry": {"type": "MultiPolygon", "coordinates": [[[[9.267028601844645, 51.446135780274716], [9.267076336005323, 51.44586009183888], [9.267123646444952, 51.44558755553266], [9.266842303916297, 51.44559758111239], [9.266735796171156, 51.445601379400806], [9.266655099721085, 51.4456042570439], [9.264470005602552, 51.44568216845056], [9.264382278155209, 51.44619068298814], [9.26431798242852, 51.4467204225288], [9.266915776989752, 51.4467145231747], [9.267028601844645, 51.446135780274716]]]]}, "properties": {"schlag_id": 294, "name_sl": "In der Trischbreite", "betrieb_name": "Martin Warburg", "frucht_kurz": "---", "ha_calc": 2.198, "inaktiv": 0}}, {"type": "Feature", "geometry": {"type": "MultiPolygon", "coordinates": [[[[9.2498019354027, 51.4326112865898], [9.249521390527196, 51.43221886118348], [9.248365892971258, 51.43278326721983], [9.247103435690766, 51.43341090327783], [9.247011702305286, 51.43354582986481], [9.246771413117067, 51.434024784211935], [9.246713430928445, 51.434180221874094], [9.246713463171444, 51.43418020596615], [9.246590912202775, 51.43473009442167], [9.247256578563494, 51.43437031517184], [9.248071061829064, 51.43393657808055], [9.249018940237706, 51.4334829143758], [9.250140015603183, 51.433107420250025], [9.2498019354027, 51.4326112865898]]]]}, "properties": {"schlag_id": 183, "name_sl": "Kleines Feld", "betrieb_name": "Martin Warburg", "frucht_kurz": "---", "ha_calc": 2.4475, "inaktiv": 0}}, {"type": "Feature", "geometry": {"type": "MultiPolygon", "coordinates": [[[[9.247844901049058, 51.42981103626366], [9.247084237400365, 51.43120313007892], [9.246823030002476, 51.43168115014737], [9.24687916225261, 51.43169316606298], [9.24735396027668, 51.43179480994287], [9.248016471649642, 51.43193650124347], [9.248048429975855, 51.431943354921756], [9.248539899629682, 51.43130450045821], [9.248582508960382, 51.43124911090993], [9.248545887325644, 51.43118950625675], [9.24813528870112, 51.430381989271716], [9.247844901049058, 51.42981103626366]]]]}, "properties": {"schlag_id": 280, "name_sl": "Sieberhausen 2", "betrieb_name": "Martin Warburg", "frucht_kurz": "---", "ha_calc": 1.481, "inaktiv": 0}}, {"type": "Feature", "geometry": {"type": "MultiPolygon", "coordinates": [[[[9.260069304559845, 51.44673389453215], [9.260541146140728, 51.446726428339176], [9.260544637204694, 51.44670823897162], [9.260727015522065, 51.445620011287396], [9.260736009281578, 51.44556574615899], [9.260481505648936, 51.44564602731767], [9.260197587031275, 51.445749275520406], [9.260172717148235, 51.44590517215224], [9.260069304559845, 51.44673389453215]]]]}, "properties": {"schlag_id": 33, "name_sl": "Totenbreite", "betrieb_name": "Martin Warburg", "frucht_kurz": "---", "ha_calc": 0.4102, "inaktiv": 0}}, {"type": "Feature", "geometry": {"type": "MultiPolygon", "coordinates": [[[[9.277196251212255, 51.450753312114514], [9.276799587621333, 51.45071990042823], [9.276753941058624, 51.45096669653325], [9.276737490016538, 51.451169240604855], [9.276692846531892, 51.451581720315126], [9.276732620931627, 51.452310644670476], [9.277077367580825, 51.45237180239392], [9.277190918553625, 51.4524008767363], [9.277332668515246, 51.45243226892059], [9.277378827509134, 51.451671029138325], [9.277414083796305, 51.45122252168637], [9.27742572407906, 51.45105983314291], [9.277446700198164, 51.45076682862686], [9.277196251212255, 51.450753312114514]]]]}, "properties": {"schlag_id": 35, "name_sl": "Auf dem Aalsberge", "betrieb_name": "Martin Warburg", "frucht_kurz": "SM", "ha_calc": 0.8317, "inaktiv": 0}}, {"type": "Feature", "geometry": {"type": "MultiPolygon", "coordinates": [[[[9.227058481717627, 51.456817471409416], [9.226977283460949, 51.45593821828406], [9.226892891298629, 51.45502373354225], [9.22613645890085, 51.455000031578905], [9.226345861227658, 51.45724903175383], [9.227058481717627, 51.456817471409416]]]]}, "properties": {"schlag_id": 190, "name_sl": "Auf dem Gericht", "betrieb_name": "Martin Warburg", "frucht_kurz": "SM", "ha_calc": 1.1768, "inaktiv": 0}}, {"type": "Feature", "geometry": {"type": "MultiPolygon", "coordinates": [[[[9.24303149610663, 51.456636055092005], [9.24414431600776, 51.456624645184434], [9.24463114562341, 51.45661965926945], [9.244639200472959, 51.456412518497665], [9.244649401948694, 51.45616837049504], [9.244611201105453, 51.45613392767861], [9.244236970814093, 51.456134707836554], [9.24271236288356, 51.456159249828595], [9.241585436576527, 51.45616959323728], [9.241734320847804, 51.45644650548606], [9.241774852419374, 51.45652066843227], [9.241878832944773, 51.45664853366476], [9.241880124977166, 51.45664851965931], [9.241879629693441, 51.45664790417858], [9.24303149610663, 51.456636055092005]]]]}, "properties": {"schlag_id": 296, "name_sl": "Auf dem Sterz", "betrieb_name": "Martin Warburg", "frucht_kurz": "SM", "ha_calc": 1.0913, "inaktiv": 0}}, {"type": "Feature", "geometry": {"type": "MultiPolygon", "coordinates": [[[[9.241133632373728, 51.453119026922046], [9.240703100140871, 51.45312683020009], [9.240808552297697, 51.4535668721158], [9.240830626467341, 51.453659034845735], [9.240898709020831, 51.45394330656059], [9.240940664813266, 51.45411847022198], [9.241114841458314, 51.45484553324051], [9.241535699479575, 51.45482750095189], [9.241939321343581, 51.45480773124387], [9.24193345021584, 51.454755344337535], [9.24192826945066, 51.45472545375719], [9.241922264833141, 51.45469755748459], [9.24182912433459, 51.454264875066535], [9.241624618525819, 51.45332243796235], [9.241612290228044, 51.4532656234597], [9.241578359088122, 51.45311394070761], [9.241577979155027, 51.4531139458105], [9.241345525762732, 51.453117061015774], [9.241133632373728, 51.453119026922046]]]]}, "properties": {"schlag_id": 41, "name_sl": "Bei der stumpfen Eiche", "betrieb_name": "Martin Warburg", "frucht_kurz": "SM", "ha_calc": 1.1341, "inaktiv": 0}}, {"type": "Feature", "geometry": {"type": "MultiPolygon", "coordinates": [[[[9.21313593710718, 51.44552132519286], [9.213005525138444, 51.44627243993686], [9.212866290034645, 51.44707355529222], [9.21279885023744, 51.447462301091704], [9.212765566740632, 51.44765411312547], [9.213222098109236, 51.44767682905427], [9.213261541006, 51.447448455024606], [9.213547196474268, 51.44579334275129], [9.213592522443541, 51.44553055742857], [9.21313593710718, 51.44552132519286]]]]}, "properties": {"schlag_id": 110, "name_sl": "Hinterm Hohenloh", "betrieb_name": "Martin Warburg", "frucht_kurz": "SM", "ha_calc": 0.7596, "inaktiv": 0}}, {"type": "Feature", "geometry": {"type": "MultiPolygon", "coordinates": [[[[9.248372383704575, 51.45316274616197], [9.248430660071422, 51.453425268442246], [9.248505053781068, 51.45342401692006], [9.249956912164329, 51.453400322267406], [9.250433027682957, 51.453392585925904], [9.250474296653127, 51.453391380323716], [9.250521929554147, 51.4531308381645], [9.248366852553001, 51.45316159318433], [9.248372383704575, 51.45316274616197]]]]}, "properties": {"schlag_id": 264, "name_sl": "Im Buchbach", "betrieb_name": "Martin Warburg", "frucht_kurz": "SM", "ha_calc": 0.4252, "inaktiv": 0}}, {"type": "Feature", "geometry": {"type": "MultiPolygon", "coordinates": [[[[9.217787175576415, 51.44563849780682], [9.217741729542444, 51.44566384450474], [9.21771218382309, 51.445833056793084], [9.218488819109817, 51.44583875592906], [9.219705564625741, 51.445847665533854], [9.21973914234606, 51.44565428270196], [9.219743219758568, 51.445630799553115], [9.219205235596522, 51.44562632496148], [9.218842069116468, 51.44562332926858], [9.217829375422184, 51.44561496153945], [9.217787175576415, 51.44563849780682]]]]}, "properties": {"schlag_id": 185, "name_sl": "Im Hohenloh", "betrieb_name": "Martin Warburg", "frucht_kurz": "SM", "ha_calc": 0.3345, "inaktiv": 0}}, {"type": "Feature", "geometry": {"type": "MultiPolygon", "coordinates": [[[[9.240846739434772, 51.45495145139885], [9.240820592663065, 51.454923253003436], [9.237908526087738, 51.45505105957646], [9.237912742179173, 51.45507053105858], [9.237918708879405, 51.45509808741034], [9.23794787219068, 51.45518114013727], [9.238016149269786, 51.455363405814374], [9.241029975918064, 51.45523273827169], [9.240897294096747, 51.455005972807534], [9.240846739434772, 51.45495145139885]]]]}, "properties": {"schlag_id": 269, "name_sl": "Obere Schõferbreite", "betrieb_name": "Martin Warburg", "frucht_kurz": "SM", "ha_calc": 0.731, "inaktiv": 0}}, {"type": "Feature", "geometry": {"type": "MultiPolygon", "coordinates": [[[[9.247502725029813, 51.454172190793834], [9.248330519357497, 51.45380632994757], [9.248351316247504, 51.453779007863695], [9.248382828061002, 51.45373742825801], [9.248212815454082, 51.453023764499605], [9.247220070271561, 51.45304073501491], [9.247502725029813, 51.454172190793834]]]]}, "properties": {"schlag_id": 312, "name_sl": "Unterer Uhlenberg", "betrieb_name": "Martin Warburg", "frucht_kurz": "SM", "ha_calc": 0.7217, "inaktiv": 0}}, {"type": "Feature", "geometry": {"type": "MultiPolygon", "coordinates": [[[[9.238231880191226, 51.45600221104874], [9.238286847002753, 51.45616883185196], [9.23916571572176, 51.45613360130827], [9.240311656097004, 51.4560806480739], [9.241349740345276, 51.456036807733625], [9.241296228487858, 51.45587467836159], [9.241239645272945, 51.45570347928848], [9.240280971673705, 51.45574571665891], [9.239132984600005, 51.45579166490619], [9.238176330733461, 51.455833703376214], [9.238231880191226, 51.45600221104874]]]]}, "properties": {"schlag_id": 240, "name_sl": "Zwischen dem Hauedaer un", "betrieb_name": "Martin Warburg", "frucht_kurz": "SM", "ha_calc": 0.8035, "inaktiv": 0}}, {"type": "Feature", "geometry": {"type": "MultiPolygon", "coordinates": [[[[9.240992426182997, 51.457703708432675], [9.24147267243515, 51.45766991899539], [9.241862774122271, 51.45765352569779], [9.24203370565166, 51.457633139969516], [9.242667873015597, 51.457615873165395], [9.24221648941948, 51.457189919499015], [9.241556405474892, 51.45721905629073], [9.240594798378922, 51.45726155523755], [9.240451423316117, 51.457267894593144], [9.239299392501374, 51.45731879357325], [9.238681019140653, 51.4573461229011], [9.238762103250338, 51.457581180496994], [9.240992426182997, 51.457703708432675]]]]}, "properties": {"schlag_id": 219, "name_sl": "Zwischen dem Hauedaer un", "betrieb_name": "Martin Warburg", "frucht_kurz": "SM", "ha_calc": 1.1088, "inaktiv": 0}}, {"type": "Feature", "geometry": {"type": "MultiPolygon", "coordinates": [[[[9.238763110923806, 51.45758123595519], [9.238834124870564, 51.45779027870463], [9.23887760423205, 51.4579167635736], [9.238929868431942, 51.45791970485267], [9.240479310412972, 51.45799693986408], [9.240812240255343, 51.45801360051321], [9.24089244805544, 51.45800855377012], [9.24094695159597, 51.457983213235806], [9.240958030644299, 51.45796995519448], [9.240959595371516, 51.45796356132307], [9.240965853877626, 51.45792591543966], [9.24096228008537, 51.45784905779535], [9.240956769218048, 51.45781790325561], [9.24096380278905, 51.45780008033911], [9.240974457439478, 51.45779338104476], [9.240993028605157, 51.45776550513287], [9.240992430494362, 51.457703707523805], [9.240612538266811, 51.45768284040472], [9.238763110923806, 51.45758123595519]]]]}, "properties": {"schlag_id": 132, "name_sl": "Zwischen dem Huaedarer u", "betrieb_name": "Martin Warburg", "frucht_kurz": "SM", "ha_calc": 0.5371, "inaktiv": 0}}, {"type": "Feature", "geometry": {"type": "MultiPolygon", "coordinates": [[[[9.231516254200473, 51.45670473445879], [9.231918891874832, 51.45669297316352], [9.232583777376627, 51.456673407186166], [9.23281018719699, 51.45666576617762], [9.233641626808991, 51.45663750413332], [9.233589152435696, 51.45636310608907], [9.233551164927386, 51.45616534839408], [9.23352585402827, 51.456027248721554], [9.233502917833913, 51.455902002214444], [9.233419598161078, 51.45544790017194], [9.233288479607136, 51.45473305579363], [9.23236981690526, 51.454964000476146], [9.231377831993683, 51.455196329989924], [9.231412469014908, 51.45557641148869], [9.231447452294711, 51.45596010373808], [9.231459478804899, 51.45609094815233], [9.231472276037026, 51.45623275983619], [9.231490685389367, 51.456429658021264], [9.231516254200473, 51.45670473445879]]]]}, "properties": {"schlag_id": 263, "name_sl": "Auf der H÷he", "betrieb_name": "Martin Warburg", "frucht_kurz": "WG", "ha_calc": 2.7055, "inaktiv": 0}}, {"type": "Feature", "geometry": {"type": "MultiPolygon", "coordinates": [[[[9.231505555617625, 51.457659852864886], [9.231442672703093, 51.45694783773895], [9.231420166232146, 51.45670917658191], [9.231414539508341, 51.456649482987125], [9.231378961904431, 51.45627096431042], [9.229638393845725, 51.45644067814294], [9.228840473615683, 51.456514713529266], [9.228143102839907, 51.456579418958825], [9.228171473798659, 51.45695893731662], [9.228183343920884, 51.45711719916911], [9.228195707235644, 51.45728276349847], [9.228223295026316, 51.457651928019175], [9.228236996670313, 51.457835256347046], [9.228246250425174, 51.45795950243689], [9.228390267756026, 51.45796693384926], [9.228688373565502, 51.457937553149925], [9.228872144293831, 51.45697498913398], [9.230552792384563, 51.4567802284105], [9.230473172292388, 51.45813041717115], [9.230513504834237, 51.45833652431765], [9.231221434051347, 51.45826262852369], [9.231250360163363, 51.45823452466759], [9.231505555617625, 51.457659852864886]]]]}, "properties": {"schlag_id": 201, "name_sl": "Hinter der H÷he", "betrieb_name": "Martin Warburg", "frucht_kurz": "WG", "ha_calc": 2.6267, "inaktiv": 0}}, {"type": "Feature", "geometry": {"type": "MultiPolygon", "coordinates": [[[[9.23544100552075, 51.45596040517644], [9.235662536858523, 51.45595474369143], [9.235735427356008, 51.455952879953486], [9.235706450621896, 51.45584353963041], [9.235644660071205, 51.45560241230677], [9.235626249648725, 51.45553057007469], [9.235512917766783, 51.455115862850256], [9.235434306070667, 51.454828251082446], [9.235227707038916, 51.45407257477525], [9.234773809765253, 51.454240044694764], [9.234864665042231, 51.454591029434205], [9.235011039232047, 51.45513353572439], [9.23523544847979, 51.45596648077592], [9.23544100552075, 51.45596040517644]]]]}, "properties": {"schlag_id": 254, "name_sl": "In den Schildõckern 1", "betrieb_name": "Martin Warburg", "frucht_kurz": "WG", "ha_calc": 0.7038, "inaktiv": 0}}, {"type": "Feature", "geometry": {"type": "MultiPolygon", "coordinates": [[[[9.233824728796712, 51.45709418601003], [9.233886546186953, 51.457428609047724], [9.23611494409652, 51.457401850542894], [9.236018204911, 51.45704971616046], [9.236013794487706, 51.45701934523887], [9.235960970368216, 51.456826812101404], [9.235614725916339, 51.45683829594372], [9.23401358557219, 51.45687126292387], [9.233787869735766, 51.456874948906204], [9.233820568426816, 51.45705069839721], [9.233824728796712, 51.45709418601003]]]]}, "properties": {"schlag_id": 88, "name_sl": "In den Schildõckern 2", "betrieb_name": "Martin Warburg", "frucht_kurz": "WG", "ha_calc": 0.9595, "inaktiv": 0}}, {"type": "Feature", "geometry": {"type": "MultiPolygon", "coordinates": [[[[9.234080462559103, 51.455999034568364], [9.233819861815645, 51.45457027968876], [9.233394415252828, 51.454711007454854], [9.233623647078597, 51.456010182434994], [9.234080462559103, 51.455999034568364]]]]}, "properties": {"schlag_id": 64, "name_sl": "In den Schildõckern 3", "betrieb_name": "Martin Warburg", "frucht_kurz": "WG", "ha_calc": 0.4793, "inaktiv": 0}}, {"type": "Feature", "geometry": {"type": "MultiPolygon", "coordinates": [[[[9.23519439149805, 51.457427564436294], [9.234957281357092, 51.4574293508662], [9.234248756545234, 51.45743468628374], [9.233888558674236, 51.45743739698752], [9.234079079141825, 51.45846806872501], [9.23528655590193, 51.45846079723892], [9.235288374874877, 51.458465221606076], [9.23558904702463, 51.45845980768814], [9.23558900854802, 51.45845897382213], [9.23558022852218, 51.45830785692956], [9.235578683282883, 51.45828126114969], [9.235556955013164, 51.45823405758906], [9.23519439149805, 51.457427564436294]]]]}, "properties": {"schlag_id": 81, "name_sl": "Schildõckern 4", "betrieb_name": "Martin Warburg", "frucht_kurz": "WG", "ha_calc": 1.1472, "inaktiv": 0}}, {"type": "Feature", "geometry": {"type": "MultiPolygon", "coordinates": [[[[9.272343715087962, 51.45466858921504], [9.272301578484656, 51.45440480605596], [9.27212046133812, 51.45445511621589], [9.26988215082947, 51.45520140179077], [9.269460019543283, 51.45540113770664], [9.269471048333422, 51.45548514654969], [9.269568262527459, 51.45565650201639], [9.272371121953196, 51.45482027209497], [9.272343715087962, 51.45466858921504]]]]}, "properties": {"schlag_id": 224, "name_sl": "^_ber dem Oelsbruch", "betrieb_name": "Martin Warburg", "frucht_kurz": "WW", "ha_calc": 0.862, "inaktiv": 0}}, {"type": "Feature", "geometry": {"type": "MultiPolygon", "coordinates": [[[[9.269151198095807, 51.453695173921155], [9.269241508076027, 51.454177997401466], [9.26928570942743, 51.45443067643244], [9.26934438934691, 51.45476604678115], [9.270599916324368, 51.454652749139875], [9.271443346088068, 51.45457662062047], [9.272263714762376, 51.45428904635751], [9.272260012901112, 51.454268105197876], [9.27219493757719, 51.45389948419596], [9.27216445559617, 51.45372685640836], [9.27215856264902, 51.45367904926892], [9.272110653249522, 51.45343692931222], [9.272091420521782, 51.45342016538056], [9.270584091599007, 51.45343139083023], [9.27043177203367, 51.453431813093], [9.269102624116666, 51.45343552975555], [9.269151198095807, 51.453695173921155]]]]}, "properties": {"schlag_id": 287, "name_sl": "_ber dem Oelsbruch", "betrieb_name": "Martin Warburg", "frucht_kurz": "WW", "ha_calc": 2.7231, "inaktiv": 0}}, {"type": "Feature", "geometry": {"type": "MultiPolygon", "coordinates": [[[[9.265468740767314, 51.44365480589367], [9.265469211139507, 51.44365478142843], [9.265384835098486, 51.44311414862655], [9.265317415748271, 51.44268205576402], [9.262921486183453, 51.44282445669687], [9.262857326501917, 51.44287240950025], [9.262922955149396, 51.44326726012037], [9.262954398432706, 51.44350003970276], [9.262998199766516, 51.44378324235641], [9.264971284492404, 51.44368067149182], [9.265468740767314, 51.44365480589367]]]]}, "properties": {"schlag_id": 165, "name_sl": "Eierbreite", "betrieb_name": "Martin Warburg", "frucht_kurz": "WW", "ha_calc": 1.8525, "inaktiv": 0}}, {"type": "Feature", "geometry": {"type": "MultiPolygon", "coordinates": [[[[9.265425923707213, 51.44269008775246], [9.265459634928527, 51.44290510049957], [9.265556394865325, 51.443522375008186], [9.265652509922223, 51.44413530280115], [9.266615421777056, 51.44408667068381], [9.266979168491938, 51.44406828795552], [9.268182441308475, 51.44400747008731], [9.268402879016943, 51.44399632766056], [9.268986412053886, 51.44396674155448], [9.268986406109807, 51.443966709167974], [9.268707354167445, 51.442460907456265], [9.268656093115125, 51.442184339121795], [9.265385257866047, 51.44242663497407], [9.265425923707213, 51.44269008775246]]]]}, "properties": {"schlag_id": 244, "name_sl": "Eierbreite", "betrieb_name": "Martin Warburg", "frucht_kurz": "WW", "ha_calc": 4.5033, "inaktiv": 0}}, {"type": "Feature", "geometry": {"type": "MultiPolygon", "coordinates": [[[[9.266792041568415, 51.453819972619506], [9.266818728179363, 51.454113171993214], [9.266819425481765, 51.45416027544716], [9.266891963943866, 51.454162262796174], [9.267163920713607, 51.4541697044775], [9.267831974534657, 51.45418797759825], [9.269063372673003, 51.45422164252982], [9.26913178422148, 51.4542235142134], [9.26913187176877, 51.45418135530202], [9.269131887626465, 51.454172350814915], [9.269088994634433, 51.4539309930253], [9.269052039540098, 51.45369019912697], [9.266771107076027, 51.45363358055008], [9.266792041568415, 51.453819972619506]]]]}, "properties": {"schlag_id": 321, "name_sl": "Im Hõuserfelde", "betrieb_name": "Martin Warburg", "frucht_kurz": "WW", "ha_calc": 0.9375, "inaktiv": 0}}, {"type": "Feature", "geometry": {"type": "MultiPolygon", "coordinates": [[[[9.274681908609935, 51.45236180520842], [9.274890785779052, 51.453587151301186], [9.274942920271492, 51.453572249997556], [9.276729162246628, 51.45305389294004], [9.276751027565565, 51.45304754679061], [9.276771532620357, 51.453041596249975], [9.276684814606615, 51.45272791330433], [9.276684910887926, 51.45272899722218], [9.274681908609935, 51.45236180520842]]]]}, "properties": {"schlag_id": 11, "name_sl": "Im Ílsbruch", "betrieb_name": "Martin Warburg", "frucht_kurz": "WW", "ha_calc": 1.1643, "inaktiv": 0}}, {"type": "Feature", "geometry": {"type": "MultiPolygon", "coordinates": [[[[9.26446264199865, 51.45163718005877], [9.266511486621752, 51.45182981322198], [9.266478114055623, 51.45138268887007], [9.264498986681035, 51.45117830681822], [9.264464627708001, 51.451198763477244], [9.264462694598027, 51.451604322324584], [9.26446264199865, 51.45163718005877]]]]}, "properties": {"schlag_id": 300, "name_sl": "In den Kõmpen", "betrieb_name": "Martin Warburg", "frucht_kurz": "WW", "ha_calc": 0.7111, "inaktiv": 0}}, {"type": "Feature", "geometry": {"type": "MultiPolygon", "coordinates": [[[[9.24754231022469, 51.45137520077164], [9.246573023063087, 51.45130984759715], [9.246440911367532, 51.4513213633543], [9.246830683086767, 51.452984180373306], [9.247747918394255, 51.452971634705946], [9.24811383015421, 51.45296618738695], [9.248157401205626, 51.452937510064444], [9.247785686254048, 51.45140345905992], [9.24754231022469, 51.45137520077164]]]]}, "properties": {"schlag_id": 3, "name_sl": "Nach dem Uhlenberge", "betrieb_name": "Martin Warburg", "frucht_kurz": "WW", "ha_calc": 1.6734, "inaktiv": 0}}, {"type": "Feature", "geometry": {"type": "MultiPolygon", "coordinates": [[[[9.241586908412138, 51.47728685278485], [9.24168308482678, 51.47799272032582], [9.244249808079942, 51.47766541543099], [9.243962542572561, 51.47700440269597], [9.241586908412138, 51.47728685278485]]]]}, "properties": {"schlag_id": 333, "name_sl": "Achfeld III", "betrieb_name": "Schmidt GbR", "frucht_kurz": "AB", "ha_calc": 1.3496, "inaktiv": 0}}, {"type": "Feature", "geometry": {"type": "MultiPolygon", "coordinates": [[[[9.241629571338548, 51.48122249686326], [9.245748911830646, 51.48075548518849], [9.245452960270924, 51.4801474798218], [9.241679793817388, 51.480575463297725], [9.241629571338548, 51.48122249686326]]]]}, "properties": {"schlag_id": 20, "name_sl": "Auf dem großen Achfeld", "betrieb_name": "Schmidt GbR", "frucht_kurz": "AB", "ha_calc": 1.9549, "inaktiv": 0}}, {"type": "Feature", "geometry": {"type": "MultiPolygon", "coordinates": [[[[9.264062580796809, 51.49035857583799], [9.264612731081169, 51.49051782394983], [9.264782377242703, 51.49050705302473], [9.264857562382202, 51.4904699520742], [9.265330231461325, 51.489882890865225], [9.265685962179859, 51.48959636373143], [9.265860975745891, 51.489379567041794], [9.266146112026856, 51.48895320607691], [9.265256597917073, 51.48870719439874], [9.264062580796809, 51.49035857583799]]]]}, "properties": {"schlag_id": 131, "name_sl": "In der Insel I", "betrieb_name": "Schmidt GbR", "frucht_kurz": "AG", "ha_calc": 1.2559, "inaktiv": 0}}, {"type": "Feature", "geometry": {"type": "MultiPolygon", "coordinates": [[[[9.264835519172143, 51.49064863071745], [9.266205713473042, 51.4911561745528], [9.266628598561423, 51.49127012085592], [9.266957454749171, 51.491380049315325], [9.267258417432673, 51.491043666632116], [9.267401506474318, 51.490872549813666], [9.267382521953763, 51.49079163183835], [9.267314116849256, 51.490553892486574], [9.267140777147066, 51.49019194853403], [9.266828375198749, 51.48972492722761], [9.266640133097955, 51.489344028030615], [9.266442785413362, 51.48910963943503], [9.266181337797958, 51.488982306137274], [9.265875693118351, 51.48944388898757], [9.265799001686982, 51.48954489396356], [9.266104646014366, 51.489861692515596], [9.265902882666023, 51.489836732656805], [9.265754775692884, 51.48987768415466], [9.265652479397085, 51.48989876484914], [9.265571789188979, 51.48979617196244], [9.265338370293613, 51.49011585824446], [9.265366644478693, 51.49023495765455], [9.265516954073266, 51.490366546283106], [9.265777266395586, 51.490511894992636], [9.265793673441427, 51.49047511113971], [9.266255777732567, 51.490617997300646], [9.26672244997478, 51.49075372046666], [9.266735089319871, 51.49080776981613], [9.266738966671447, 51.49087836536261], [9.266689470204359, 51.490882715735495], [9.266609848305611, 51.49086607814032], [9.26640236745559, 51.490812859843295], [9.26622695531801, 51.490791373952135], [9.266121571876434, 51.49075513845512], [9.26585220741237, 51.490653620148095], [9.265524246437428, 51.490523054026454], [9.265452181921987, 51.49038414398437], [9.265338967230047, 51.49027669434194], [9.26524613228202, 51.490096786718894], [9.264835519172143, 51.49064863071745]]]]}, "properties": {"schlag_id": 45, "name_sl": "In der Insel II", "betrieb_name": "Schmidt GbR", "frucht_kurz": "AG", "ha_calc": 2.2879, "inaktiv": 0}}, {"type": "Feature", "geometry": {"type": "MultiPolygon", "coordinates": [[[[9.231140027516338, 51.49059288434431], [9.23202329318846, 51.49068812521474], [9.232328176806902, 51.48964907583423], [9.231407107988005, 51.48955953916289], [9.231140027516338, 51.49059288434431]]]]}, "properties": {"schlag_id": 166, "name_sl": "In der Krommel", "betrieb_name": "Schmidt GbR", "frucht_kurz": "AG", "ha_calc": 0.7422, "inaktiv": 0}}, {"type": "Feature", "geometry": {"type": "MultiPolygon", "coordinates": [[[[9.25414174892395, 51.49833687375768], [9.254516978106066, 51.498416649544886], [9.254727704591698, 51.49799228997489], [9.255038683412394, 51.49805072777722], [9.255733690177236, 51.49663689527982], [9.255061696239387, 51.49651605109693], [9.25414174892395, 51.49833687375768]]]]}, "properties": {"schlag_id": 198, "name_sl": "Banger V", "betrieb_name": "Schmidt GbR", "frucht_kurz": "Br", "ha_calc": 0.9413, "inaktiv": 0}}, {"type": "Feature", "geometry": {"type": "MultiPolygon", "coordinates": [[[[9.231622991260416, 51.483408149554215], [9.234031999545357, 51.48438321841213], [9.234275157441209, 51.48415335183342], [9.23187346544304, 51.483142480009185], [9.231622991260416, 51.483408149554215]]]]}, "properties": {"schlag_id": 255, "name_sl": "Stadtweg", "betrieb_name": "Schmidt GbR", "frucht_kurz": "Br", "ha_calc": 0.6495, "inaktiv": 0}}, {"type": "Feature", "geometry": {"type": "MultiPolygon", "coordinates": [[[[9.31655320659407, 51.51621154398902], [9.317829054832266, 51.51720990431747], [9.317960573357537, 51.51697497545638], [9.318062806570856, 51.517033340706284], [9.317924001200867, 51.517346480050165], [9.320361267719328, 51.51863975471902], [9.320758528813, 51.518417294589675], [9.321052435563544, 51.51805385134224], [9.321118475826859, 51.51790772951782], [9.320818280365186, 51.5178063189349], [9.319853571928075, 51.51750301150637], [9.318916938398766, 51.51708477322519], [9.318043185334593, 51.5164665122301], [9.317577252479559, 51.51592044284409], [9.317029934129229, 51.5160587597504], [9.31655320659407, 51.51621154398902]]]]}, "properties": {"schlag_id": 326, "name_sl": "Wolfsdarm", "betrieb_name": "Schmidt GbR", "frucht_kurz": "Ha", "ha_calc": 2.6591, "inaktiv": 0}}, {"type": "Feature", "geometry": {"type": "MultiPolygon", "coordinates": [[[[9.241326106740589, 51.48164156738061], [9.238031259800607, 51.48125901540195], [9.237944218060385, 51.48154159292364], [9.239671804177679, 51.48175856170889], [9.239618760007064, 51.481969598384474], [9.239510416676492, 51.4823137089806], [9.239489063007504, 51.48233899158034], [9.23944897649305, 51.48235601641375], [9.239272117843258, 51.48236250469183], [9.239140298824019, 51.48238949619901], [9.238308564233323, 51.48227864703122], [9.238642429181327, 51.482618980584945], [9.239425889853552, 51.4827010354244], [9.24073266281532, 51.48283812973374], [9.24176527997846, 51.482947905827416], [9.241801147198652, 51.48292823650698], [9.24178514172336, 51.482503505059135], [9.241763818103337, 51.48236534560773], [9.241647380504492, 51.482078568572966], [9.241550045922736, 51.48200905170463], [9.241458479477847, 51.481878304184264], [9.241382363300705, 51.481744187386795], [9.241363224977869, 51.48171046448426], [9.241326106740589, 51.48164156738061]]]]}, "properties": {"schlag_id": 286, "name_sl": "Hofstück", "betrieb_name": "Schmidt GbR", "frucht_kurz": "---", "ha_calc": 2.6668, "inaktiv": 0}}, {"type": "Feature", "geometry": {"type": "MultiPolygon", "coordinates": [[[[9.240171671028195, 51.48974878029959], [9.241083416702663, 51.48967614133178], [9.24131729165241, 51.489267179043146], [9.240455530937764, 51.489126158646265], [9.240171671028195, 51.48974878029959]]]]}, "properties": {"schlag_id": 193, "name_sl": "im Königsstuht", "betrieb_name": "Schmidt GbR", "frucht_kurz": "---", "ha_calc": 0.36, "inaktiv": 0}}, {"type": "Feature", "geometry": {"type": "MultiPolygon", "coordinates": [[[[9.236602635928806, 51.477410812154694], [9.238901436846172, 51.47765657888551], [9.239053502162779, 51.47680026556917], [9.237129676070834, 51.476600217206915], [9.237040280826019, 51.476573672313435], [9.236602635928806, 51.477410812154694]]]]}, "properties": {"schlag_id": 192, "name_sl": "Küsterhecke", "betrieb_name": "Schmidt GbR", "frucht_kurz": "---", "ha_calc": 1.4509, "inaktiv": 0}}, {"type": "Feature", "geometry": {"type": "MultiPolygon", "coordinates": [[[[9.256399758241553, 51.49671377559447], [9.26005767599486, 51.49698005338282], [9.260107999552478, 51.496865056580845], [9.260171944058083, 51.49672484861419], [9.26026888159023, 51.49641832314479], [9.260330240689282, 51.49608964929219], [9.260392491896118, 51.496108034122145], [9.260990313290971, 51.49617461061753], [9.261364128864916, 51.49529779602285], [9.25741399119434, 51.4949992299643], [9.257276617812076, 51.49500746986713], [9.25714872361976, 51.495027300248026], [9.257070818974082, 51.49509434077783], [9.256777948469573, 51.49578604721747], [9.257392710814049, 51.49582017055946], [9.25739802296802, 51.495888824711], [9.25733192574747, 51.49600837358102], [9.25669581256595, 51.49597276587071], [9.256399758241553, 51.49671377559447]]]]}, "properties": {"schlag_id": 80, "name_sl": "Banger IV", "betrieb_name": "Schmidt GbR", "frucht_kurz": "SM", "ha_calc": 5.3327, "inaktiv": 0}}, {"type": "Feature", "geometry": {"type": "MultiPolygon", "coordinates": [[[[9.237071135625277, 51.488630523854894], [9.237426665850029, 51.488691945385604], [9.238063828743325, 51.48879103856643], [9.240078344645147, 51.4865961778369], [9.239473952694771, 51.4863550927982], [9.23916765262795, 51.48630095304986], [9.237071135625277, 51.488630523854894]]]]}, "properties": {"schlag_id": 232, "name_sl": "im Hohl", "betrieb_name": "Schmidt GbR", "frucht_kurz": "SM", "ha_calc": 2.0415, "inaktiv": 0}}, {"type": "Feature", "geometry": {"type": "MultiPolygon", "coordinates": [[[[9.246425769082713, 51.49374915280632], [9.246729444115047, 51.49376476112786], [9.247063689665572, 51.49374245294426], [9.247702976310615, 51.49359992158254], [9.24783877477036, 51.49229684020062], [9.246567421627374, 51.49231804554136], [9.246425769082713, 51.49374915280632]]]]}, "properties": {"schlag_id": 230, "name_sl": "In der Binge I", "betrieb_name": "Schmidt GbR", "frucht_kurz": "SM", "ha_calc": 1.374, "inaktiv": 0}}, {"type": "Feature", "geometry": {"type": "MultiPolygon", "coordinates": [[[[9.246094639980594, 51.49227504593403], [9.247078988953962, 51.49225745165311], [9.247272779190096, 51.490843990444944], [9.246931020565166, 51.49073973508668], [9.246174062991276, 51.49075277961988], [9.246094639980594, 51.49227504593403]]]]}, "properties": {"schlag_id": 85, "name_sl": "In der Binge II", "betrieb_name": "Schmidt GbR", "frucht_kurz": "SM", "ha_calc": 1.2165, "inaktiv": 0}}, {"type": "Feature", "geometry": {"type": "MultiPolygon", "coordinates": [[[[9.243844815596953, 51.492305537631836], [9.243932475286648, 51.49230225208597], [9.244794198078496, 51.492299688592354], [9.244956656434615, 51.49098397877763], [9.244041955941364, 51.49112469179856], [9.24398022386719, 51.491138729654885], [9.243844815596953, 51.492305537631836]]]]}, "properties": {"schlag_id": 292, "name_sl": "In der Binge III", "betrieb_name": "Schmidt GbR", "frucht_kurz": "SM", "ha_calc": 0.9142, "inaktiv": 0}}, {"type": "Feature", "geometry": {"type": "MultiPolygon", "coordinates": [[[[9.313250281351465, 51.502096811013914], [9.314594282101817, 51.50221085764223], [9.314712863837403, 51.500339787421474], [9.313371622407141, 51.50022986563447], [9.313250281351465, 51.502096811013914]]]]}, "properties": {"schlag_id": 279, "name_sl": "Sauerbachs Feld", "betrieb_name": "Schmidt GbR", "frucht_kurz": "SM", "ha_calc": 1.9475, "inaktiv": 0}}, {"type": "Feature", "geometry": {"type": "MultiPolygon", "coordinates": [[[[9.249763811015887, 51.48594571793846], [9.249784919224295, 51.48658718377867], [9.251076761892792, 51.486659114816774], [9.251197811882307, 51.48657644512179], [9.251237791149572, 51.48651919876251], [9.25134827485696, 51.48634250666516], [9.251481500288312, 51.48603211323848], [9.249763811015887, 51.48594571793846]]]]}, "properties": {"schlag_id": 96, "name_sl": "Steinfeld I", "betrieb_name": "Schmidt GbR", "frucht_kurz": "SM", "ha_calc": 0.7714, "inaktiv": 0}}, {"type": "Feature", "geometry": {"type": "MultiPolygon", "coordinates": [[[[9.251395285394118, 51.48635085705119], [9.25239141688238, 51.48640143914199], [9.252642902664414, 51.48635710890281], [9.252969082111017, 51.48631307828022], [9.253548221715912, 51.486236363043325], [9.253980784387528, 51.486189288700565], [9.253970920279395, 51.48568181340633], [9.25179206926745, 51.4855590997953], [9.251395285394118, 51.48635085705119]]]]}, "properties": {"schlag_id": 24, "name_sl": "Steinfeld II", "betrieb_name": "Schmidt GbR", "frucht_kurz": "SM", "ha_calc": 1.2942, "inaktiv": 0}}, {"type": "Feature", "geometry": {"type": "MultiPolygon", "coordinates": [[[[9.23828878969659, 51.48122386932906], [9.241646513255128, 51.481638597896705], [9.241441666863686, 51.48122385026778], [9.241441540238226, 51.480612742672804], [9.238483364972947, 51.480299704921386], [9.23828878969659, 51.48122386932906]]]]}, "properties": {"schlag_id": 128, "name_sl": "Achfeld VII", "betrieb_name": "Schmidt GbR", "frucht_kurz": "WG", "ha_calc": 2.3281, "inaktiv": 0}}, {"type": "Feature", "geometry": {"type": "MultiPolygon", "coordinates": [[[[9.236806265783237, 51.485193451432295], [9.236872349815247, 51.48524983229519], [9.238225628183184, 51.48585289843764], [9.239811308259156, 51.48415716615734], [9.238954414004533, 51.482905081141126], [9.236806265783237, 51.485193451432295]]]]}, "properties": {"schlag_id": 218, "name_sl": "Grimelsberg II", "betrieb_name": "Schmidt GbR", "frucht_kurz": "WG", "ha_calc": 3.1428, "inaktiv": 0}}, {"type": "Feature", "geometry": {"type": "MultiPolygon", "coordinates": [[[[9.23614166847481, 51.48222290986508], [9.238483026332466, 51.48326718525166], [9.238904584573936, 51.482839619302034], [9.237875356286763, 51.48190291634636], [9.23685265353816, 51.481483461844476], [9.23614166847481, 51.48222290986508]]]]}, "properties": {"schlag_id": 273, "name_sl": "Pfefferhohl", "betrieb_name": "Schmidt GbR", "frucht_kurz": "WG", "ha_calc": 1.7179, "inaktiv": 0}}, {"type": "Feature", "geometry": {"type": "MultiPolygon", "coordinates": [[[[9.231183197633776, 51.48758229100681], [9.232994772056918, 51.488400155851835], [9.233584450210062, 51.48845908026789], [9.233677595125066, 51.488440533147084], [9.233758417030225, 51.48838181851063], [9.234126952301668, 51.48805338844316], [9.231785357251068, 51.486968250185875], [9.231183197633776, 51.48758229100681]]]]}, "properties": {"schlag_id": 117, "name_sl": "Wackenmuhle IV", "betrieb_name": "Schmidt GbR", "frucht_kurz": "WG", "ha_calc": 1.5247, "inaktiv": 0}}, {"type": "Feature", "geometry": {"type": "MultiPolygon", "coordinates": [[[[9.238641499122549, 51.47942766535257], [9.241554008304037, 51.47972949280999], [9.241538138762113, 51.47950689962198], [9.241658685464415, 51.47925066845295], [9.24147480907009, 51.47726434184008], [9.239152710892352, 51.477036434887076], [9.238641499122549, 51.47942766535257]]]]}, "properties": {"schlag_id": 182, "name_sl": "Achfeld I", "betrieb_name": "Schmidt GbR", "frucht_kurz": "WW", "ha_calc": 5.0549, "inaktiv": 0}}, {"type": "Feature", "geometry": {"type": "MultiPolygon", "coordinates": [[[[9.227977579855681, 51.487299892590094], [9.228429168202304, 51.48737146862212], [9.228775989267989, 51.487399464384886], [9.229122712544916, 51.48751075041529], [9.22934913787015, 51.487594412446484], [9.229731955613037, 51.48771340815224], [9.23067297848803, 51.4880440009047], [9.231352856608886, 51.487233319991795], [9.22896986663567, 51.486272106302465], [9.227977579855681, 51.487299892590094]]]]}, "properties": {"schlag_id": 308, "name_sl": "Blockstation", "betrieb_name": "Schmidt GbR", "frucht_kurz": "WW", "ha_calc": 2.2248, "inaktiv": 0}}, {"type": "Feature", "geometry": {"type": "MultiPolygon", "coordinates": [[[[9.2340328575482, 51.480615080726224], [9.235059027342817, 51.47950169890674], [9.234660056085977, 51.479236491623844], [9.234365465263753, 51.47901836425125], [9.232116549119825, 51.47797654919364], [9.230721381898224, 51.47913792443984], [9.2340328575482, 51.480615080726224]]]]}, "properties": {"schlag_id": 98, "name_sl": "Gerbrete", "betrieb_name": "Schmidt GbR", "frucht_kurz": "WW", "ha_calc": 4.2877, "inaktiv": 0}}, {"type": "Feature", "geometry": {"type": "MultiPolygon", "coordinates": [[[[9.242488815356452, 51.48619466085566], [9.243791945640506, 51.484366466288215], [9.243638717003572, 51.48417671321157], [9.243428304510966, 51.48396727974333], [9.243117792163387, 51.48401544359984], [9.242920636623726, 51.483912897351935], [9.242773502267024, 51.48367561239301], [9.239346472227595, 51.48324709251182], [9.239633945832182, 51.48364248795821], [9.240010652471874, 51.48412085625432], [9.24033621161233, 51.484520131615405], [9.240903097283061, 51.484978306882475], [9.241387459769715, 51.48542081034957], [9.241387459769715, 51.48542081034957], [9.242488815356452, 51.48619466085566]]]]}, "properties": {"schlag_id": 153, "name_sl": "Grimelsberg", "betrieb_name": "Schmidt GbR", "frucht_kurz": "WW", "ha_calc": 4.9382, "inaktiv": 0}}, {"type": "Feature", "geometry": {"type": "MultiPolygon", "coordinates": [[[[9.24276149851374, 51.48367498479795], [9.242729903427483, 51.48350266291994], [9.242534832428282, 51.483356218978365], [9.242314266227373, 51.483222596967806], [9.242118723162994, 51.482986767216964], [9.238803665297944, 51.48262326833415], [9.23897314043599, 51.48276657842512], [9.239137604257236, 51.4829290526756], [9.239359114927447, 51.48324464325464], [9.239359114927447, 51.48324464325464], [9.24276149851374, 51.48367498479795]]]]}, "properties": {"schlag_id": 270, "name_sl": "Grimelsberg III", "betrieb_name": "Schmidt GbR", "frucht_kurz": "WW", "ha_calc": 1.5188, "inaktiv": 0}}, {"type": "Feature", "geometry": {"type": "MultiPolygon", "coordinates": [[[[9.257934591379565, 51.49168592697454], [9.260288055426788, 51.49208782207984], [9.260482367046015, 51.49157936885913], [9.25794958460481, 51.491114870482086], [9.25797744575939, 51.4914165095837], [9.257934591379565, 51.49168592697454]]]]}, "properties": {"schlag_id": 66, "name_sl": "Kruckenberg II", "betrieb_name": "Schmidt GbR", "frucht_kurz": "WW", "ha_calc": 1.0453, "inaktiv": 0}}, {"type": "Feature", "geometry": {"type": "MultiPolygon", "coordinates": [[[[9.235627468665427, 51.47891638932981], [9.238545110508783, 51.4792400331651], [9.238674357246332, 51.47873576449428], [9.235921866165922, 51.478437936759], [9.235627468665427, 51.47891638932981]]]]}, "properties": {"schlag_id": 191, "name_sl": "Achfeld V", "betrieb_name": "Schmidt GbR", "frucht_kurz": "ZR", "ha_calc": 1.1267, "inaktiv": 0}}, {"type": "Feature", "geometry": {"type": "MultiPolygon", "coordinates": [[[[9.24190361926253, 51.48932515857335], [9.242421747525514, 51.489412100532995], [9.242539166434737, 51.489409434319455], [9.242845727269124, 51.48938672719657], [9.243052221191395, 51.48934820686513], [9.24331139282962, 51.489283489933605], [9.243674398853745, 51.48912975277503], [9.244094307206398, 51.48896479363804], [9.244692711719726, 51.48869814801614], [9.244489968266775, 51.488459430874464], [9.244298508136891, 51.488254266430204], [9.244091958351834, 51.488095593033755], [9.243812837549124, 51.487935893606284], [9.243599875566304, 51.487810754463254], [9.24335618935906, 51.487728628359065], [9.24190361926253, 51.48932515857335]]]]}, "properties": {"schlag_id": 295, "name_sl": "vor dem Dorfe", "betrieb_name": "Schmidt GbR", "frucht_kurz": "ZR", "ha_calc": 1.8483, "inaktiv": 0}}, {"type": "Feature", "geometry": {"type": "MultiPolygon", "coordinates": [[[[9.251312626296931, 51.486919872628896], [9.25131819978821, 51.48759545410778], [9.25174421912711, 51.48759144258487], [9.251747281012152, 51.48746574868251], [9.251749061257437, 51.48739235945167], [9.252237853467022, 51.487397292406165], [9.25226021780348, 51.48674229686659], [9.251762646330418, 51.48683231813837], [9.251312626296931, 51.486919872628896]]]]}, "properties": {"schlag_id": 275, "name_sl": "hinterm Fiedhof", "betrieb_name": "Sebastian Ide-Knorr", "frucht_kurz": "AG", "ha_calc": 0.4732, "inaktiv": 0}}, {"type": "Feature", "geometry": {"type": "MultiPolygon", "coordinates": [[[[9.231378807938174, 51.489705245480074], [9.231415997245959, 51.48957196744738], [9.230961528763105, 51.48958491024107], [9.23090770296321, 51.48958218454949], [9.230823134584927, 51.48957790203751], [9.230674693513693, 51.490117575362966], [9.230561306136496, 51.49052954883802], [9.230552134852365, 51.490562895346336], [9.231122168762244, 51.49061541744229], [9.231136150127828, 51.490574162078886], [9.231277419836202, 51.490068568430694], [9.231354486794531, 51.48979265814908], [9.231378807938174, 51.489705245480074]]]]}, "properties": {"schlag_id": 4, "name_sl": "Krommel", "betrieb_name": "Sebastian Ide-Knorr", "frucht_kurz": "Br", "ha_calc": 0.4595, "inaktiv": 0}}, {"type": "Feature", "geometry": {"type": "MultiPolygon", "coordinates": [[[[9.253055784409161, 51.48762185170566], [9.253425554288789, 51.48739192793566], [9.25342605217129, 51.487352200511125], [9.253426812219127, 51.48730725618799], [9.25343324692087, 51.486887791722474], [9.25343801126044, 51.486576943777315], [9.253004742544215, 51.48664097783415], [9.252992540271066, 51.487114681924886], [9.252999142046583, 51.487622623085294], [9.253055784409161, 51.48762185170566]]]]}, "properties": {"schlag_id": 87, "name_sl": "Lambrech Stück", "betrieb_name": "Sebastian Ide-Knorr", "frucht_kurz": "Br", "ha_calc": 0.3056, "inaktiv": 0}}, {"type": "Feature", "geometry": {"type": "MultiPolygon", "coordinates": [[[[9.25102934082674, 51.4978678449254], [9.251555936522626, 51.49788757839737], [9.251558691973003, 51.49788740247676], [9.25155850709158, 51.497887370293164], [9.251560672357062, 51.4978872298385], [9.251567569976961, 51.4978884240191], [9.251811519901077, 51.49793066879006], [9.252144571938208, 51.497280737501406], [9.2522685832036, 51.497038741422024], [9.252307817040887, 51.49696170103269], [9.252449407686962, 51.49659445265256], [9.252684443645496, 51.496134108651134], [9.25201065524572, 51.49598774533057], [9.251737504017063, 51.49651008762368], [9.25151618226025, 51.49693331502331], [9.251429561075556, 51.49709959455749], [9.251323375012902, 51.49717779415175], [9.251047669365143, 51.49774052139998], [9.250992190546262, 51.497864588208294], [9.25102934082674, 51.4978678449254]]]]}, "properties": {"schlag_id": 290, "name_sl": "Bergwiese", "betrieb_name": "Sebastian Ide-Knorr", "frucht_kurz": "GL", "ha_calc": 1.1422, "inaktiv": 0}}, {"type": "Feature", "geometry": {"type": "MultiPolygon", "coordinates": [[[[9.23954340118015, 51.49090895403618], [9.239460743186415, 51.490933841524665], [9.239430795889561, 51.49096131542668], [9.239360061524913, 51.49100864862096], [9.23930741948919, 51.4911560726875], [9.239261829089283, 51.491220790013614], [9.239199587734877, 51.49126765569196], [9.239107283670169, 51.49130394098951], [9.239096196152522, 51.49143037449946], [9.239047527942965, 51.49195097818932], [9.23904589304436, 51.491968868103164], [9.239356014017186, 51.49199268302138], [9.239669016801338, 51.49201666817155], [9.239686157979431, 51.49201798251689], [9.239971215862186, 51.492039868189615], [9.239981874335127, 51.492040656293824], [9.240257138368953, 51.492061751398566], [9.240258051813496, 51.49204379049516], [9.240306210174984, 51.49110081491938], [9.240311952914103, 51.490988270570014], [9.240025808150188, 51.490950207509755], [9.240002189537591, 51.49094926773151], [9.239735724208758, 51.49092977153474], [9.239607678867623, 51.49092077603968], [9.23954340118015, 51.49090895403618]]]]}, "properties": {"schlag_id": 46, "name_sl": "Bünge oben", "betrieb_name": "Sebastian Ide-Knorr", "frucht_kurz": "GL", "ha_calc": 0.9382, "inaktiv": 0}}, {"type": "Feature", "geometry": {"type": "MultiPolygon", "coordinates": [[[[9.247955947655955, 51.49225394922765], [9.2479543173453, 51.492271657637886], [9.24884386974442, 51.492262157576334], [9.248886799742357, 51.49224415901643], [9.24894997575514, 51.49225655955366], [9.249030254728329, 51.492253231997104], [9.249469155964618, 51.49225187173029], [9.250037090258042, 51.492245287840504], [9.250095577891592, 51.49222556681167], [9.250301585427009, 51.4921409986694], [9.25050396085775, 51.492034931072546], [9.250339765957396, 51.491936808922794], [9.250146054591895, 51.491906525996384], [9.24954392722759, 51.49177636442461], [9.249361251638467, 51.491703128251956], [9.24893232793944, 51.491488285051126], [9.248074175901037, 51.49130439614836], [9.2480096757044, 51.4913801846269], [9.247986797310304, 51.4916687292924], [9.24799241449625, 51.492253722723234], [9.247955947655955, 51.49225394922765]]]]}, "properties": {"schlag_id": 7, "name_sl": "Bünge unten", "betrieb_name": "Sebastian Ide-Knorr", "frucht_kurz": "GL", "ha_calc": 1.1591, "inaktiv": 0}}, {"type": "Feature", "geometry": {"type": "MultiPolygon", "coordinates": [[[[9.25511441121378, 51.489588908814895], [9.254873878500836, 51.48919986899972], [9.254460072682088, 51.48957166976758], [9.25482596402725, 51.49019398434388], [9.25539390565198, 51.49004095924158], [9.255200262541297, 51.489733446702026], [9.25511441121378, 51.489588908814895]]]]}, "properties": {"schlag_id": 139, "name_sl": "Floth Wiese 1", "betrieb_name": "Sebastian Ide-Knorr", "frucht_kurz": "GL", "ha_calc": 0.3665, "inaktiv": 0}}, {"type": "Feature", "geometry": {"type": "MultiPolygon", "coordinates": [[[[9.255201690718907, 51.49062619953268], [9.255226865847629, 51.49066713866418], [9.256499247916631, 51.49028281640278], [9.256816234286216, 51.49019621292254], [9.256585626007379, 51.48980512536176], [9.25612337150098, 51.48992620196448], [9.255516868735194, 51.49009309026072], [9.254962931486002, 51.4902380222895], [9.255093847081794, 51.49045084502044], [9.255148772213479, 51.49054015838311], [9.25517202034418, 51.49057794828511], [9.255201690718907, 51.49062619953268]]]]}, "properties": {"schlag_id": 148, "name_sl": "Floth Wiese 2", "betrieb_name": "Sebastian Ide-Knorr", "frucht_kurz": "GL", "ha_calc": 0.59, "inaktiv": 0}}, {"type": "Feature", "geometry": {"type": "MultiPolygon", "coordinates": [[[[9.243626055323091, 51.484708599228505], [9.24321050653821, 51.485272195255746], [9.242613654452056, 51.48602855159605], [9.242491913992765, 51.486177307946235], [9.242500084982773, 51.48618254635195], [9.242512362761364, 51.48619042245553], [9.242634614511543, 51.486249589269946], [9.2429554577147, 51.486466230821925], [9.24320517166735, 51.48665327930611], [9.243247868835502, 51.48670131196918], [9.243303823289322, 51.48674559523853], [9.243335210875154, 51.486773482250555], [9.243314877794075, 51.486685801080846], [9.243178743854527, 51.48648007548418], [9.243080705402882, 51.48618394127772], [9.243430590024346, 51.48576202354339], [9.24373445235314, 51.48526919831914], [9.24413248157692, 51.48459201134888], [9.24408493047192, 51.48454097364905], [9.243995075351586, 51.484444529398104], [9.24394020906077, 51.48438693881251], [9.243925123098144, 51.48437110735708], [9.243626055323091, 51.484708599228505]]]]}, "properties": {"schlag_id": 31, "name_sl": "Greibes Wiese", "betrieb_name": "Sebastian Ide-Knorr", "frucht_kurz": "GL", "ha_calc": 0.8006, "inaktiv": 0}}, {"type": "Feature", "geometry": {"type": "MultiPolygon", "coordinates": [[[[9.24718628155392, 51.48247777095198], [9.246866565194477, 51.48237123678298], [9.245968731029908, 51.482098714930025], [9.245480528154092, 51.48287026866734], [9.24523118121635, 51.48326430481208], [9.24478849556799, 51.48396387743506], [9.24464524634927, 51.48419211659892], [9.24505738974974, 51.48408005209335], [9.24546107367498, 51.48397040055426], [9.245729542103035, 51.483784313721834], [9.246441932837756, 51.48326441238637], [9.24718628155392, 51.48247777095198]]]]}, "properties": {"schlag_id": 118, "name_sl": "Grund Wiese", "betrieb_name": "Sebastian Ide-Knorr", "frucht_kurz": "GL", "ha_calc": 1.6022, "inaktiv": 0}}, {"type": "Feature", "geometry": {"type": "MultiPolygon", "coordinates": [[[[9.245886982813811, 51.484681702942716], [9.245796453264111, 51.4846868540803], [9.245734712311988, 51.48471700462125], [9.245463426427587, 51.484865430403815], [9.24531011985826, 51.48494808442316], [9.245284617173569, 51.48523827591621], [9.245237681401402, 51.48577308192801], [9.24519631718303, 51.48630756901025], [9.245192285152008, 51.486359639323716], [9.245257239455484, 51.48636147631158], [9.245639479965371, 51.48637555346435], [9.245651918809983, 51.486375933401625], [9.246004923070494, 51.48638673788602], [9.246113540650054, 51.48639008849731], [9.246263586748876, 51.486394715256516], [9.24678265926227, 51.48641165182798], [9.246833069583177, 51.48641329750622], [9.247074803388605, 51.486413663817714], [9.24764260184377, 51.486450783602464], [9.247988878380554, 51.48646888572294], [9.248361253853597, 51.48648453961307], [9.248281575298542, 51.48639331762588], [9.248231915287958, 51.48620997300735], [9.248045503357176, 51.48602862715475], [9.247685873586848, 51.48578895556873], [9.24752916070076, 51.48566794650015], [9.247202517504363, 51.4854044749397], [9.246863680351785, 51.4852541890288], [9.246639126310884, 51.48515255698007], [9.246509263287225, 51.485097733774914], [9.246421541677286, 51.48503544941424], [9.246234775243849, 51.4848933812898], [9.246234617264356, 51.48489517865888], [9.246110660274415, 51.484835042490815], [9.245886982813811, 51.484681702942716]]]]}, "properties": {"schlag_id": 317, "name_sl": "Grundberg Wiese", "betrieb_name": "Sebastian Ide-Knorr", "frucht_kurz": "GL", "ha_calc": 2.6434, "inaktiv": 0}}, {"type": "Feature", "geometry": {"type": "MultiPolygon", "coordinates": [[[[9.223644265461719, 51.48691822634408], [9.223627729571959, 51.487229102302], [9.223750407167927, 51.48742561129706], [9.22398611084138, 51.48769259655531], [9.22396364215894, 51.487713750935455], [9.224159227133837, 51.487882302225884], [9.224676834159627, 51.48750973841233], [9.224542635371636, 51.487427425792546], [9.224340000582945, 51.48716643317032], [9.224242792947276, 51.48695098844117], [9.22405019454189, 51.48679656650016], [9.224031630420974, 51.48679057239214], [9.223858379373473, 51.4867060534285], [9.223674142452781, 51.48670754724521], [9.223631006978533, 51.486835663987755], [9.223644265461719, 51.48691822634408]]]]}, "properties": {"schlag_id": 159, "name_sl": "Hahnekam Wiese", "betrieb_name": "Sebastian Ide-Knorr", "frucht_kurz": "GL", "ha_calc": 0.5224, "inaktiv": 0}}, {"type": "Feature", "geometry": {"type": "MultiPolygon", "coordinates": [[[[9.266939284444506, 51.489134814194216], [9.267162295041734, 51.48944822824759], [9.267475718970436, 51.489847637829634], [9.267386972558368, 51.48988038794344], [9.267478548450788, 51.490000113482864], [9.2675790867034, 51.490129853008696], [9.267624600078348, 51.49025558232592], [9.267676729204261, 51.490404126749176], [9.267741401996172, 51.490531073106844], [9.267793245152063, 51.49070015541432], [9.267882907997432, 51.49099256059712], [9.267989223442177, 51.49139444906617], [9.268060053434981, 51.491662044345425], [9.26808136556792, 51.49175858118808], [9.268096590332505, 51.49182752143767], [9.268119481881902, 51.49192340117013], [9.269121663060764, 51.49146166945388], [9.269452656704862, 51.49129687130149], [9.269160365257639, 51.491174426867104], [9.268675912048849, 51.49100850107322], [9.269452249346436, 51.49054890359277], [9.269429219426668, 51.49051292447836], [9.269364693689422, 51.49037328883206], [9.269308948246733, 51.49027176130174], [9.26927216890536, 51.490162189524625], [9.269223456940521, 51.4901300338698], [9.268715304123047, 51.48987629777208], [9.268627178891304, 51.48982571656481], [9.26854809456724, 51.489769722125544], [9.268449472816341, 51.48974672690422], [9.267428848157516, 51.489218829896835], [9.267000704780763, 51.48898738619738], [9.266939284444506, 51.489134814194216]]]]}, "properties": {"schlag_id": 228, "name_sl": "Insel Wiese", "betrieb_name": "Sebastian Ide-Knorr", "frucht_kurz": "GL", "ha_calc": 2.3666, "inaktiv": 0}}, {"type": "Feature", "geometry": {"type": "MultiPolygon", "coordinates": [[[[9.242064305758895, 51.497689587513534], [9.242134721198047, 51.49770102287077], [9.242338586282706, 51.49768818266908], [9.242910090109643, 51.497593858329985], [9.24352467419538, 51.497575884925304], [9.244057005726122, 51.497593106908376], [9.2441616737698, 51.49759649276645], [9.244736602278012, 51.4976661828367], [9.24448683617149, 51.49759367798811], [9.244391949294329, 51.49752247071201], [9.244768755902516, 51.497564216691224], [9.244914525605253, 51.497580365356555], [9.245005941711938, 51.49715682574179], [9.245005382736382, 51.49715678433928], [9.24502997918424, 51.497042823988544], [9.245039747183574, 51.4970001973164], [9.245039765806938, 51.49700011168716], [9.245097930570278, 51.49672315351601], [9.245098918624446, 51.49672319546138], [9.245101560166432, 51.4967112600323], [9.245123905562846, 51.49661027431891], [9.245137764144106, 51.496546060690626], [9.245257153892785, 51.49600868366879], [9.245257738892406, 51.49600580990368], [9.245257792203759, 51.49600581600218], [9.245258871925188, 51.49600095300435], [9.245303573244874, 51.49579853643853], [9.24539246660922, 51.49539721784476], [9.245405772178254, 51.49533713905831], [9.245406386763895, 51.495337624044296], [9.245482559144492, 51.494996133013466], [9.24754895420371, 51.49532523866948], [9.247557690747096, 51.495287406122436], [9.247587869542707, 51.49526179779277], [9.248080429519112, 51.49529180034], [9.2481746089713, 51.49523261304814], [9.248188650373866, 51.495071143094705], [9.248153057172752, 51.49492840644588], [9.247972385779127, 51.494630746219585], [9.247728578421999, 51.49461263478987], [9.24742463383156, 51.49451082554889], [9.247260690963618, 51.49454532364416], [9.24723120413421, 51.49461058252534], [9.247296163168595, 51.49466632833649], [9.247480372396634, 51.49470008934262], [9.247709207787423, 51.49470891940239], [9.24766495157409, 51.494802151281625], [9.247530782484572, 51.49482416772607], [9.247312499850418, 51.494927081938684], [9.247114009088055, 51.49501132603804], [9.246944939340386, 51.49501789207694], [9.246691032174718, 51.494971858328924], [9.246382130835885, 51.494873162184916], [9.246177491375809, 51.494740094349346], [9.245947868761744, 51.49458534625145], [9.2458473593997, 51.49439307129819], [9.245688020988503, 51.49435925464198], [9.245434603541183, 51.494403251631915], [9.243857088709408, 51.49423890160731], [9.242403971550898, 51.49408358629953], [9.242400530684822, 51.4940828671982], [9.241977437761845, 51.49767435024353], [9.242064305758895, 51.497689587513534]]]]}, "properties": {"schlag_id": 84, "name_sl": "Jungvieweide", "betrieb_name": "Sebastian Ide-Knorr", "frucht_kurz": "GL", "ha_calc": 8.9087, "inaktiv": 0}}, {"type": "Feature", "geometry": {"type": "MultiPolygon", "coordinates": [[[[9.263073863489948, 51.488280237248325], [9.263145310170838, 51.488286093306534], [9.263370353597464, 51.48831345298749], [9.26340766398278, 51.48831795111421], [9.263976102551833, 51.488323678919414], [9.264162271737057, 51.48832550947162], [9.264207445078465, 51.48832091057256], [9.264396898944433, 51.488319134326524], [9.264543396796187, 51.48833165809094], [9.265028265468366, 51.488401747121124], [9.265650618773444, 51.48850191387371], [9.26578987620983, 51.48840682613134], [9.265055727323766, 51.4881157762851], [9.264582805578883, 51.48794943091103], [9.263444308440734, 51.48759740265626], [9.263406689690651, 51.487660298612454], [9.26333639067082, 51.48764309891715], [9.26311296363902, 51.48818534464478], [9.263102980417067, 51.48821046788262], [9.263074350677142, 51.488279949684234], [9.26307397420968, 51.488279968528786], [9.263073863489948, 51.488280237248325]]]]}, "properties": {"schlag_id": 274, "name_sl": "Kanahl Wiese", "betrieb_name": "Sebastian Ide-Knorr", "frucht_kurz": "GL", "ha_calc": 0.8391, "inaktiv": 0}}, {"type": "Feature", "geometry": {"type": "MultiPolygon", "coordinates": [[[[9.253425969523706, 51.487391567666855], [9.253924223423146, 51.487094584233034], [9.254293548438042, 51.486861143807765], [9.254949882925528, 51.48645725123468], [9.254737297410793, 51.48646967936905], [9.254098481020945, 51.48650751032854], [9.25383060694676, 51.486534447929316], [9.253438860105094, 51.48657664395167], [9.253435146206305, 51.486810413389726], [9.253425969523706, 51.487391567666855]]]]}, "properties": {"schlag_id": 231, "name_sl": "Seltersberg", "betrieb_name": "Sebastian Ide-Knorr", "frucht_kurz": "GL", "ha_calc": 0.4885, "inaktiv": 0}}, {"type": "Feature", "geometry": {"type": "MultiPolygon", "coordinates": [[[[9.234010727278417, 51.484502742844406], [9.236361495663843, 51.48555283788379], [9.236452211983215, 51.48545312704054], [9.236643920139388, 51.48524906613029], [9.236103132282219, 51.48501377072871], [9.23541803156721, 51.484709552351156], [9.234770054508173, 51.48442772776458], [9.234283638510895, 51.484208400891035], [9.234098095660418, 51.484408581106585], [9.234010727278417, 51.484502742844406]]]]}, "properties": {"schlag_id": 77, "name_sl": "Sportplatz Wiese", "betrieb_name": "Sebastian Ide-Knorr", "frucht_kurz": "GL", "ha_calc": 0.7638, "inaktiv": 0}}, {"type": "Feature", "geometry": {"type": "MultiPolygon", "coordinates": [[[[9.236824722527095, 51.485052308497906], [9.235995474461728, 51.48468493010413], [9.235163927601048, 51.48431656100305], [9.234463264816624, 51.484006077421384], [9.234340887924017, 51.484143392922135], [9.234839127963497, 51.484367009057955], [9.235317613478497, 51.48457736768896], [9.235492603801616, 51.48465430531238], [9.235680717048684, 51.48473740004758], [9.235753712636756, 51.48476964598592], [9.236028744897645, 51.48489113388176], [9.236137728378614, 51.484939276898785], [9.236658219912897, 51.48517599622535], [9.236708369641946, 51.48517250433949], [9.236824722527095, 51.485052308497906]]]]}, "properties": {"schlag_id": 186, "name_sl": "Sportplatzwiese", "betrieb_name": "Sebastian Ide-Knorr", "frucht_kurz": "GL", "ha_calc": 0.3512, "inaktiv": 0}}, {"type": "Feature", "geometry": {"type": "MultiPolygon", "coordinates": [[[[9.246041250988869, 51.484713071129555], [9.246600706199056, 51.48505008343179], [9.246679672630636, 51.48509009307298], [9.246939269362493, 51.48520261645679], [9.247250362178391, 51.48533417450823], [9.24843413604227, 51.48537606015705], [9.248590049306841, 51.48538158033216], [9.248709899056657, 51.48538582039133], [9.249694888308335, 51.485420663138946], [9.249696891333379, 51.48528673399457], [9.2496911191805, 51.48517924938514], [9.24969085797121, 51.48478191628119], [9.249690743724114, 51.48461003965633], [9.249691963605963, 51.484552243857586], [9.248886716041469, 51.484608921140854], [9.248260727345055, 51.48459723708056], [9.247631659469437, 51.48462246839415], [9.247422427911241, 51.48461202761835], [9.247224935596382, 51.48462695973757], [9.246992697707407, 51.4846637275173], [9.246806862972349, 51.48468226067434], [9.246394342622233, 51.48469039222057], [9.246041250988869, 51.484713071129555]]]]}, "properties": {"schlag_id": 16, "name_sl": "unterm Wald Wiese", "betrieb_name": "Sebastian Ide-Knorr", "frucht_kurz": "GL", "ha_calc": 1.8124, "inaktiv": 0}}, {"type": "Feature", "geometry": {"type": "MultiPolygon", "coordinates": [[[[9.24425961325084, 51.48553586182257], [9.24487598172812, 51.485106964881204], [9.24498799705559, 51.48502889294406], [9.245633488281655, 51.48465184869272], [9.245973045351791, 51.48447924348277], [9.246140104927433, 51.484394911013176], [9.245995973097052, 51.484298416777605], [9.245432171760715, 51.48446041675532], [9.245006780970222, 51.48461060344904], [9.244699394414857, 51.48482303643983], [9.244620056456503, 51.484947363854204], [9.24428613163033, 51.48522374030229], [9.244172337463187, 51.4853803724522], [9.24418693077572, 51.4855114760227], [9.24425961325084, 51.48553586182257]]]]}, "properties": {"schlag_id": 44, "name_sl": "Waldwiese", "betrieb_name": "Sebastian Ide-Knorr", "frucht_kurz": "GL", "ha_calc": 0.4483, "inaktiv": 0}}, {"type": "Feature", "geometry": {"type": "MultiPolygon", "coordinates": [[[[9.249973008790018, 51.487964557786334], [9.250060480098975, 51.48796581725733], [9.250013263387338, 51.48771716696306], [9.24981377005985, 51.487725351459005], [9.249650822714766, 51.487732068399204], [9.249557407429158, 51.48773595282298], [9.249413039586095, 51.487741924202425], [9.248690903190921, 51.48777177357369], [9.248639603532741, 51.487789949920725], [9.247900155228656, 51.48805127860409], [9.24711117246264, 51.48833948940228], [9.247086869512433, 51.48839677931425], [9.247196136914294, 51.48839620507147], [9.247321288286319, 51.48839554413079], [9.247365873717815, 51.488395306097566], [9.247769128127585, 51.48839319520167], [9.248088129461797, 51.488385688174546], [9.248224578156224, 51.48837865752484], [9.248508040673979, 51.488375269276766], [9.24858579650703, 51.488397605032155], [9.248627643557079, 51.48840449000328], [9.24867651167471, 51.48840154760132], [9.248687688417922, 51.488166447873176], [9.248940129229855, 51.48816587728887], [9.248945923571728, 51.487989356343974], [9.249134841388377, 51.487986854474975], [9.249183438253912, 51.48795489145663], [9.249322885824904, 51.48795731840565], [9.249427557728913, 51.48796288105831], [9.249579594443286, 51.487964297042495], [9.249973008790018, 51.487964557786334]]]]}, "properties": {"schlag_id": 34, "name_sl": "Wiese Hof", "betrieb_name": "Sebastian Ide-Knorr", "frucht_kurz": "GL", "ha_calc": 0.6799, "inaktiv": 0}}, {"type": "Feature", "geometry": {"type": "MultiPolygon", "coordinates": [[[[9.243979565184896, 51.48260874254807], [9.244958585436098, 51.48249699543073], [9.245655281892262, 51.482417470064945], [9.245889342673868, 51.4820425850131], [9.245978543590022, 51.48189412557707], [9.243653373909384, 51.482165763644936], [9.242176291288313, 51.4823382991626], [9.242231244683058, 51.48242977138699], [9.242376947971218, 51.48279967603824], [9.243024558528983, 51.48272208539468], [9.243374188343369, 51.48268019164313], [9.243979565184896, 51.48260874254807]]]]}, "properties": {"schlag_id": 23, "name_sl": "Agfeld", "betrieb_name": "Sebastian Ide-Knorr", "frucht_kurz": "SM", "ha_calc": 1.3187, "inaktiv": 0}}, {"type": "Feature", "geometry": {"type": "MultiPolygon", "coordinates": [[[[9.231642469381732, 51.48336697658383], [9.23149442562641, 51.483526179649736], [9.23122738976202, 51.483810735870215], [9.231050143174043, 51.48400244449439], [9.230982992856203, 51.48407520165488], [9.230777555005625, 51.484299679704534], [9.230655543730313, 51.484427469224876], [9.230492855342545, 51.484607774845216], [9.23045397789089, 51.48465086079561], [9.230404276731992, 51.484700931235395], [9.230249924678468, 51.48486671046301], [9.229967364432916, 51.485170181664685], [9.2299713088913, 51.48517187448634], [9.229925260792738, 51.48522230881018], [9.229848604598724, 51.48530736927254], [9.231581009712961, 51.486073117298965], [9.232204400579601, 51.486348859906734], [9.232347359204299, 51.486191677352075], [9.2326078724228, 51.48591285212628], [9.232632937900007, 51.48588602370342], [9.232763940572015, 51.485745810790796], [9.232808313209393, 51.48569565830763], [9.232863742028655, 51.48563533784517], [9.233011612277497, 51.48547441232022], [9.233130718490663, 51.48534321843769], [9.23333703573799, 51.48512268642677], [9.233406624479194, 51.48504866323884], [9.233581703752463, 51.48485623635298], [9.233848718586849, 51.484569248668095], [9.23399587345036, 51.4844061787052], [9.233290344284121, 51.48410019388861], [9.232462576338715, 51.483731886701854], [9.231642469381732, 51.48336697658383]]]]}, "properties": {"schlag_id": 133, "name_sl": "Growe", "betrieb_name": "Sebastian Ide-Knorr", "frucht_kurz": "SM", "ha_calc": 4.9729, "inaktiv": 0}}, {"type": "Feature", "geometry": {"type": "MultiPolygon", "coordinates": [[[[9.247250363991817, 51.485334175854426], [9.247513758424645, 51.48550933769149], [9.247701164305758, 51.48563558459826], [9.24790477072978, 51.485775728479375], [9.248022819074258, 51.48585475399968], [9.248117406309325, 51.48593463814351], [9.248155324122674, 51.48597122946761], [9.248463264270782, 51.485981555255776], [9.24852876511567, 51.48615605175152], [9.248353139108735, 51.48615767408951], [9.248461710316707, 51.48634655425533], [9.248487998506056, 51.486452271947726], [9.248520145583512, 51.48658156163693], [9.248586670234477, 51.48687425540328], [9.248626580925022, 51.48703535255968], [9.24868698999155, 51.48729190284469], [9.248717988866192, 51.48740319160044], [9.248732076896296, 51.48744949571486], [9.249162864172147, 51.48730248491873], [9.249691497122964, 51.48711480791831], [9.249671509057547, 51.487114193110095], [9.249690424900361, 51.48704248112892], [9.249694888308335, 51.485420663138946], [9.248710065684218, 51.48539604588057], [9.248618983422709, 51.485385067711036], [9.248590049268454, 51.48538158024221], [9.248434136465233, 51.48537606015616], [9.247250363991817, 51.485334175854426]]]]}, "properties": {"schlag_id": 72, "name_sl": "Steinfeld H.Behälter", "betrieb_name": "Sebastian Ide-Knorr", "frucht_kurz": "SM", "ha_calc": 2.0572, "inaktiv": 0}}, {"type": "Feature", "geometry": {"type": "MultiPolygon", "coordinates": [[[[9.262577280714977, 51.4984182146232], [9.264442479691693, 51.497679912614636], [9.265254489364946, 51.49744574450758], [9.265894915068026, 51.496157869935104], [9.265591462398717, 51.49612844221405], [9.265267257050574, 51.49608615352051], [9.265032431611859, 51.49600493980976], [9.264521252790482, 51.49581248797936], [9.264265328318343, 51.495658179419095], [9.264106399976967, 51.49558969965174], [9.26378909238485, 51.49554739130349], [9.263147660893653, 51.49547569459902], [9.262206360477826, 51.49719446999708], [9.261275385545675, 51.49711910912674], [9.260443901438302, 51.49877308840457], [9.261746646379573, 51.49870046173228], [9.26203900011101, 51.498627048115004], [9.262577280714977, 51.4984182146232]]]]}, "properties": {"schlag_id": 188, "name_sl": "Berg 1", "betrieb_name": "Sebastian Ide-Knorr", "frucht_kurz": "WG", "ha_calc": 6.8179, "inaktiv": 0}}, {"type": "Feature", "geometry": {"type": "MultiPolygon", "coordinates": [[[[9.235564172363672, 51.48656863516795], [9.235410766193104, 51.48673145666535], [9.23519916332031, 51.48695991350737], [9.2351022210765, 51.48706203706851], [9.23745548072359, 51.4881042264037], [9.237545386798468, 51.48800760157022], [9.237764146559282, 51.487771932791176], [9.237918804617625, 51.48760689112305], [9.237943969947548, 51.48758002896062], [9.238012802150076, 51.487505264318564], [9.238016195738503, 51.48750679553825], [9.238125076043593, 51.487382890169236], [9.238235984537091, 51.48725765766319], [9.238329040072673, 51.48715770193447], [9.238650936852725, 51.4868144304559], [9.236329630838478, 51.48576151428631], [9.236332478746366, 51.485758240454174], [9.236322707988005, 51.48575380917605], [9.235976565771256, 51.48612065075819], [9.235884220852517, 51.48622024813728], [9.235759800935837, 51.486353430650794], [9.235670930389006, 51.48644856720821], [9.235672974101023, 51.48644948938547], [9.2355913195064, 51.48653982732284], [9.235564172363672, 51.48656863516795]]]]}, "properties": {"schlag_id": 250, "name_sl": "lange Hecke 1", "betrieb_name": "Sebastian Ide-Knorr", "frucht_kurz": "WG", "ha_calc": 3.3256, "inaktiv": 0}}, {"type": "Feature", "geometry": {"type": "MultiPolygon", "coordinates": [[[[9.236095988960255, 51.4822489875165], [9.235968322937818, 51.48238832210869], [9.2357018870715, 51.48267010155445], [9.235571180124841, 51.4828094994246], [9.235467429230864, 51.48292155113982], [9.2354240141605, 51.482968440827975], [9.23528757499146, 51.4831143204636], [9.234918998664133, 51.48353340576637], [9.235824956926468, 51.483933118735095], [9.23598988498759, 51.48400586383249], [9.237040164219062, 51.48446923126523], [9.237266905767843, 51.48456928424132], [9.237677833046844, 51.48412561545744], [9.237775538009313, 51.48402159352515], [9.237925972229423, 51.483855097716706], [9.238055940620995, 51.48371290888706], [9.238213828054013, 51.4835438799981], [9.238318061229949, 51.483432300431176], [9.238454534007392, 51.48328543034114], [9.236095988960255, 51.4822489875165]]]]}, "properties": {"schlag_id": 197, "name_sl": "Pipperhulle", "betrieb_name": "Sebastian Ide-Knorr", "frucht_kurz": "WW", "ha_calc": 3.2866, "inaktiv": 0}}, {"type": "Feature", "geometry": {"type": "MultiPolygon", "coordinates": [[[[9.249789212365231, 51.48504477298126], [9.249784531856076, 51.485491208216445], [9.249788649887563, 51.48549133426593], [9.249783006341632, 51.485838191446], [9.249784609744815, 51.48594955161647], [9.251474506155574, 51.485993730065815], [9.251699282114211, 51.48555110875903], [9.25199666592199, 51.485115916704636], [9.252116814496146, 51.48493389847388], [9.249782034521468, 51.484772787782696], [9.249789212365231, 51.48504477298126]]]]}, "properties": {"schlag_id": 145, "name_sl": "Steinfeld Wald", "betrieb_name": "Sebastian Ide-Knorr", "frucht_kurz": "WW", "ha_calc": 1.7436, "inaktiv": 0}}, {"type": "Feature", "geometry": {"type": "MultiPolygon", "coordinates": [[[[9.239858796154904, 51.48978474194184], [9.240024771464384, 51.48977465650208], [9.24019031875601, 51.489764330863004], [9.24028340790946, 51.48947912451121], [9.240387006753084, 51.48916128734227], [9.240244386085985, 51.48913679096795], [9.240082012877258, 51.48911208573682], [9.239857998253743, 51.489070424298156], [9.239615818557066, 51.4890566026387], [9.238797488734813, 51.48900258528683], [9.238435447519596, 51.48897150578774], [9.237761005760484, 51.48882983540462], [9.23738431554125, 51.48875851026009], [9.23701567549247, 51.48869528962982], [9.236664615300967, 51.489443674749744], [9.236645429866362, 51.48948457317564], [9.236596361700512, 51.48959845485591], [9.237004099742352, 51.48963875886334], [9.2374079350902, 51.489673774093205], [9.23750328781223, 51.48968155398277], [9.237834135829663, 51.489734990463866], [9.238069492948847, 51.489754105925236], [9.238192909441414, 51.48975960707416], [9.238352039720542, 51.48976656336161], [9.238523843129721, 51.48977412267154], [9.238766931127463, 51.489784772046576], [9.239345288769467, 51.489785567393724], [9.239858796154904, 51.48978474194184]]]]}, "properties": {"schlag_id": 162, "name_sl": "am Königsstuhl", "betrieb_name": "Sebastian Ide-Knorr", "frucht_kurz": "WW", "ha_calc": 2.1788, "inaktiv": 0}}, {"type": "Feature", "geometry": {"type": "MultiPolygon", "coordinates": [[[[9.241456055068927, 51.480417867495746], [9.241468574431407, 51.480335554745864], [9.241474176485191, 51.480221860511804], [9.241483692675553, 51.48002911602849], [9.24149705517153, 51.479758121357726], [9.240899462358934, 51.47969439605057], [9.23990524882021, 51.47958732297763], [9.239710367455254, 51.47956634857254], [9.23862342216044, 51.47944936988438], [9.238572280250885, 51.47971651346365], [9.238523080423962, 51.47995327299893], [9.238509376087704, 51.480019184375024], [9.238495282223505, 51.48010970623985], [9.238455968258656, 51.48030470437438], [9.241455698800626, 51.48062243950482], [9.241456055068927, 51.480417867495746]]]]}, "properties": {"schlag_id": 146, "name_sl": "Küsterhecke 1", "betrieb_name": "Sebastian Ide-Knorr", "frucht_kurz": "WW", "ha_calc": 1.9736, "inaktiv": 0}}, {"type": "Feature", "geometry": {"type": "MultiPolygon", "coordinates": [[[[9.238530801222558, 51.47932687000777], [9.235535314566725, 51.478988243809226], [9.235478249653827, 51.47907068164527], [9.235278608428045, 51.47936781973789], [9.235369118312345, 51.47944553818737], [9.236456970533496, 51.4795697177799], [9.237445160053946, 51.479682584829206], [9.237909802408494, 51.47973565960949], [9.238437819493203, 51.4797959736593], [9.238483779766295, 51.47955625469641], [9.238530801222558, 51.47932687000777]]]]}, "properties": {"schlag_id": 178, "name_sl": "Küsterhecke 2", "betrieb_name": "Sebastian Ide-Knorr", "frucht_kurz": "WW", "ha_calc": 1.14, "inaktiv": 0}}, {"type": "Feature", "geometry": {"type": "MultiPolygon", "coordinates": [[[[9.238958088536624, 51.492906963105895], [9.239270805100395, 51.49290335903599], [9.239577440558165, 51.492920617928334], [9.239889748073843, 51.49294784032754], [9.23989628577893, 51.492883502076936], [9.239986013326314, 51.49206492974198], [9.239042691544531, 51.492003614767455], [9.239004063183149, 51.492416026812236], [9.238958088536624, 51.492906963105895]]]]}, "properties": {"schlag_id": 82, "name_sl": "Bünge 1", "betrieb_name": "Sebastian Ide-Knorr", "frucht_kurz": "WW", "ha_calc": 0.6425, "inaktiv": 0}}, {"type": "Feature", "geometry": {"type": "MultiPolygon", "coordinates": [[[[9.241190771597623, 51.492151527267815], [9.241091271505525, 51.49314921307266], [9.242560157957298, 51.49341210933084], [9.24261112060218, 51.49342122553759], [9.242610255492275, 51.49342911891923], [9.242939539692662, 51.49348009957956], [9.243386424489703, 51.493561610143644], [9.243604833369218, 51.49359261407297], [9.243650855845814, 51.4935583002422], [9.243717774063388, 51.49350841133965], [9.2438073908086, 51.4923613605696], [9.243734453263603, 51.492356919542615], [9.243032588272593, 51.49231413107088], [9.242705187902725, 51.49229089335248], [9.242641054665214, 51.49228499530963], [9.241190771597623, 51.492151527267815]]]]}, "properties": {"schlag_id": 2, "name_sl": "Bünge 2", "betrieb_name": "Sebastian Ide-Knorr", "frucht_kurz": "WW", "ha_calc": 2.2805, "inaktiv": 0}}, {"type": "Feature", "geometry": {"type": "MultiPolygon", "coordinates": [[[[9.245637072247762, 51.49235330135304], [9.245200250766723, 51.49235879932822], [9.244748733591925, 51.49236145218339], [9.244490458955738, 51.492367654962855], [9.244444556624645, 51.4928751694795], [9.244373153675136, 51.493664713307275], [9.244622209864866, 51.49368333799113], [9.245062551816975, 51.493713965020824], [9.24549597769471, 51.49374478397551], [9.245531714375192, 51.49339229183801], [9.245571445301401, 51.4930003133837], [9.245597840782029, 51.49274016064345], [9.245637072247762, 51.49235330135304]]]]}, "properties": {"schlag_id": 220, "name_sl": "Bünge 3", "betrieb_name": "Sebastian Ide-Knorr", "frucht_kurz": "WW", "ha_calc": 1.182, "inaktiv": 0}}, {"type": "Feature", "geometry": {"type": "MultiPolygon", "coordinates": [[[[9.250071638346746, 51.492297612400336], [9.248822020249964, 51.49231309059577], [9.248821997424814, 51.492313338685214], [9.247826936263968, 51.49232585041933], [9.247768968383907, 51.492891113590495], [9.24768918986006, 51.49363365153084], [9.248332224341688, 51.49347130753502], [9.248729052872013, 51.493323669804006], [9.248729016592828, 51.493324063452604], [9.248956427233308, 51.493239069334294], [9.249056022421327, 51.49320201388668], [9.249435461169282, 51.49297083669985], [9.249496036348368, 51.49291375849513], [9.249817208188489, 51.49261112517823], [9.250054797093084, 51.49237468206112], [9.250071638346746, 51.492297612400336]]]]}, "properties": {"schlag_id": 174, "name_sl": "Bünge 4", "betrieb_name": "Sebastian Ide-Knorr", "frucht_kurz": "WW", "ha_calc": 1.5188, "inaktiv": 0}}, {"type": "Feature", "geometry": {"type": "MultiPolygon", "coordinates": [[[[9.244859097108362, 51.49098897098718], [9.244846317002269, 51.49112123998073], [9.244798661424738, 51.49165784398924], [9.244743002017563, 51.49228614409571], [9.245409306699289, 51.49227593964005], [9.245462776412465, 51.491643778997314], [9.245511918119218, 51.491063758753505], [9.245529913769621, 51.49086562468654], [9.244859097108362, 51.49098897098718]]]]}, "properties": {"schlag_id": 13, "name_sl": "Bünge 5", "betrieb_name": "Sebastian Ide-Knorr", "frucht_kurz": "WW", "ha_calc": 0.6926, "inaktiv": 0}}, {"type": "Feature", "geometry": {"type": "MultiPolygon", "coordinates": [[[[9.236361495663843, 51.48555283788379], [9.234010727278417, 51.484502742844406], [9.233921712884838, 51.48459867477701], [9.233910412780475, 51.48461253892056], [9.233719851345999, 51.48481713145234], [9.234547066296061, 51.48518462089051], [9.234711256030105, 51.4852573382144], [9.23521658155946, 51.48548114440707], [9.23537370890978, 51.48554931915196], [9.23608203085444, 51.485859511447934], [9.236221726078671, 51.48570815537221], [9.236270284056278, 51.485655547926235], [9.236281725065936, 51.48564051551651], [9.236361495663843, 51.48555283788379]]]]}, "properties": {"schlag_id": 107, "name_sl": "Stadtweg 2", "betrieb_name": "Sebastian Ide-Knorr", "frucht_kurz": "WW", "ha_calc": 0.7989, "inaktiv": 0}}, {"type": "Feature", "geometry": {"type": "MultiPolygon", "coordinates": [[[[9.25228291122888, 51.494889569648095], [9.253800985707153, 51.495207779619754], [9.253801326846181, 51.49520707633853], [9.25404689719086, 51.494700778518016], [9.252899519630489, 51.494481910924776], [9.252664758394499, 51.49461245098753], [9.25265605741991, 51.494618765978416], [9.25228291122888, 51.494889569648095]]]]}, "properties": {"schlag_id": 26, "name_sl": "Steinbruch", "betrieb_name": "Sebastian Ide-Knorr", "frucht_kurz": "WW", "ha_calc": 0.5658, "inaktiv": 0}}, {"type": "Feature", "geometry": {"type": "MultiPolygon", "coordinates": [[[[9.239730920662797, 51.48539554513685], [9.239765450179192, 51.485358208997646], [9.240278010463292, 51.4848037580845], [9.239985932649454, 51.48444818736867], [9.239806097166856, 51.484163054567276], [9.239223360229476, 51.48479620727544], [9.238924905186668, 51.48512093039949], [9.238415688849695, 51.48566674430151], [9.23822848719598, 51.485856263270364], [9.238590559322565, 51.48601298022771], [9.238955040805081, 51.486170752624304], [9.238984845064305, 51.48617745982968], [9.239256494520625, 51.48590439610442], [9.239730920662797, 51.48539554513685]]]]}, "properties": {"schlag_id": 210, "name_sl": "beim Heiligenstock", "betrieb_name": "Sebastian Ide-Knorr", "frucht_kurz": "ZR", "ha_calc": 1.2538, "inaktiv": 0}}, {"type": "Feature", "geometry": {"type": "MultiPolygon", "coordinates": [[[[9.240046997246566, 51.48661588552209], [9.239955671736078, 51.48671565304675], [9.23942865266148, 51.487291356566686], [9.239303006081554, 51.48742750600037], [9.238989451903889, 51.48776728015508], [9.23851028174549, 51.48828292152383], [9.238391848666193, 51.488409195227455], [9.238026494629672, 51.488798750028145], [9.23817548970205, 51.488822984421276], [9.23849108911158, 51.48887986570561], [9.238658025686384, 51.48889345690737], [9.239254856996029, 51.488932414759695], [9.239661295485549, 51.48895989540675], [9.239772971588726, 51.48883861377437], [9.239968306684206, 51.488626469591836], [9.240250089951052, 51.48832043676351], [9.24053155161862, 51.48801965309597], [9.240652644182745, 51.48788848213954], [9.240824855256585, 51.487701937505555], [9.241037590578866, 51.48747150075889], [9.241376278323308, 51.48709901509678], [9.240572450426521, 51.48681586269427], [9.240046997246566, 51.48661588552209]]]]}, "properties": {"schlag_id": 105, "name_sl": "Hulle", "betrieb_name": "Sebastian Ide-Knorr", "frucht_kurz": "ZR", "ha_calc": 2.7905, "inaktiv": 0}}, {"type": "Feature", "geometry": {"type": "MultiPolygon", "coordinates": [[[[9.253484512090026, 51.467276597283806], [9.253912329699384, 51.46799577412499], [9.254263736219135, 51.467974815970756], [9.256499198284388, 51.468000307167834], [9.255937116880554, 51.46678794670696], [9.253484512090026, 51.467276597283806]]]]}, "properties": {"schlag_id": 212, "name_sl": "Halbe", "betrieb_name": "Uwe Rüddenklau", "frucht_kurz": "AB", "ha_calc": 1.9509, "inaktiv": 0}}, {"type": "Feature", "geometry": {"type": "MultiPolygon", "coordinates": [[[[9.269737810621631, 51.467319157709184], [9.271590789006991, 51.46742082753279], [9.271595557689924, 51.466537247741485], [9.269759229497748, 51.46648350614636], [9.269737810621631, 51.467319157709184]]]]}, "properties": {"schlag_id": 115, "name_sl": "Hohewiese", "betrieb_name": "Uwe Rüddenklau", "frucht_kurz": "AB", "ha_calc": 1.2258, "inaktiv": 0}}, {"type": "Feature", "geometry": {"type": "MultiPolygon", "coordinates": [[[[9.272176678570263, 51.47089041817932], [9.273777436286862, 51.47124737994238], [9.273978643857467, 51.470992624512114], [9.274270653720672, 51.470162247024916], [9.274308499588248, 51.469843757112656], [9.2729526976174, 51.469708455190215], [9.272176678570263, 51.47089041817932]]]]}, "properties": {"schlag_id": 154, "name_sl": "Ziegenberg", "betrieb_name": "Uwe Rüddenklau", "frucht_kurz": "AB", "ha_calc": 1.6811, "inaktiv": 0}}, {"type": "Feature", "geometry": {"type": "MultiPolygon", "coordinates": [[[[9.253870681518572, 51.47169875238174], [9.25396593127626, 51.473250679259515], [9.255804869966525, 51.47350114640066], [9.255702596037647, 51.47194245161558], [9.253870681518572, 51.47169875238174]]]]}, "properties": {"schlag_id": 71, "name_sl": "Berg II", "betrieb_name": "Uwe Rüddenklau", "frucht_kurz": "---", "ha_calc": 2.1862, "inaktiv": 0}}, {"type": "Feature", "geometry": {"type": "MultiPolygon", "coordinates": [[[[9.237780010691836, 51.45957199364794], [9.237941399773433, 51.460918691282174], [9.23878205396821, 51.46085796796889], [9.238598300545716, 51.459511887839035], [9.237780010691836, 51.45957199364794]]]]}, "properties": {"schlag_id": 32, "name_sl": "Höhe I", "betrieb_name": "Uwe Rüddenklau", "frucht_kurz": "---", "ha_calc": 0.8709, "inaktiv": 0}}, {"type": "Feature", "geometry": {"type": "MultiPolygon", "coordinates": [[[[9.238991975465897, 51.457986841319546], [9.240047315504427, 51.45936545108226], [9.240462366203309, 51.45933121163097], [9.239418628877656, 51.45799900469323], [9.238991975465897, 51.457986841319546]]]]}, "properties": {"schlag_id": 138, "name_sl": "Höhe II", "betrieb_name": "Uwe Rüddenklau", "frucht_kurz": "---", "ha_calc": 0.4497, "inaktiv": 0}}, {"type": "Feature", "geometry": {"type": "MultiPolygon", "coordinates": [[[[9.247832024275883, 51.47120145709555], [9.247887515672007, 51.4721307799988], [9.249918436869946, 51.471906912461435], [9.249822023999334, 51.47098211259401], [9.247832024275883, 51.47120145709555]]]]}, "properties": {"schlag_id": 239, "name_sl": "Sportplaz", "betrieb_name": "Uwe Rüddenklau", "frucht_kurz": "---", "ha_calc": 1.4527, "inaktiv": 0}}, {"type": "Feature", "geometry": {"type": "MultiPolygon", "coordinates": [[[[9.241430036186422, 51.46500659654857], [9.241542303975681, 51.4666566725689], [9.246285964568033, 51.465916224217175], [9.246120397166653, 51.46461861978973], [9.241430036186422, 51.46500659654857]]]]}, "properties": {"schlag_id": 100, "name_sl": "Buschweg", "betrieb_name": "Uwe Rüddenklau", "frucht_kurz": "SM", "ha_calc": 5.4314, "inaktiv": 0}}, {"type": "Feature", "geometry": {"type": "MultiPolygon", "coordinates": [[[[9.238386298344745, 51.466836089058056], [9.238498839005196, 51.467694429163245], [9.240671067925783, 51.46773320576918], [9.240568833081067, 51.466900209591515], [9.240489619802302, 51.46683662314524], [9.238386298344745, 51.466836089058056]]]]}, "properties": {"schlag_id": 184, "name_sl": "Walme Teich", "betrieb_name": "Uwe Rüddenklau", "frucht_kurz": "SM", "ha_calc": 1.4698, "inaktiv": 0}}, {"type": "Feature", "geometry": {"type": "MultiPolygon", "coordinates": [[[[9.252055105877126, 51.46991788818258], [9.252144826536561, 51.4713434205552], [9.25219055173518, 51.47138847996319], [9.25227758654752, 51.47141761328007], [9.252663186926014, 51.47147232400211], [9.252574572431707, 51.46996652819444], [9.252055105877126, 51.46991788818258]]]]}, "properties": {"schlag_id": 22, "name_sl": "Berg III", "betrieb_name": "Uwe Rüddenklau", "frucht_kurz": "WG", "ha_calc": 0.5906, "inaktiv": 0}}, {"type": "Feature", "geometry": {"type": "MultiPolygon", "coordinates": [[[[9.250069638523488, 51.47330613625204], [9.25024747736966, 51.47599402452672], [9.25242759643238, 51.4760916043969], [9.252192605916777, 51.473070684239154], [9.250069638523488, 51.47330613625204]]]]}, "properties": {"schlag_id": 125, "name_sl": "vorm Brand", "betrieb_name": "Uwe Rüddenklau", "frucht_kurz": "WG", "ha_calc": 4.7545, "inaktiv": 0}}, {"type": "Feature", "geometry": {"type": "MultiPolygon", "coordinates": [[[[9.239346992078032, 51.465105885216175], [9.239446553354593, 51.46677247967586], [9.240540885117884, 51.46678447116111], [9.2404357938724, 51.4651080422735], [9.240350819553935, 51.4650683208372], [9.239346992078032, 51.465105885216175]]]]}, "properties": {"schlag_id": 129, "name_sl": "2011-00/ Walme Uwe", "betrieb_name": "Uwe Rüddenklau", "frucht_kurz": "WR", "ha_calc": 1.4256, "inaktiv": 0}}, {"type": "Feature", "geometry": {"type": "MultiPolygon", "coordinates": [[[[9.245694157394308, 51.46184195624467], [9.245754733262089, 51.461960259817154], [9.24659647012153, 51.46311460231441], [9.246761827435689, 51.46306280803147], [9.247046458887574, 51.462856173780416], [9.24752828225797, 51.46243974102249], [9.248112151165081, 51.462225920180295], [9.248530264555825, 51.4621089960075], [9.2480071004627, 51.46127905786766], [9.246673793679625, 51.46159435141651], [9.245694157394308, 51.46184195624467]]]]}, "properties": {"schlag_id": 168, "name_sl": "Grundweg", "betrieb_name": "Uwe Rüddenklau", "frucht_kurz": "WR", "ha_calc": 2.0577, "inaktiv": 0}}, {"type": "Feature", "geometry": {"type": "MultiPolygon", "coordinates": [[[[9.240047798110929, 51.45942544997672], [9.240133450356547, 51.46076208939539], [9.241897012734102, 51.4606432496231], [9.24177638000505, 51.45929033333681], [9.24009361774826, 51.45939284589494], [9.240047798110929, 51.45942544997672]]]]}, "properties": {"schlag_id": 293, "name_sl": "Höhe", "betrieb_name": "Uwe Rüddenklau", "frucht_kurz": "WR", "ha_calc": 1.8437, "inaktiv": 0}}, {"type": "Feature", "geometry": {"type": "MultiPolygon", "coordinates": [[[[9.242705498677084, 51.462115617793216], [9.242825083715509, 51.46340798538809], [9.246376044045073, 51.46313760983889], [9.24548326828681, 51.46192564795291], [9.245357500277306, 51.461885889378664], [9.242705498677084, 51.462115617793216]]]]}, "properties": {"schlag_id": 195, "name_sl": "Sterdacker", "betrieb_name": "Uwe Rüddenklau", "frucht_kurz": "WR", "ha_calc": 3.2032, "inaktiv": 0}}, {"type": "Feature", "geometry": {"type": "MultiPolygon", "coordinates": [[[[9.237871289996411, 51.47399629365199], [9.238175838114481, 51.47406175259327], [9.238127586249744, 51.47410865661022], [9.238365989731763, 51.47417149642826], [9.240787835916757, 51.47443911039483], [9.240759930015015, 51.47416383980089], [9.240746035316441, 51.474037217498875], [9.24074047864682, 51.473819719770994], [9.240742620579303, 51.47339020356932], [9.237028678986878, 51.473045369249164], [9.23695844095524, 51.473103330472284], [9.23680450966661, 51.473175227542264], [9.238129005311977, 51.47353597137605], [9.237871289996411, 51.47399629365199]]]]}, "properties": {"schlag_id": 15, "name_sl": "Achfeld", "betrieb_name": "Uwe Rüddenklau", "frucht_kurz": "WW", "ha_calc": 2.3764, "inaktiv": 0}}, {"type": "Feature", "geometry": {"type": "MultiPolygon", "coordinates": [[[[9.250009154125136, 51.472003590654076], [9.25009782328417, 51.47323505964325], [9.25217291912481, 51.47301406049032], [9.25217842523356, 51.472987871686975], [9.252118734349759, 51.47178978503617], [9.250009154125136, 51.472003590654076]]]]}, "properties": {"schlag_id": 58, "name_sl": "Berg I", "betrieb_name": "Uwe Rüddenklau", "frucht_kurz": "WW", "ha_calc": 1.9996, "inaktiv": 0}}, {"type": "Feature", "geometry": {"type": "MultiPolygon", "coordinates": [[[[9.257097035474793, 51.47519291252644], [9.258322821561423, 51.47536493241378], [9.259226661889507, 51.47400266980321], [9.257107157555243, 51.4737204399217], [9.257097035474793, 51.47519291252644]]]]}, "properties": {"schlag_id": 1, "name_sl": "Berg Spitze", "betrieb_name": "Uwe Rüddenklau", "frucht_kurz": "WW", "ha_calc": 1.9113, "inaktiv": 0}}, {"type": "Feature", "geometry": {"type": "MultiPolygon", "coordinates": [[[[9.227475240365804, 51.46688552964154], [9.227551205044518, 51.46810791974474], [9.228639175794573, 51.468099534796714], [9.229637889990753, 51.46814603953178], [9.229528317817204, 51.46683681135449], [9.227475240365804, 51.46688552964154]]]]}, "properties": {"schlag_id": 12, "name_sl": "Herlinghausen", "betrieb_name": "Uwe Rüddenklau", "frucht_kurz": "WW", "ha_calc": 2.0016, "inaktiv": 0}}, {"type": "Feature", "geometry": {"type": "MultiPolygon", "coordinates": [[[[9.229342945665357, 51.462055696534385], [9.230072738631984, 51.46189579102038], [9.2301677832496, 51.46304169879291], [9.232020026103354, 51.462843545960496], [9.232229636234658, 51.46033898378217], [9.22985048985025, 51.46054240144474], [9.229647981108705, 51.46122491894928], [9.229342945665357, 51.462055696534385]]]]}, "properties": {"schlag_id": 60, "name_sl": "Kalkhecke", "betrieb_name": "Uwe Rüddenklau", "frucht_kurz": "WW", "ha_calc": 4.4292, "inaktiv": 0}}, {"type": "Feature", "geometry": {"type": "MultiPolygon", "coordinates": [[[[9.227768014105656, 51.4642638089287], [9.227846319984854, 51.46534996057793], [9.230271951201008, 51.46529498876462], [9.230147981146981, 51.46421422813438], [9.227768014105656, 51.4642638089287]]]]}, "properties": {"schlag_id": 56, "name_sl": "Kirmeshagen I", "betrieb_name": "Uwe Rüddenklau", "frucht_kurz": "WW", "ha_calc": 2.0153, "inaktiv": 0}}, {"type": "Feature", "geometry": {"type": "MultiPolygon", "coordinates": [[[[9.229078855503463, 51.462811809353546], [9.229230252096873, 51.46418829833666], [9.230137880186627, 51.464158824304725], [9.230095116721245, 51.46279182667016], [9.229078855503463, 51.462811809353546]]]]}, "properties": {"schlag_id": 113, "name_sl": "Kirmeshagen II", "betrieb_name": "Uwe Rüddenklau", "frucht_kurz": "WW", "ha_calc": 1.0213, "inaktiv": 0}}, {"type": "Feature", "geometry": {"type": "MultiPolygon", "coordinates": [[[[9.233981218684939, 51.46907029294504], [9.233929692187283, 51.46949138804077], [9.233929692187283, 51.46949138804077], [9.237246936748116, 51.469611375894026], [9.237280634591828, 51.469208943466725], [9.233981218684939, 51.46907029294504]]]]}, "properties": {"schlag_id": 206, "name_sl": "u.d.Stubbig Uwe", "betrieb_name": "Uwe Rüddenklau", "frucht_kurz": "WW", "ha_calc": 1.0566, "inaktiv": 0}}, {"type": "Feature", "geometry": {"type": "MultiPolygon", "coordinates": [[[[9.235645658330254, 51.46115838264102], [9.235825578782498, 51.462644998032864], [9.236701343297014, 51.46257965789691], [9.23653434583564, 51.461092990702326], [9.235645658330254, 51.46115838264102]]]]}, "properties": {"schlag_id": 330, "name_sl": "Vorlingen", "betrieb_name": "Uwe Rüddenklau", "frucht_kurz": "WW", "ha_calc": 1.0221, "inaktiv": 0}}, {"type": "Feature", "geometry": {"type": "MultiPolygon", "coordinates": [[[[9.24059692101386, 51.465062193786046], [9.240714403978835, 51.466785794418904], [9.241529964920801, 51.46666080073315], [9.241422225194503, 51.46500108163629], [9.24059692101386, 51.465062193786046]]]]}, "properties": {"schlag_id": 175, "name_sl": "Buschweg I", "betrieb_name": "Volker Rüddenklau", "frucht_kurz": "SM", "ha_calc": 1.0803, "inaktiv": 0}}, {"type": "Feature", "geometry": {"type": "MultiPolygon", "coordinates": [[[[9.24044703538376, 51.463655598019024], [9.240550708011185, 51.464149934641135], [9.240593124175305, 51.46499750165694], [9.241379949261768, 51.464957880842334], [9.241298089537102, 51.46359261718483], [9.24044703538376, 51.463655598019024]]]]}, "properties": {"schlag_id": 158, "name_sl": "Buschweg II", "betrieb_name": "Volker Rüddenklau", "frucht_kurz": "WG", "ha_calc": 0.8351, "inaktiv": 0}}, {"type": "Feature", "geometry": {"type": "MultiPolygon", "coordinates": [[[[9.237818023185465, 51.465155770417], [9.237859542345108, 51.46675205368766], [9.23848932827055, 51.46676445177449], [9.238455803033474, 51.46513083001256], [9.237818023185465, 51.465155770417]]]]}, "properties": {"schlag_id": 256, "name_sl": "Walme II", "betrieb_name": "Volker Rüddenklau", "frucht_kurz": "WG", "ha_calc": 0.7909, "inaktiv": 0}}, {"type": "Feature", "geometry": {"type": "MultiPolygon", "coordinates": [[[[9.237971546208305, 51.46097477106769], [9.238119037935741, 51.462434238375025], [9.240204368569334, 51.462268070078956], [9.240098382321351, 51.46085214674715], [9.240032717642537, 51.46081514408306], [9.237971546208305, 51.46097477106769]]]]}, "properties": {"schlag_id": 322, "name_sl": "Buschweg III", "betrieb_name": "Volker Rüddenklau", "frucht_kurz": "WW", "ha_calc": 2.387, "inaktiv": 0}}, {"type": "Feature", "geometry": {"type": "MultiPolygon", "coordinates": [[[[9.23220257993134, 51.469006436060404], [9.23223187459033, 51.46940995890768], [9.232446701616718, 51.46952680206604], [9.233991676076085, 51.469527461322954], [9.23396469837392, 51.469046799165895], [9.23220257993134, 51.469006436060404]]]]}, "properties": {"schlag_id": 177, "name_sl": "unterm Stubbig N", "betrieb_name": "Volker Rüddenklau", "frucht_kurz": "WW", "ha_calc": 0.6693, "inaktiv": 0}}, {"type": "Feature", "geometry": {"type": "MultiPolygon", "coordinates": [[[[9.271698898349964, 51.46530815615761], [9.274330007657193, 51.46542460597076], [9.274460058385657, 51.464324254904966], [9.271780705086133, 51.46423096392749], [9.271698898349964, 51.46530815615761]]]]}, "properties": {"schlag_id": 101, "name_sl": "Am Ziegenberg", "betrieb_name": "Volker Rüddenklau", "frucht_kurz": "WW", "ha_calc": 2.242, "inaktiv": 0}}, {"type": "Feature", "geometry": {"type": "MultiPolygon", "coordinates": [[[[9.271698898349964, 51.46530815615761], [9.274330007657193, 51.46542460597076], [9.274460058385657, 51.464324254904966], [9.271780705086133, 51.46423096392749], [9.271698898349964, 51.46530815615761]]]]}, "properties": {"schlag_id": 101, "name_sl": "Am Ziegenberg", "betrieb_name": "Volker Rüddenklau", "frucht_kurz": "WW", "ha_calc": 2.242, "inaktiv": 0}}, {"type": "Feature", "geometry": {"type": "MultiPolygon", "coordinates": [[[[9.23205174212046, 51.46269287602865], [9.232413485948095, 51.46265120702565], [9.232939769166265, 51.46262580238639], [9.233300704691139, 51.46267379785848], [9.233525133567552, 51.462715975519984], [9.233647916867975, 51.462800530581156], [9.23499712697067, 51.46271302680953], [9.234843099045689, 51.461197081940426], [9.232173993197916, 51.46140968364788], [9.23205174212046, 51.46269287602865]]]]}, "properties": {"schlag_id": 202, "name_sl": "Kalkhecke II", "betrieb_name": "Volker Rüddenklau", "frucht_kurz": "WW", "ha_calc": 3.047, "inaktiv": 0}}]}